page_id,title,html_file_size,text_file_size,is_disambiguation_page,infobox_count,num_annotations,主権国家,主要都市,人口,人口データの年,人口密度,公用語,別名,国名の謂れ,地形,宗教,成立年,戦争,所在地,条約,正式名称,消滅年,現在の地名,読み,通貨,隣国,面積,首都
48,古代エジプト,133258,47736,False,0,,,,,,,,,,,,,,,,,,,,,,,
49,エジプト,263236,62504,False,0,,,,,,,,,,,,,,,,,,,,,,,
74,オーストリア,303997,80752,False,0,148,0,37,1,1,1,2,37,2,26,7,4,0,4,3,4,0,0,0,5,10,1,3
100,インドネシア,317045,89287,False,0,,,,,,,,,,,,,,,,,,,,,,,
101,イラク,309279,91230,False,0,240,0,27,1,1,1,6,9,2,72,53,6,34,3,2,3,0,0,0,4,12,1,3
102,イラン,386900,105068,False,0,,,,,,,,,,,,,,,,,,,,,,,
106,チュニジア,229097,57647,False,0,,,,,,,,,,,,,,,,,,,,,,,
107,トルコ,295039,82462,False,0,,,,,,,,,,,,,,,,,,,,,,,
109,ロシア,403915,106924,False,1,,,,,,,,,,,,,,,,,,,,,,,
1201,コスタリカ,221211,64070,False,0,,,,,,,,,,,,,,,,,,,,,,,
1468,ラオス,203161,53659,False,0,,,,,,,,,,,,,,,,,,,,,,,
1903,中華人民共和国,488511,128527,False,1,,,,,,,,,,,,,,,,,,,,,,,
2009,インド,562969,161512,False,2,,,,,,,,,,,,,,,,,,,,,,,
2626,パラグアイ,183058,53795,False,0,118,0,22,1,1,1,4,13,2,17,4,3,11,12,1,8,0,0,1,2,11,1,3
2635,アルゼンチン,464962,143852,False,0,,,,,,,,,,,,,,,,,,,,,,,
2851,ウルグアイ,235360,60533,False,0,,,,,,,,,,,,,,,,,,,,,,,
2862,チリ,399458,111623,False,0,191,0,23,1,1,1,4,15,2,52,11,3,23,34,1,3,0,0,0,2,7,1,7
2863,ボリビア,222000,64721,False,0,,,,,,,,,,,,,,,,,,,,,,,
2872,ペルー,275883,78707,False,0,,,,,,,,,,,,,,,,,,,,,,,
2878,メキシコ,336392,92174,False,0,182,0,40,2,2,1,1,14,1,37,13,2,18,3,18,3,0,0,0,3,16,2,6
3259,スイス,237315,62202,False,0,,,,,,,,,,,,,,,,,,,,,,,
3374,イタリア,458935,127572,False,1,,,,,,,,,,,,,,,,,,,,,,,
3389,バチカン,195768,54098,False,0,,,,,,,,,,,,,,,,,,,,,,,
3492,インカ帝国,186257,53195,False,0,48,0,3,1,1,0,4,6,2,9,2,4,4,1,0,1,3,2,1,0,0,1,3
3505,セルビア・モンテネグロ,82235,23381,False,0,,,,,,,,,,,,,,,,,,,,,,,
3837,オスマン帝国,350909,112967,False,0,,,,,,,,,,,,,,,,,,,,,,,
3861,エクアドル,205461,52990,False,0,,,,,,,,,,,,,,,,,,,,,,,
4209,ソビエト連邦,498849,148760,False,1,,,,,,,,,,,,,,,,,,,,,,,
4361,イスラエル,431461,133391,False,0,,,,,,,,,,,,,,,,,,,,,,,
4381,ギリシャ,262454,63980,False,0,106,0,5,1,1,1,3,22,4,22,6,3,11,2,5,7,0,0,2,4,5,1,1
4418,サウジアラビア,240159,69823,False,0,,,,,,,,,,,,,,,,,,,,,,,
4441,クウェート,147134,32346,False,0,,,,,,,,,,,,,,,,,,,,,,,
4508,スリランカ,278136,69308,False,0,,,,,,,,,,,,,,,,,,,,,,,
4512,アフガニスタン,322676,78095,False,0,98,0,9,1,1,1,5,22,1,3,15,2,15,1,3,5,0,0,0,2,6,1,5
4596,ポルトガル,326944,85707,False,1,,,,,,,,,,,,,,,,,,,,,,,
5116,ナイジェリア,264980,63048,False,0,,,,,,,,,,,,,,,,,,,,,,,
5190,大和,36979,12229,False,0,,,,,,,,,,,,,,,,,,,,,,,
5260,李氏朝鮮,286721,116947,False,1,,,,,,,,,,,,,,,,,,,,,,,
5262,五大国,40956,10506,False,0,,,,,,,,,,,,,,,,,,,,,,,
5362,ロシア共和国,21646,6126,True,0,,,,,,,,,,,,,,,,,,,,,,,
5935,ヨルダン,132937,29455,False,0,86,0,17,1,1,1,2,19,2,15,4,2,4,1,1,6,0,0,0,2,5,1,2
6139,パキスタン,259292,61611,False,1,,,,,,,,,,,,,,,,,,,,,,,
6279,レバノン,205367,57369,False,0,,,,,,,,,,,,,,,,,,,,,,,
6336,イエメン,178230,39447,False,0,,,,,,,,,,,,,,,,,,,,,,,
6337,オマーン,131817,27325,False,0,,,,,,,,,,,,,,,,,,,,,,,
6339,ユーゴスラビア,180178,52413,False,0,,,,,,,,,,,,,,,,,,,,,,,
6340,ネパール,281430,83529,False,0,,,,,,,,,,,,,,,,,,,,,,,
6342,クロアチア,176986,40742,False,0,,,,,,,,,,,,,,,,,,,,,,,
6344,デンマーク王国,63851,17569,False,1,,,,,,,,,,,,,,,,,,,,,,,
6345,ネパール王国,59121,15673,False,0,,,,,,,,,,,,,,,,,,,,,,,
6351,スロベニア,224590,58038,False,0,,,,,,,,,,,,,,,,,,,,,,,
6352,アイルランド,282399,62406,False,1,,,,,,,,,,,,,,,,,,,,,,,
6355,ポーランド,575043,186772,False,0,,,,,,,,,,,,,,,,,,,,,,,
6358,バーレーン,129197,28519,False,0,,,,,,,,,,,,,,,,,,,,,,,
6361,ニュージーランド,248122,60030,False,0,,,,,,,,,,,,,,,,,,,,,,,
6362,ジャマイカ,162555,37560,False,0,,,,,,,,,,,,,,,,,,,,,,,
6364,アルメニア,161156,34911,False,0,83,0,9,1,1,1,2,10,2,19,5,3,0,6,0,5,0,0,1,2,9,1,6
6367,ノルウェー,192850,44066,False,0,66,0,4,1,1,1,9,9,0,9,8,2,2,5,3,3,0,0,0,2,3,2,2
6368,トルクメニスタン,180424,38614,False,0,,,,,,,,,,,,,,,,,,,,,,,
6370,コロンビア,325873,91379,False,0,,,,,,,,,,,,,,,,,,,,,,,
6372,チェコ,230569,48480,False,0,236,0,155,1,1,1,2,6,0,14,10,3,18,5,0,3,0,0,0,2,9,1,5
6374,ブータン,187710,61369,False,0,,,,,,,,,,,,,,,,,,,,,,,
6376,エストニア,182002,36882,False,0,,,,,,,,,,,,,,,,,,,,,,,
6378,モロッコ,248692,65687,False,0,,,,,,,,,,,,,,,,,,,,,,,
6382,ソマリア,176971,47046,False,0,,,,,,,,,,,,,,,,,,,,,,,
6383,スロバキア共和国,21811,6121,True,0,,,,,,,,,,,,,,,,,,,,,,,
6384,スロバキア,200595,43993,False,0,67,0,13,1,1,1,2,10,3,4,4,6,0,2,0,2,0,0,0,6,8,1,3
6406,アラブ首長国連邦,177137,46584,False,0,,,,,,,,,,,,,,,,,,,,,,,
6946,キプロス,206524,55892,False,0,,,,,,,,,,,,,,,,,,,,,,,
6947,バングラデシュ,222384,64654,False,1,,,,,,,,,,,,,,,,,,,,,,,
6948,ブルネイ,144551,30764,False,0,,,,,,,,,,,,,,,,,,,,,,,
6953,アルジェリア,213711,49716,False,0,,,,,,,,,,,,,,,,,,,,,,,
6954,アンゴラ,223735,58426,False,0,,,,,,,,,,,,,,,,,,,,,,,
6956,ウガンダ,139698,32950,False,0,,,,,,,,,,,,,,,,,,,,,,,
6961,ガーナ,180126,39620,False,0,,,,,,,,,,,,,,,,,,,,,,,
6963,カメルーン,177590,37964,False,0,,,,,,,,,,,,,,,,,,,,,,,
6965,ギニア,134733,29669,False,0,,,,,,,,,,,,,,,,,,,,,,,
6968,ケニア,171042,42566,False,0,72,0,13,2,2,1,4,6,1,8,7,3,0,4,0,5,0,0,0,2,6,1,7
6970,マリ共和国,175853,35190,False,0,,,,,,,,,,,,,,,,,,,,,,,
6972,マリ帝国,56514,14795,False,0,,,,,,,,,,,,,,,,,,,,,,,
6974,スーダン,206972,52713,False,0,,,,,,,,,,,,,,,,,,,,,,,
6975,モザンビーク,238991,56213,False,0,,,,,,,,,,,,,,,,,,,,,,,
7800,ローマ帝国,136914,45364,False,0,,,,,,,,,,,,,,,,,,,,,,,
7838,ドイツ連邦,80830,16044,False,7,34,0,0,0,0,0,1,12,0,0,0,5,3,0,2,0,5,0,1,0,0,0,5
8132,ニジェール,144329,29882,False,0,,,,,,,,,,,,,,,,,,,,,,,
8133,ルーマニア,175105,37003,False,1,,,,,,,,,,,,,,,,,,,,,,,
8352,イギリス連邦,217875,53875,False,1,,,,,,,,,,,,,,,,,,,,,,,
8406,ハンガリー,253550,58849,False,0,,,,,,,,,,,,,,,,,,,,,,,
8435,ウクライナ,531265,138220,False,0,,,,,,,,,,,,,,,,,,,,,,,
8437,マケドニア共和国,208591,60952,False,0,,,,,,,,,,,,,,,,,,,,,,,
8593,コンゴ民主共和国,223025,53793,False,0,,,,,,,,,,,,,,,,,,,,,,,
8594,ザイール,59009,17507,False,0,,,,,,,,,,,,,,,,,,,,,,,
8596,モーリタニア,168731,38958,False,0,,,,,,,,,,,,,,,,,,,,,,,
8599,カザフスタン,263925,56833,False,0,,,,,,,,,,,,,,,,,,,,,,,
8600,ジブチ,162758,33571,False,0,,,,,,,,,,,,,,,,,,,,,,,
8603,コモロ,113435,23689,False,0,,,,,,,,,,,,,,,,,,,,,,,
8609,東ティモール,163216,46814,False,0,,,,,,,,,,,,,,,,,,,,,,,
8853,アルバニア,202765,45982,False,0,,,,,,,,,,,,,,,,,,,,,,,
8854,ボスニア・ヘルツェゴビナ,193542,48113,False,0,,,,,,,,,,,,,,,,,,,,,,,
8855,ベラルーシ,170681,47779,False,1,,,,,,,,,,,,,,,,,,,,,,,
8856,タンザニア,183125,48812,False,0,87,0,13,1,1,1,5,7,2,26,4,2,2,1,0,4,0,0,0,2,8,2,6
8992,東ローマ帝国,367855,101855,False,0,,,,,,,,,,,,,,,,,,,,,,,
9008,ユーゴスラビア連邦共和国,91315,27764,False,0,,,,,,,,,,,,,,,,,,,,,,,
9035,オランダ王国,156092,53203,False,1,,,,,,,,,,,,,,,,,,,,,,,
9060,フィジー,111601,30667,False,0,,,,,,,,,,,,,,,,,,,,,,,
9098,西ドイツ,121111,35245,False,7,,,,,,,,,,,,,,,,,,,,,,,
9116,シリア,303050,88874,False,0,,,,,,,,,,,,,,,,,,,,,,,
9422,チェコスロバキア,117711,39085,False,0,,,,,,,,,,,,,,,,,,,,,,,
9488,ミクロネシア連邦,93758,21846,False,0,,,,,,,,,,,,,,,,,,,,,,,
9502,ロシア帝国,649426,199835,False,1,273,0,10,1,1,0,1,7,0,9,141,7,49,2,11,0,11,9,1,1,0,3,9
9516,セントクリストファー・ネイビス,105744,27872,False,0,,,,,,,,,,,,,,,,,,,,,,,
9917,ルクセンブルク,223694,53938,False,0,,,,,,,,,,,,,,,,,,,,,,,
10129,マルタ,131525,29295,False,0,,,,,,,,,,,,,,,,,,,,,,,
10193,リヒテンシュタイン,106243,25421,False,0,50,0,3,1,1,1,3,9,0,2,3,6,0,1,1,4,0,0,1,3,8,1,2
10280,ペルシア,39801,9708,False,0,,,,,,,,,,,,,,,,,,,,,,,
10370,ヒッタイト,130431,19432,False,0,,,,,,,,,,,,,,,,,,,,,,,
11737,在日韓国・朝鮮人,706279,223151,False,1,,,,,,,,,,,,,,,,,,,,,,,
11927,モナコ,135420,32864,False,0,,,,,,,,,,,,,,,,,,,,,,,
12648,キューバ,322776,108865,False,0,,,,,,,,,,,,,,,,,,,,,,,
12697,ガミラス帝国,184234,80353,False,0,,,,,,,,,,,,,,,,,,,,,,,
12901,満州国,301991,105165,False,0,112,4,31,1,1,0,6,17,0,2,0,10,0,0,8,2,7,1,2,3,7,2,8
13083,モーリシャス,155422,34886,False,0,,,,,,,,,,,,,,,,,,,,,,,
13204,ウズベキスタン,342409,98775,False,0,,,,,,,,,,,,,,,,,,,,,,,
13208,古代ローマ,123500,20044,False,0,,,,,,,,,,,,,,,,,,,,,,,
13219,モンゴル国,171208,50107,False,0,106,0,3,1,1,1,3,50,1,6,7,2,6,6,4,3,0,0,1,2,5,1,3
13221,コンゴ共和国,124224,24466,False,0,,,,,,,,,,,,,,,,,,,,,,,
13273,タジキスタン,200993,44995,False,0,96,0,14,1,1,1,3,13,2,16,10,2,3,3,0,8,0,0,0,3,9,1,6
13546,マラウイ,118918,26884,False,0,,,,,,,,,,,,,,,,,,,,,,,
14043,ジンバブエ,187898,44314,False,0,,,,,,,,,,,,,,,,,,,,,,,
14080,漢,72181,18364,False,1,,,,,,,,,,,,,,,,,,,,,,,
14160,ナルニア国,37989,12948,False,0,,,,,,,,,,,,,,,,,,,,,,,
14170,サーサーン朝,159719,46808,False,0,,,,,,,,,,,,,,,,,,,,,,,
14293,サンマリノ,123274,30764,False,0,,,,,,,,,,,,,,,,,,,,,,,
15336,メディア王国,66907,19566,False,0,,,,,,,,,,,,,,,,,,,,,,,
15338,アケメネス朝,140554,22844,False,0,,,,,,,,,,,,,,,,,,,,,,,
15339,セレウコス朝,205958,31931,False,0,,,,,,,,,,,,,,,,,,,,,,,
15341,グレコ・バクトリア王国,59132,16356,False,0,,,,,,,,,,,,,,,,,,,,,,,
16312,共和政ローマ,143532,29023,False,0,,,,,,,,,,,,,,,,,,,,,,,
16627,イングランド,121379,32855,False,0,,,,,,,,,,,,,,,,,,,,,,,
16751,ウェールズ,146531,35197,False,0,,,,,,,,,,,,,,,,,,,,,,,
16986,スコットランド,165809,37623,False,0,,,,,,,,,,,,,,,,,,,,,,,
19251,ソマリランド,118579,29893,False,0,,,,,,,,,,,,,,,,,,,,,,,
19782,ガイアナ,152675,35218,False,0,,,,,,,,,,,,,,,,,,,,,,,
19818,高麗,160691,55286,False,1,,,,,,,,,,,,,,,,,,,,,,,
19915,ニカラグア,202055,54557,False,0,,,,,,,,,,,,,,,,,,,,,,,
21147,枢軸国,106524,29826,False,0,,,,,,,,,,,,,,,,,,,,,,,
21697,古代ギリシア,177554,54082,False,0,,,,,,,,,,,,,,,,,,,,,,,
22113,ジョージア (国),428957,114983,False,0,,,,,,,,,,,,,,,,,,,,,,,
22336,ビン (十国),35854,10873,False,0,22,0,2,0,0,0,2,7,0,0,1,2,0,0,0,0,4,1,1,0,0,0,2
23090,アッカド,32544,9023,False,0,,,,,,,,,,,,,,,,,,,,,,,
23091,バビロニア,86738,15435,False,0,,,,,,,,,,,,,,,,,,,,,,,
23110,アッシリア,104510,45948,False,0,,,,,,,,,,,,,,,,,,,,,,,
23467,アイルランド自由国,59097,13061,False,0,,,,,,,,,,,,,,,,,,,,,,,
23468,アイルランド王国,63575,13838,False,0,,,,,,,,,,,,,,,,,,,,,,,
23670,グレートブリテン王国,50706,10831,False,0,,,,,,,,,,,,,,,,,,,,,,,
23832,イギリス帝国,238294,68091,False,0,,,,,,,,,,,,,,,,,,,,,,,
23852,ドイツ民主共和国,378334,110709,False,7,,,,,,,,,,,,,,,,,,,,,,,
23893,ドイツ帝国,140472,34254,False,7,,,,,,,,,,,,,,,,,,,,,,,
23978,神聖ローマ帝国,625075,218125,False,13,403,0,8,1,1,0,10,134,0,6,92,12,64,6,48,0,9,5,1,0,0,0,6
24074,大韓帝国,103342,27082,False,1,,,,,,,,,,,,,,,,,,,,,,,
24893,レソト,92993,21951,False,0,,,,,,,,,,,,,,,,,,,,,,,
25103,コンゴ王国,49253,12492,False,0,,,,,,,,,,,,,,,,,,,,,,,
25150,リトアニア,343186,88827,False,1,,,,,,,,,,,,,,,,,,,,,,,
25153,モルドバ,235826,59906,False,0,84,0,5,1,1,1,13,15,2,10,9,2,2,2,5,2,0,0,0,2,6,1,5
26346,ウンム・アル＝カイワイン,73960,10818,False,5,,,,,,,,,,,,,,,,,,,,,,,
26359,ベトナム共和国,81713,22509,False,0,,,,,,,,,,,,,,,,,,,,,,,
26374,南ベトナム,48169,10632,False,0,,,,,,,,,,,,,,,,,,,,,,,
26507,アゼルバイジャン,185136,35813,False,0,,,,,,,,,,,,,,,,,,,,,,,
26602,北キプロス・トルコ共和国,74362,22167,False,0,,,,,,,,,,,,,,,,,,,,,,,
26770,ラテン帝国,35395,11620,False,0,,,,,,,,,,,,,,,,,,,,,,,
27033,トンガ,116538,29575,False,0,,,,,,,,,,,,,,,,,,,,,,,
27048,アンドラ,146294,30920,False,0,,,,,,,,,,,,,,,,,,,,,,,
27943,ベネズエラ,340876,94665,False,0,,,,,,,,,,,,,,,,,,,,,,,
27948,カーボベルデ,155278,36507,False,0,,,,,,,,,,,,,,,,,,,,,,,
27949,赤道ギニア,127386,28936,False,0,,,,,,,,,,,,,,,,,,,,,,,
27951,ギニアビサウ,152193,33563,False,0,,,,,,,,,,,,,,,,,,,,,,,
27955,エリトリア,202615,50918,False,0,,,,,,,,,,,,,,,,,,,,,,,
27957,コートジボワール,195928,46006,False,0,,,,,,,,,,,,,,,,,,,,,,,
27958,ガボン,128258,26250,False,0,,,,,,,,,,,,,,,,,,,,,,,
27973,サントメ・プリンシペ,116002,26248,False,0,,,,,,,,,,,,,,,,,,,,,,,
27974,ザンビア,144909,33953,False,0,,,,,,,,,,,,,,,,,,,,,,,
28040,スワジランド,86086,19377,False,0,,,,,,,,,,,,,,,,,,,,,,,
28164,スリナム,113386,27945,False,0,,,,,,,,,,,,,,,,,,,,,,,
28186,パプアニューギニア,189002,45000,False,0,,,,,,,,,,,,,,,,,,,,,,,
28200,セーシェル,118559,27281,False,0,65,1,5,1,1,1,8,6,2,20,4,2,0,2,0,4,0,0,1,2,0,1,4
28252,セネガル,215134,49570,False,0,98,0,11,1,1,1,2,5,0,15,15,2,14,2,1,3,0,0,0,2,14,1,8
28254,ベナン,155647,33150,False,0,110,0,24,1,1,1,3,20,1,7,25,2,0,4,0,4,0,0,0,2,9,1,5
28284,中央アフリカ共和国,133225,28374,False,0,,,,,,,,,,,,,,,,,,,,,,,
28285,倭,57912,19465,False,0,,,,,,,,,,,,,,,,,,,,,,,
28287,トーゴ,125204,25470,False,0,,,,,,,,,,,,,,,,,,,,,,,
28309,リベリア,146453,41514,False,0,,,,,,,,,,,,,,,,,,,,,,,
28358,エルサレム王国,50368,17746,False,0,,,,,,,,,,,,,,,,,,,,,,,
28484,ソロモン諸島,105914,21589,False,0,,,,,,,,,,,,,,,,,,,,,,,
28504,アステカ,139990,48818,False,0,,,,,,,,,,,,,,,,,,,,,,,
28584,ブルキナファソ,180775,35924,False,0,,,,,,,,,,,,,,,,,,,,,,,
28651,マダガスカル,498380,155207,False,0,68,0,6,1,1,1,10,13,0,6,7,5,3,1,1,0,0,0,0,2,4,2,5
28673,モンゴル帝国,297571,97011,False,0,,,,,,,,,,,,,,,,,,,,,,,
28747,ブルンジ,96301,20612,False,0,,,,,,,,,,,,,,,,,,,,,,,
28790,グアテマラ,160545,44364,False,0,,,,,,,,,,,,,,,,,,,,,,,
29093,ボツワナ,164223,44730,False,0,,,,,,,,,,,,,,,,,,,,,,,
29123,ルワンダ,151083,33930,False,0,,,,,,,,,,,,,,,,,,,,,,,
29452,グルジア共和国,20975,5948,True,0,,,,,,,,,,,,,,,,,,,,,,,
29694,ダルリアダ王国,73995,12112,False,0,,,,,,,,,,,,,,,,,,,,,,,
29744,ドミニカ共和国,203702,57089,False,0,,,,,,,,,,,,,,,,,,,,,,,
29897,ウクバール,20368,6043,False,0,,,,,,,,,,,,,,,,,,,,,,,
30032,蜀漢,61886,18868,False,0,,,,,,,,,,,,,,,,,,,,,,,
30488,キルギス,182191,37813,False,0,,,,,,,,,,,,,,,,,,,,,,,
30930,新羅,324094,120333,False,1,,,,,,,,,,,,,,,,,,,,,,,
31197,ロスローリエン,21554,5805,False,0,,,,,,,,,,,,,,,,,,,,,,,
31395,蒙古,51276,17311,False,0,,,,,,,,,,,,,,,,,,,,,,,
31860,百済,171055,57879,False,1,,,,,,,,,,,,,,,,,,,,,,,
32904,エルサルバドル,156231,41538,False,0,,,,,,,,,,,,,,,,,,,,,,,
32960,アメリカ連合国,180975,49730,False,0,,,,,,,,,,,,,,,,,,,,,,,
32963,テキサス共和国,43921,11242,False,0,,,,,,,,,,,,,,,,,,,,,,,
32970,カリフォルニア共和国,31350,8153,False,0,,,,,,,,,,,,,,,,,,,,,,,
34145,ユートピア,122921,31596,False,0,,,,,,,,,,,,,,,,,,,,,,,
35665,モルドヴィア共和国,59911,12720,False,0,,,,,,,,,,,,,,,,,,,,,,,
35912,アルノール,23749,6460,False,0,,,,,,,,,,,,,,,,,,,,,,,
35916,ゴンドール,46574,16807,False,1,,,,,,,,,,,,,,,,,,,,,,,
35922,ローハン,40840,16671,False,0,,,,,,,,,,,,,,,,,,,,,,,
35965,マリネラ王国,90449,42956,False,0,,,,,,,,,,,,,,,,,,,,,,,
38047,グレートブリテン及びアイルランド連合王国,37568,9651,False,0,17,0,1,0,0,0,1,2,0,1,0,3,2,0,1,0,3,1,1,0,0,0,1
38571,アンティグア・バーブーダ,96350,20670,False,0,,,,,,,,,,,,,,,,,,,,,,,
38579,バハマ,90323,19427,False,0,,,,,,,,,,,,,,,,,,,,,,,
38881,セントビンセント・グレナディーン,95354,22139,False,0,,,,,,,,,,,,,,,,,,,,,,,
39961,宋 (春秋),49032,11527,False,1,,,,,,,,,,,,,,,,,,,,,,,
40595,奴国,32381,10690,False,0,,,,,,,,,,,,,,,,,,,,,,,
40847,越,48163,11283,False,0,,,,,,,,,,,,,,,,,,,,,,,
41483,ベトナム国,48764,12178,False,0,,,,,,,,,,,,,,,,,,,,,,,
41780,晋 (春秋),67309,14790,False,1,,,,,,,,,,,,,,,,,,,,,,,
44411,パナマ,183391,48316,False,0,,,,,,,,,,,,,,,,,,,,,,,
44825,キリバス,95787,23558,False,0,55,0,2,0,1,1,4,7,1,23,1,3,2,2,0,1,0,0,0,3,1,1,2
45042,バルバドス,110327,25234,False,0,,,,,,,,,,,,,,,,,,,,,,,
46173,モルディブ,123912,27034,False,0,,,,,,,,,,,,,,,,,,,,,,,
46183,イエメン・アラブ共和国,41809,9831,False,0,,,,,,,,,,,,,,,,,,,,,,,
46184,イエメン人民民主共和国,62964,12537,False,0,,,,,,,,,,,,,,,,,,,,,,,
49249,呉 (春秋),43137,11473,False,0,,,,,,,,,,,,,,,,,,,,,,,
49658,リュディア,77015,23566,False,0,50,0,9,0,0,0,1,4,1,5,0,2,6,6,0,0,4,1,0,1,4,0,6
51217,セルビア,144220,36176,False,0,,,,,,,,,,,,,,,,,,,,,,,
51684,オーブ連合首長国,164938,49081,False,0,,,,,,,,,,,,,,,,,,,,,,,
52085,吉備国,73885,17115,False,0,,,,,,,,,,,,,,,,,,,,,,,
52745,タイ王国,341058,97161,False,0,,,,,,,,,,,,,,,,,,,,,,,
53177,チェチェン共和国,97150,31185,False,0,44,1,6,1,1,1,2,2,0,5,5,1,0,3,0,4,0,0,1,0,4,2,5
53413,匈奴,159595,55354,False,0,54,0,3,0,0,0,4,2,5,1,3,2,5,2,0,0,3,2,19,0,0,0,3
53562,斉 (春秋),53978,12114,False,1,,,,,,,,,,,,,,,,,,,,,,,
53994,サモア,101450,23809,False,0,,,,,,,,,,,,,,,,,,,,,,,
54040,カルムイク共和国,63056,12393,False,0,,,,,,,,,,,,,,,,,,,,,,,
54670,ダゲスタン共和国,73847,14134,False,0,,,,,,,,,,,,,,,,,,,,,,,
55178,トリニダード・トバゴ,121409,27486,False,0,,,,,,,,,,,,,,,,,,,,,,,
55595,地球連合 (ガンダムシリーズ),94960,25134,False,0,,,,,,,,,,,,,,,,,,,,,,,
55635,ペルシア帝国,43036,10223,False,0,,,,,,,,,,,,,,,,,,,,,,,
56752,トレビゾンド帝国,80561,13067,False,0,,,,,,,,,,,,,,,,,,,,,,,
56801,ナチス・ドイツ,303811,90239,False,7,157,0,2,1,1,0,1,77,0,0,6,6,34,0,14,3,7,1,0,1,0,2,1
56995,プロイセン王国,183844,51933,False,2,,,,,,,,,,,,,,,,,,,,,,,
57030,オーストリア＝ハンガリー帝国,131632,41912,False,0,,,,,,,,,,,,,,,,,,,,,,,
57031,オーストリア帝国,55114,14070,False,0,,,,,,,,,,,,,,,,,,,,,,,
57057,ハイチ,198586,55298,False,0,,,,,,,,,,,,,,,,,,,,,,,
57098,イタリア王国,128685,28092,False,0,,,,,,,,,,,,,,,,,,,,,,,
57128,イングーシ共和国,61213,16456,False,0,28,4,1,1,1,1,2,2,0,0,1,1,0,2,0,5,0,0,1,0,4,1,1
57130,アディゲ共和国,51752,10538,False,0,,,,,,,,,,,,,,,,,,,,,,,
57132,カラチャイ・チェルケス共和国,68551,16251,False,0,,,,,,,,,,,,,,,,,,,,,,,
57133,北オセチア共和国,76366,19466,False,0,55,3,8,1,1,1,2,9,1,2,2,2,6,5,0,3,0,0,1,0,4,1,3
57134,カバルダ・バルカル共和国,60093,11990,False,0,,,,,,,,,,,,,,,,,,,,,,,
57151,サハ共和国,89015,26061,False,0,,,,,,,,,,,,,,,,,,,,,,,
57206,ハンガリー王国,119680,28862,False,0,,,,,,,,,,,,,,,,,,,,,,,
57235,ウクライナ共和国,27222,8479,True,0,,,,,,,,,,,,,,,,,,,,,,,
57412,突厥,195034,47806,False,0,50,0,0,0,0,0,3,16,3,6,2,2,0,4,0,0,3,0,3,0,0,1,7
57748,ジョチ・ウルス,168317,42806,False,0,,,,,,,,,,,,,,,,,,,,,,,
58008,フランク王国,637386,188596,False,12,,,,,,,,,,,,,,,,,,,,,,,
58899,高句麗,219128,78787,False,0,,,,,,,,,,,,,,,,,,,,,,,
59097,メキシコ帝国,45786,11225,False,0,,,,,,,,,,,,,,,,,,,,,,,
59579,ドミニカ国,104305,24395,False,0,45,2,5,1,1,1,2,4,1,5,1,2,0,3,0,1,0,0,1,8,2,1,4
59733,グレナダ,95609,20961,False,0,,,,,,,,,,,,,,,,,,,,,,,
59876,セントルシア,102183,20514,False,0,43,5,3,1,1,1,2,1,1,9,3,3,0,2,0,2,0,0,0,3,3,1,2
60007,ナウル,113935,33946,False,0,,,,,,,,,,,,,,,,,,,,,,,
60675,ベリーズ,102611,21252,False,0,,,,,,,,,,,,,,,,,,,,,,,
60788,ホンジュラス,164589,49155,False,0,,,,,,,,,,,,,,,,,,,,,,,
61286,アンティオキア公国,152371,26403,False,0,34,0,5,0,0,0,5,2,0,0,1,2,8,0,1,0,3,1,1,0,1,0,4
61618,マリ・エル共和国,57953,12835,False,0,,,,,,,,,,,,,,,,,,,,,,,
61888,ザンスカール帝国,183864,38552,False,0,,,,,,,,,,,,,,,,,,,,,,,
62155,バヌアツ,124242,26584,False,0,,,,,,,,,,,,,,,,,,,,,,,
63179,マーシャル諸島,98645,19723,False,0,,,,,,,,,,,,,,,,,,,,,,,
64325,暗黒星団帝国,120304,32821,False,0,,,,,,,,,,,,,,,,,,,,,,,
64343,白色彗星帝国,118238,35599,False,0,,,,,,,,,,,,,,,,,,,,,,,
64355,ボラー連邦,88810,26229,False,0,,,,,,,,,,,,,,,,,,,,,,,
64932,エトルリア,47168,17302,False,0,,,,,,,,,,,,,,,,,,,,,,,
65488,前趙,128523,56972,False,0,,,,,,,,,,,,,,,,,,,,,,,
65504,魏 (戦国),47592,11077,False,1,,,,,,,,,,,,,,,,,,,,,,,
65693,西ローマ帝国,160325,52419,False,0,,,,,,,,,,,,,,,,,,,,,,,
65696,後趙,71995,19657,False,0,,,,,,,,,,,,,,,,,,,,,,,
65834,前燕,52824,14444,False,0,,,,,,,,,,,,,,,,,,,,,,,
65858,前秦,76798,19715,False,0,,,,,,,,,,,,,,,,,,,,,,,
65968,コソボ,209011,52494,False,0,,,,,,,,,,,,,,,,,,,,,,,
66325,北魏,221074,29635,False,0,,,,,,,,,,,,,,,,,,,,,,,
66361,北周,87929,19831,False,0,30,0,1,0,0,0,4,3,0,0,7,3,0,4,0,0,4,1,2,0,0,0,1
66511,ヴェネツィア共和国,121371,38104,False,0,,,,,,,,,,,,,,,,,,,,,,,
66713,斉 (南朝),97918,15298,False,0,19,0,1,0,0,0,2,6,0,0,0,3,0,1,0,0,4,0,1,0,0,0,1
66739,陳 (南朝),68587,14084,False,0,16,0,3,0,0,0,2,0,1,0,0,3,0,0,0,0,3,1,1,0,0,0,2
67362,琉球王国,148986,53142,False,0,,,,,,,,,,,,,,,,,,,,,,,
67947,韓 (戦国),46811,10584,False,1,,,,,,,,,,,,,,,,,,,,,,,
67954,両シチリア王国,66247,15384,False,0,,,,,,,,,,,,,,,,,,,,,,,
68242,サルデーニャ王国,92377,23305,False,0,,,,,,,,,,,,,,,,,,,,,,,
68327,マケドニア王国,74409,22559,False,0,,,,,,,,,,,,,,,,,,,,,,,
69281,楚 (春秋),75095,20250,False,1,50,0,9,0,0,0,0,0,0,10,1,1,2,0,0,0,3,13,1,0,0,0,10
69591,吐蕃,142130,39422,False,1,,,,,,,,,,,,,,,,,,,,,,,
72122,プラント (ガンダムシリーズ),164050,51924,False,0,,,,,,,,,,,,,,,,,,,,,,,
73171,渤海 (国),183573,71384,False,0,74,0,16,0,0,0,3,9,1,1,7,3,0,1,0,0,7,8,1,0,0,0,17
73650,燕 (春秋),87374,20142,False,1,,,,,,,,,,,,,,,,,,,,,,,
75026,パルテノペア共和国,57585,11089,False,0,,,,,,,,,,,,,,,,,,,,,,,
75138,チザルピーナ共和国,59023,11949,False,0,,,,,,,,,,,,,,,,,,,,,,,
76216,極東共和国,134227,19479,False,0,,,,,,,,,,,,,,,,,,,,,,,
80762,西魏,52227,15525,False,0,,,,,,,,,,,,,,,,,,,,,,,
81550,クリミア自治共和国,101806,23781,False,1,,,,,,,,,,,,,,,,,,,,,,,
82299,後蜀 (十国),32917,10153,False,0,,,,,,,,,,,,,,,,,,,,,,,
84152,モルドール,24100,7185,False,0,,,,,,,,,,,,,,,,,,,,,,,
85214,アジャリア自治共和国,45666,11973,False,0,,,,,,,,,,,,,,,,,,,,,,,
86291,ガルマン・ガミラス帝国,80871,17751,False,0,,,,,,,,,,,,,,,,,,,,,,,
86319,ハラド,20798,6044,False,0,,,,,,,,,,,,,,,,,,,,,,,
87109,ヴァリノール,24428,7072,False,0,,,,,,,,,,,,,,,,,,,,,,,
87647,檀君朝鮮,139732,49447,False,1,,,,,,,,,,,,,,,,,,,,,,,
87839,倭国,103968,24030,False,0,,,,,,,,,,,,,,,,,,,,,,,
88095,葦原中国,56593,12494,False,0,,,,,,,,,,,,,,,,,,,,,,,
88371,モスクワ大公国,55610,15706,False,1,,,,,,,,,,,,,,,,,,,,,,,
89966,杞,40512,9397,False,0,,,,,,,,,,,,,,,,,,,,,,,
90899,東ゴート王国,128935,32652,False,0,28,0,1,0,0,0,1,1,0,0,6,4,7,2,0,0,3,1,1,0,0,0,1
93651,モンゴル人民共和国,171733,25980,False,0,,,,,,,,,,,,,,,,,,,,,,,
93980,後燕,54061,15019,False,0,,,,,,,,,,,,,,,,,,,,,,,
95076,ラーンナー,132933,51664,False,1,,,,,,,,,,,,,,,,,,,,,,,
96979,ヌミディア,96980,21578,False,0,,,,,,,,,,,,,,,,,,,,,,,
99060,パタニ王国,46311,13566,False,0,,,,,,,,,,,,,,,,,,,,,,,
99603,東魏,34870,8197,False,0,17,0,1,0,0,0,2,3,0,0,0,2,0,1,0,0,3,3,1,0,0,0,1
100148,レオン王国,81544,20529,False,0,,,,,,,,,,,,,,,,,,,,,,,
100279,アストゥリアス王国,30967,7990,False,0,,,,,,,,,,,,,,,,,,,,,,,
101031,北斉,65807,11191,False,0,,,,,,,,,,,,,,,,,,,,,,,
101034,成漢,53014,13669,False,0,,,,,,,,,,,,,,,,,,,,,,,
101038,後秦,64467,22857,False,0,,,,,,,,,,,,,,,,,,,,,,,
101040,後涼,50220,12275,False,0,,,,,,,,,,,,,,,,,,,,,,,
101045,南燕,44932,11287,False,0,,,,,,,,,,,,,,,,,,,,,,,
101047,南涼,62066,21639,False,0,,,,,,,,,,,,,,,,,,,,,,,
101048,西秦,61757,15824,False,0,65,0,15,0,0,0,2,1,0,4,0,4,0,1,0,0,4,9,2,0,8,0,15
101054,北涼,71604,20747,False,0,26,0,4,0,0,0,2,2,0,0,0,3,0,1,0,0,4,4,1,0,0,0,5
101058,前涼,65596,17889,False,0,,,,,,,,,,,,,,,,,,,,,,,
101074,西燕,43225,12220,False,0,,,,,,,,,,,,,,,,,,,,,,,
101359,夫余,83277,25316,False,0,,,,,,,,,,,,,,,,,,,,,,,
101376,衛氏朝鮮,143984,39176,False,1,,,,,,,,,,,,,,,,,,,,,,,
104322,サラワク王国,92995,20286,False,0,,,,,,,,,,,,,,,,,,,,,,,
104728,カラカルパクスタン共和国,68886,15368,False,0,,,,,,,,,,,,,,,,,,,,,,,
105616,アッタロス朝,69118,18644,False,0,,,,,,,,,,,,,,,,,,,,,,,
106008,ギリシャ王国,214119,83341,False,1,,,,,,,,,,,,,,,,,,,,,,,
106136,西ゴート王国,226469,35734,False,6,,,,,,,,,,,,,,,,,,,,,,,
110719,惑星連邦,73368,33567,False,0,,,,,,,,,,,,,,,,,,,,,,,
112824,衛,58543,10983,False,1,,,,,,,,,,,,,,,,,,,,,,,
114656,マジャパヒト王国,58907,14990,False,0,,,,,,,,,,,,,,,,,,,,,,,
115181,キプロス王国,151795,18309,False,0,,,,,,,,,,,,,,,,,,,,,,,
116192,月氏,69814,21563,False,0,,,,,,,,,,,,,,,,,,,,,,,
116931,トスカーナ大公国,92975,19780,False,6,,,,,,,,,,,,,,,,,,,,,,,
117178,エトルリア王国,57333,11156,False,0,,,,,,,,,,,,,,,,,,,,,,,
118153,アラゴン王国,57724,16769,False,0,,,,,,,,,,,,,,,,,,,,,,,
118450,タンガニーカ,50009,11192,False,0,,,,,,,,,,,,,,,,,,,,,,,
118896,マラッカ王国,231299,68868,False,1,,,,,,,,,,,,,,,,,,,,,,,
119721,コーチシナ共和国,36999,10893,False,0,,,,,,,,,,,,,,,,,,,,,,,
121284,ボスニア・ヘルツェゴビナ連邦,47882,11140,False,0,,,,,,,,,,,,,,,,,,,,,,,
121292,スルプスカ共和国,46117,10707,False,0,,,,,,,,,,,,,,,,,,,,,,,
122142,イタリア社会共和国,118977,38656,False,1,,,,,,,,,,,,,,,,,,,,,,,
122710,アルタイ共和国,57403,13096,False,0,,,,,,,,,,,,,,,,,,,,,,,
124849,ブリヤート共和国,60422,13498,False,0,,,,,,,,,,,,,,,,,,,,,,,
124855,トゥヴァ共和国,124670,25036,False,0,,,,,,,,,,,,,,,,,,,,,,,
124862,ハカス共和国,52836,11186,False,0,,,,,,,,,,,,,,,,,,,,,,,
125030,呉 (十国),35223,9522,False,0,,,,,,,,,,,,,,,,,,,,,,,
126486,新バビロニア,51579,19879,False,0,,,,,,,,,,,,,,,,,,,,,,,
126679,サヴォイア公国,48977,10422,False,0,,,,,,,,,,,,,,,,,,,,,,,
127924,マタラム王国,66196,17323,False,0,,,,,,,,,,,,,,,,,,,,,,,
128123,前蜀,31831,9098,False,0,,,,,,,,,,,,,,,,,,,,,,,
128322,スキタイ,144650,55507,False,0,,,,,,,,,,,,,,,,,,,,,,,
128457,ブラジル帝国,46864,12837,False,0,,,,,,,,,,,,,,,,,,,,,,,
128601,北漢,26620,8078,False,0,,,,,,,,,,,,,,,,,,,,,,,
128959,古マタラム王国,37789,9626,False,0,,,,,,,,,,,,,,,,,,,,,,,
131163,チャンパ王国,86055,26943,False,0,,,,,,,,,,,,,,,,,,,,,,,
131344,呉越,36942,11454,False,0,,,,,,,,,,,,,,,,,,,,,,,
131732,楚 (十国),35091,10144,False,0,24,0,2,0,0,0,2,0,0,0,0,5,0,3,0,0,5,2,1,0,2,0,2
132192,荊南,33719,11387,False,0,,,,,,,,,,,,,,,,,,,,,,,
132869,ベトナム民主共和国,96375,23241,False,0,,,,,,,,,,,,,,,,,,,,,,,
135478,クメール王朝,57945,13503,False,1,,,,,,,,,,,,,,,,,,,,,,,
135885,シュリーヴィジャヤ王国,55918,16515,False,0,,,,,,,,,,,,,,,,,,,,,,,
137484,楼蘭,89299,45052,False,0,,,,,,,,,,,,,,,,,,,,,,,
138676,南唐,45005,17873,False,0,,,,,,,,,,,,,,,,,,,,,,,
139299,ソビエト連邦構成共和国,233488,35598,False,0,,,,,,,,,,,,,,,,,,,,,,,
142871,パルティア,189514,42257,False,0,,,,,,,,,,,,,,,,,,,,,,,
143146,大宛,61704,19378,False,0,,,,,,,,,,,,,,,,,,,,,,,
143178,エフタル,96126,25307,False,0,,,,,,,,,,,,,,,,,,,,,,,
143626,大夏,77398,29330,False,0,,,,,,,,,,,,,,,,,,,,,,,
143868,柔然,160928,41957,False,0,,,,,,,,,,,,,,,,,,,,,,,
144492,康居,51283,15779,False,0,,,,,,,,,,,,,,,,,,,,,,,
145193,吉里吉里国,20323,6106,False,0,,,,,,,,,,,,,,,,,,,,,,,
146214,ニウエ,107714,23253,False,0,,,,,,,,,,,,,,,,,,,,,,,
147632,カラケネ王国,26300,7820,False,0,,,,,,,,,,,,,,,,,,,,,,,
147669,ハリプンチャイ王国,43183,12416,False,1,,,,,,,,,,,,,,,,,,,,,,,
147836,フィンランド,381045,77022,False,0,,,,,,,,,,,,,,,,,,,,,,,
148925,西遼,76123,25141,False,0,,,,,,,,,,,,,,,,,,,,,,,
149239,天山ウイグル王国,65531,24576,False,0,,,,,,,,,,,,,,,,,,,,,,,
149297,大理国,34890,9196,False,0,7,0,1,0,0,0,0,1,0,0,0,1,0,1,0,0,0,1,1,0,0,0,1
149418,大コロンビア,45902,12901,False,0,,,,,,,,,,,,,,,,,,,,,,,
150407,ディンギル帝国,78852,18693,False,0,,,,,,,,,,,,,,,,,,,,,,,
150919,南越国,116860,52190,False,0,,,,,,,,,,,,,,,,,,,,,,,
153109,タタールスタン共和国,69291,13945,False,0,38,4,2,2,1,1,6,5,0,1,0,2,0,4,1,0,0,0,1,0,4,2,2
153959,マリ連邦,28459,8070,False,0,,,,,,,,,,,,,,,,,,,,,,,
158518,ダホメ王国,47838,13418,False,0,,,,,,,,,,,,,,,,,,,,,,,
158888,南詔,56852,13674,False,0,,,,,,,,,,,,,,,,,,,,,,,
158968,セボルガ公国,84553,18600,False,0,,,,,,,,,,,,,,,,,,,,,,,
160229,ランゴバルド王国,230478,35440,False,0,,,,,,,,,,,,,,,,,,,,,,,
160820,キノコ王国,229295,42021,False,0,,,,,,,,,,,,,,,,,,,,,,,
162952,ヴィエンチャン王国,43428,14991,False,0,,,,,,,,,,,,,,,,,,,,,,,
162966,シエンクワーン王国,31774,8877,False,0,,,,,,,,,,,,,,,,,,,,,,,
163791,マラヤ連邦,34205,9396,False,0,,,,,,,,,,,,,,,,,,,,,,,
165020,クタイ王国,23696,7736,False,0,13,0,0,0,0,0,2,1,0,3,1,1,0,1,0,0,1,2,1,0,0,0,0
165200,シチリア王国,72237,17702,False,0,,,,,,,,,,,,,,,,,,,,,,,
165585,タルマヌガラ王国,37413,11113,False,0,,,,,,,,,,,,,,,,,,,,,,,
168226,フランス帝国,36427,9418,False,0,,,,,,,,,,,,,,,,,,,,,,,
168280,ポーランド王国,91557,26102,False,0,,,,,,,,,,,,,,,,,,,,,,,
168854,ローマ共和国 (18世紀),70584,14946,False,0,,,,,,,,,,,,,,,,,,,,,,,
170223,ミタンニ,55141,13484,False,0,,,,,,,,,,,,,,,,,,,,,,,
170758,秋津島,25508,7411,True,0,,,,,,,,,,,,,,,,,,,,,,,
171919,リトアニア大公国,83330,20066,False,1,41,0,5,1,1,0,4,2,0,2,2,3,6,2,0,0,4,1,1,1,0,1,5
171925,ブルガリア帝国,53325,15145,False,1,,,,,,,,,,,,,,,,,,,,,,,
172009,セルビア王国 (中世),63977,17214,False,0,,,,,,,,,,,,,,,,,,,,,,,
173291,第二次ブルガリア帝国,328178,80717,False,1,,,,,,,,,,,,,,,,,,,,,,,
173375,木星帝国,151791,25235,False,0,,,,,,,,,,,,,,,,,,,,,,,
178806,耽羅,64690,20985,False,1,,,,,,,,,,,,,,,,,,,,,,,
179329,フィンランド大公国,59439,13975,False,0,,,,,,,,,,,,,,,,,,,,,,,
179634,豊国,31774,8959,False,0,,,,,,,,,,,,,,,,,,,,,,,
180534,一支国,25023,7899,False,0,,,,,,,,,,,,,,,,,,,,,,,
183525,モンテネグロ,140291,31467,False,0,,,,,,,,,,,,,,,,,,,,,,,
183645,第一次ブルガリア帝国,105209,15104,False,1,,,,,,,,,,,,,,,,,,,,,,,
190495,ブルゴーニュ公国,62734,15024,False,0,,,,,,,,,,,,,,,,,,,,,,,
190852,ユーラシア連邦,84585,17343,False,0,,,,,,,,,,,,,,,,,,,,,,,
192345,ウラルトゥ,63076,12911,False,0,,,,,,,,,,,,,,,,,,,,,,,
193366,ナポリ王国,75208,16314,False,0,,,,,,,,,,,,,,,,,,,,,,,
193644,アストラハン・ハン国,37034,9813,False,0,,,,,,,,,,,,,,,,,,,,,,,
193699,クリミア・ハン国,110511,23429,False,0,,,,,,,,,,,,,,,,,,,,,,,
193749,シビル・ハン国,39101,9444,False,0,,,,,,,,,,,,,,,,,,,,,,,
194507,箕子朝鮮,242897,67085,False,1,,,,,,,,,,,,,,,,,,,,,,,
195622,ハワイ王国,65812,20700,False,0,,,,,,,,,,,,,,,,,,,,,,,
196153,バシコルトスタン共和国,74890,14798,False,0,,,,,,,,,,,,,,,,,,,,,,,
196321,ウドムルト共和国,55639,11888,False,0,35,1,3,2,2,2,4,5,0,0,2,1,0,3,0,0,0,0,1,0,4,2,3
196445,ミラノ公国,78031,19946,False,0,,,,,,,,,,,,,,,,,,,,,,,
196576,チュヴァシ共和国,53484,11388,False,0,36,2,6,3,3,2,4,4,0,0,1,0,0,1,0,0,0,0,1,0,3,2,4
197185,カレリア共和国,59808,12739,False,0,,,,,,,,,,,,,,,,,,,,,,,
198115,ヤマロ・ネネツ自治管区,56587,11648,False,0,,,,,,,,,,,,,,,,,,,,,,,
200414,コミ共和国,61114,13146,False,0,,,,,,,,,,,,,,,,,,,,,,,
202449,中央アメリカ連邦共和国,69843,19017,False,0,,,,,,,,,,,,,,,,,,,,,,,
205656,チャガタイ・ハン国,172243,50129,False,0,,,,,,,,,,,,,,,,,,,,,,,
205993,銀河帝国 (スター・ウォーズ),74447,22295,False,0,,,,,,,,,,,,,,,,,,,,,,,
207710,東丹国,26853,8806,False,0,,,,,,,,,,,,,,,,,,,,,,,
208043,ユーゴスラビア社会主義連邦共和国,294183,101375,False,0,,,,,,,,,,,,,,,,,,,,,,,
208556,鄭,48820,10836,False,1,,,,,,,,,,,,,,,,,,,,,,,
209312,中山国,40469,9210,False,1,13,0,1,0,0,0,0,1,0,0,0,2,0,1,0,0,2,4,1,0,0,0,1
212218,ノーサンブリア,166839,20596,False,0,,,,,,,,,,,,,,,,,,,,,,,
217327,ヴィジャヤナガル王国,130548,42177,False,0,,,,,,,,,,,,,,,,,,,,,,,
217962,グゲ王国,39344,10840,False,0,,,,,,,,,,,,,,,,,,,,,,,
222852,ウラジーミル・スーズダリ大公国,47047,12080,False,1,,,,,,,,,,,,,,,,,,,,,,,
224963,西フランク王国,53262,10297,False,5,,,,,,,,,,,,,,,,,,,,,,,
225459,東フランク王国,91371,29304,False,7,,,,,,,,,,,,,,,,,,,,,,,
225511,六国,25591,7411,False,0,,,,,,,,,,,,,,,,,,,,,,,
228899,ヒジャーズ王国,37926,10847,False,0,,,,,,,,,,,,,,,,,,,,,,,
230667,ユダ王国,61070,14375,False,0,,,,,,,,,,,,,,,,,,,,,,,
230758,イスラエル王国,69637,21129,False,0,,,,,,,,,,,,,,,,,,,,,,,
230872,クック諸島,110516,21100,False,0,,,,,,,,,,,,,,,,,,,,,,,
235446,ガーナ王国,37335,13628,False,0,40,0,6,0,0,0,1,2,0,4,6,5,0,2,0,0,8,0,0,0,0,0,6
250473,沿ドニエストル共和国,104946,24697,False,0,,,,,,,,,,,,,,,,,,,,,,,
250564,梁王国,26147,6534,False,0,4,0,0,0,0,0,0,0,0,0,0,1,0,0,0,0,2,0,1,0,0,0,0
252152,フィリピン,371384,109265,False,0,,,,,,,,,,,,,,,,,,,,,,,
252279,ツバル,153331,43180,False,0,75,7,5,1,1,1,3,3,2,27,6,2,0,9,0,1,0,0,0,3,0,1,3
252424,南ベトナム共和国,74981,15917,False,0,,,,,,,,,,,,,,,,,,,,,,,
254653,カタール,163322,35568,False,0,,,,,,,,,,,,,,,,,,,,,,,
254709,中央アフリカ帝国,37833,9587,False,0,,,,,,,,,,,,,,,,,,,,,,,
256889,フジャイラ,49829,11800,False,2,,,,,,,,,,,,,,,,,,,,,,,
257583,ナミビア,178653,39310,False,0,,,,,,,,,,,,,,,,,,,,,,,
257585,リビア,275444,58956,False,0,,,,,,,,,,,,,,,,,,,,,,,
257588,チャド,128651,23360,False,0,,,,,,,,,,,,,,,,,,,,,,,
257590,ガンビア,142450,30912,False,0,,,,,,,,,,,,,,,,,,,,,,,
259441,小日本,37794,9308,False,1,,,,,,,,,,,,,,,,,,,,,,,
260423,ヤルカンド・ハン国,49768,17140,False,0,10,0,0,0,0,0,0,1,0,0,1,2,0,2,0,0,2,1,0,0,1,0,0
260483,ラオス王国,65287,23030,False,0,,,,,,,,,,,,,,,,,,,,,,,
262293,ベトナム帝国,57940,14209,False,0,,,,,,,,,,,,,,,,,,,,,,,
262535,プププランド,74271,20377,False,0,,,,,,,,,,,,,,,,,,,,,,,
268017,バチカン市国 (世界遺産),41654,12903,False,1,,,,,,,,,,,,,,,,,,,,,,,
270031,中国,84167,29701,False,2,,,,,,,,,,,,,,,,,,,,,,,
270581,シンガサリ王国,53447,24917,False,0,,,,,,,,,,,,,,,,,,,,,,,
272254,定安,43156,9576,False,0,,,,,,,,,,,,,,,,,,,,,,,
273394,後百済,40713,9715,False,1,,,,,,,,,,,,,,,,,,,,,,,
279710,中華民国,349380,97997,False,3,,,,,,,,,,,,,,,,,,,,,,,
279908,銀河共和国,61022,16519,False,0,,,,,,,,,,,,,,,,,,,,,,,
280298,シップソーンパンナー,47893,13415,False,0,17,4,0,0,0,0,0,2,1,1,2,1,0,0,0,0,1,2,0,0,1,0,2
287858,オールバニ,22479,6945,False,0,,,,,,,,,,,,,,,,,,,,,,,
288776,カザフ・ソビエト社会主義共和国,117309,15866,False,0,,,,,,,,,,,,,,,,,,,,,,,
289243,キルギス・ソビエト社会主義共和国,112605,14727,False,0,,,,,,,,,,,,,,,,,,,,,,,
290289,ブハラ・ハン国,82017,17654,False,0,44,0,6,0,0,0,2,13,1,3,1,4,0,3,0,0,3,1,1,0,0,0,6
290893,タジク・ソビエト社会主義共和国,112377,14895,False,0,,,,,,,,,,,,,,,,,,,,,,,
292322,条支国,22492,6909,False,0,,,,,,,,,,,,,,,,,,,,,,,
295642,第一共和国 (オーストリア),79178,23793,False,1,,,,,,,,,,,,,,,,,,,,,,,
296237,ヘリック共和国,153450,60883,False,0,,,,,,,,,,,,,,,,,,,,,,,
296491,ウズベク・ソビエト社会主義共和国,116676,17382,False,0,,,,,,,,,,,,,,,,,,,,,,,
299574,キエフ公国,91914,17922,False,0,,,,,,,,,,,,,,,,,,,,,,,
299631,キエフ大公国,237882,68727,False,2,,,,,,,,,,,,,,,,,,,,,,,
303507,トルクメン・ソビエト社会主義共和国,113359,14190,False,0,,,,,,,,,,,,,,,,,,,,,,,
303832,ハザール,132756,45664,False,0,88,1,3,0,0,0,1,21,0,19,19,3,3,6,0,0,4,0,0,0,2,0,6
304497,カスティーリャ王国,62018,20633,False,0,,,,,,,,,,,,,,,,,,,,,,,
306003,ブルガリア王国,24038,6789,True,0,,,,,,,,,,,,,,,,,,,,,,,
310945,ブランデンブルク＝プロイセン,54880,16574,False,1,,,,,,,,,,,,,,,,,,,,,,,
314146,ドイツ国,65718,13912,False,7,,,,,,,,,,,,,,,,,,,,,,,
315720,ガイロス帝国,119697,44651,False,0,,,,,,,,,,,,,,,,,,,,,,,
321565,バイエルン王国,61646,16465,False,0,,,,,,,,,,,,,,,,,,,,,,,
323159,ゼネバス帝国,90703,32367,False,0,,,,,,,,,,,,,,,,,,,,,,,
323425,ネオゼネバス帝国,78498,19780,False,0,,,,,,,,,,,,,,,,,,,,,,,
323451,ハノーファー王国,62823,16017,False,0,,,,,,,,,,,,,,,,,,,,,,,
327846,ザカフカース社会主義連邦ソビエト共和国,216217,27156,False,1,,,,,,,,,,,,,,,,,,,,,,,
328465,シュレースヴィヒ＝ホルシュタイン公国,28407,8368,False,0,,,,,,,,,,,,,,,,,,,,,,,
329499,アゼルバイジャン民主共和国,125668,17368,False,0,,,,,,,,,,,,,,,,,,,,,,,
338610,ルパカ,23100,7927,False,0,,,,,,,,,,,,,,,,,,,,,,,
338815,エデッサ伯国,94835,22465,False,0,27,0,4,1,0,0,0,0,0,2,9,1,1,2,0,0,2,1,1,0,1,0,2
340909,ポーランド立憲王国,58093,15251,False,0,,,,,,,,,,,,,,,,,,,,,,,
342589,岐,30353,9049,False,0,,,,,,,,,,,,,,,,,,,,,,,
343280,キュラソー島,73270,16649,False,0,,,,,,,,,,,,,,,,,,,,,,,
344588,北ドイツ連邦,60242,11891,False,7,,,,,,,,,,,,,,,,,,,,,,,
353192,大ブルガリア公国,45279,11247,False,1,,,,,,,,,,,,,,,,,,,,,,,
353903,トリポリ伯国,35407,10907,False,0,,,,,,,,,,,,,,,,,,,,,,,
354041,オートボルタ,49325,9817,False,0,,,,,,,,,,,,,,,,,,,,,,,
361052,ナバラ王国,105688,26649,False,6,46,1,1,0,0,0,0,12,0,7,1,4,1,8,0,0,3,7,0,0,0,0,1
361141,代 (五胡十六国),151136,32759,False,0,,,,,,,,,,,,,,,,,,,,,,,
361203,モラヴィア王国,43109,12402,False,0,,,,,,,,,,,,,,,,,,,,,,,
369143,田斉,67253,17026,False,1,,,,,,,,,,,,,,,,,,,,,,,
369193,ザクセン公国,53622,15019,False,0,,,,,,,,,,,,,,,,,,,,,,,
369204,ザクセン王国,49707,11776,False,0,,,,,,,,,,,,,,,,,,,,,,,
370129,バントゥースタン,42561,13322,False,0,,,,,,,,,,,,,,,,,,,,,,,
373583,トンガ大首長国,41834,14959,False,0,32,0,11,0,0,0,0,2,0,2,1,0,0,3,0,0,0,1,1,0,0,0,11
374323,マントヴァ公国,48490,10359,False,0,,,,,,,,,,,,,,,,,,,,,,,
378936,クディリ王国,46216,18059,False,0,,,,,,,,,,,,,,,,,,,,,,,
380354,サン・マルコ共和国,47809,10290,False,0,,,,,,,,,,,,,,,,,,,,,,,
382006,大韓民国,834338,250251,False,1,291,0,5,1,1,1,8,158,1,17,15,6,30,2,29,4,0,0,3,1,3,1,5
388261,アースガルズ,52931,12014,False,0,,,,,,,,,,,,,,,,,,,,,,,
388265,ムスペルヘイム,44432,9066,False,0,,,,,,,,,,,,,,,,,,,,,,,
393067,ウクライナ国,146834,23164,False,0,,,,,,,,,,,,,,,,,,,,,,,
393591,大秦,36072,10883,False,0,,,,,,,,,,,,,,,,,,,,,,,
396027,ノルマンディー公国,52346,15659,False,1,,,,,,,,,,,,,,,,,,,,,,,
396935,ドヴァーラヴァティー王国,32989,11429,False,0,,,,,,,,,,,,,,,,,,,,,,,
409478,フランス王国,69118,14544,False,5,,,,,,,,,,,,,,,,,,,,,,,
414034,コンゴ自由国,34346,9733,False,0,,,,,,,,,,,,,,,,,,,,,,,
419121,冉魏,36504,12730,False,0,20,0,2,0,0,0,2,4,0,0,0,4,0,1,0,0,3,0,2,0,0,0,2
420890,オレンジ自由国,50142,11109,False,0,,,,,,,,,,,,,,,,,,,,,,,
421425,南スーダン,164120,41039,False,0,,,,,,,,,,,,,,,,,,,,,,,
423512,イギリス領インド帝国,262303,81847,False,0,,,,,,,,,,,,,,,,,,,,,,,
423521,トランスヴァール共和国,57376,13960,False,0,,,,,,,,,,,,,,,,,,,,,,,
425889,ソンガイ帝国,51311,14906,False,0,,,,,,,,,,,,,,,,,,,,,,,
429125,エラム,87005,27355,False,0,,,,,,,,,,,,,,,,,,,,,,,
434064,ロシア・ソビエト連邦社会主義共和国,232307,38479,False,0,,,,,,,,,,,,,,,,,,,,,,,
442519,ブラジル,428809,132212,False,0,,,,,,,,,,,,,,,,,,,,,,,
449345,キシュ,33358,11255,False,0,,,,,,,,,,,,,,,,,,,,,,,
450756,エシュヌンナ,41904,9604,False,0,8,0,0,0,0,0,0,1,0,0,0,1,0,4,0,0,1,1,0,0,0,0,0
453271,エリドゥ,44508,16619,False,0,,,,,,,,,,,,,,,,,,,,,,,
453663,シッパル,25378,7742,False,0,,,,,,,,,,,,,,,,,,,,,,,
453688,シュルッパク,22883,6496,False,0,,,,,,,,,,,,,,,,,,,,,,,
454041,ウルク (メソポタミア),62631,23139,False,0,16,0,2,0,0,0,0,6,0,0,0,1,1,4,0,0,0,1,0,0,0,1,0
456153,アカイア公国,91561,12089,False,0,,,,,,,,,,,,,,,,,,,,,,,
465816,エリマイス王国,28453,8534,False,0,,,,,,,,,,,,,,,,,,,,,,,
465828,アトロパテネ王国,24962,6322,False,0,,,,,,,,,,,,,,,,,,,,,,,
466388,インド・パルティア王国,61971,13872,False,0,,,,,,,,,,,,,,,,,,,,,,,
470713,北海帝国,41828,9972,False,0,,,,,,,,,,,,,,,,,,,,,,,
475247,セルビア王国 (近代),50011,13648,False,0,,,,,,,,,,,,,,,,,,,,,,,
480222,アクスム王国,37577,12606,False,0,,,,,,,,,,,,,,,,,,,,,,,
484525,西クシャトラパ,57664,14578,False,0,21,0,2,0,0,0,5,0,2,0,0,2,0,3,0,0,3,1,0,1,0,0,2
486636,アディアバネ王国,21510,5832,False,0,,,,,,,,,,,,,,,,,,,,,,,
490154,ボスポロス王国,60725,22634,False,0,,,,,,,,,,,,,,,,,,,,,,,
499397,十六大国,111794,34198,False,0,,,,,,,,,,,,,,,,,,,,,,,
500161,グラナダ王国,23635,6291,False,0,,,,,,,,,,,,,,,,,,,,,,,
508945,姉妹共和国,46502,10254,False,0,,,,,,,,,,,,,,,,,,,,,,,
511539,アラウカニア・パタゴニア王国,32939,8983,False,0,,,,,,,,,,,,,,,,,,,,,,,
520024,扶南国,43282,10608,False,1,,,,,,,,,,,,,,,,,,,,,,,
523537,狗奴国,40518,13763,False,0,,,,,,,,,,,,,,,,,,,,,,,
530059,クロアチア独立国,73368,20242,False,1,,,,,,,,,,,,,,,,,,,,,,,
541928,ヴェストファーレン王国,44708,10297,False,0,,,,,,,,,,,,,,,,,,,,,,,
543072,スウェーデン＝フィンランド,42035,10757,False,0,,,,,,,,,,,,,,,,,,,,,,,
547063,桀燕,24614,6443,False,0,20,0,1,0,0,0,2,1,0,0,0,5,0,0,0,2,6,1,1,0,0,0,1
549845,ニザーム王国,105019,28411,False,0,,,,,,,,,,,,,,,,,,,,,,,
555124,スウェーデン＝ノルウェー,109926,39623,False,0,,,,,,,,,,,,,,,,,,,,,,,
566104,大リビア・アラブ社会主義人民ジャマーヒリーヤ国,86260,30680,False,0,,,,,,,,,,,,,,,,,,,,,,,
573105,ガンダーラ,75417,18566,False,0,40,0,2,0,0,0,0,3,0,10,10,2,0,5,0,0,2,1,0,0,0,0,5
573908,ビアフラ共和国,44403,11223,False,0,,,,,,,,,,,,,,,,,,,,,,,
579814,サムドラ・パサイ王国,34075,8828,False,0,,,,,,,,,,,,,,,,,,,,,,,
581496,九州 (中国),29492,8917,False,0,,,,,,,,,,,,,,,,,,,,,,,
594237,ウクライナ・ソビエト社会主義共和国,258338,51280,False,0,,,,,,,,,,,,,,,,,,,,,,,
594275,ウクライナ人民共和国 (ソビエト派),142424,20510,False,0,20,1,2,0,0,0,1,4,0,0,0,4,0,0,0,0,4,1,1,0,0,0,2
594276,ウクライナ・ソビエト共和国,142658,19806,False,0,,,,,,,,,,,,,,,,,,,,,,,
594578,ヴォルガ・ドイツ人自治ソヴィエト社会主義共和国,108148,18391,False,0,,,,,,,,,,,,,,,,,,,,,,,
594821,白ロシア・ソビエト社会主義共和国,199408,25096,False,1,,,,,,,,,,,,,,,,,,,,,,,
600982,ナヒチェヴァン自治共和国,89828,18336,False,0,,,,,,,,,,,,,,,,,,,,,,,
604565,ヘルヴェティア共和国,42743,9823,False,0,,,,,,,,,,,,,,,,,,,,,,,
606179,テッサロニキ王国,35200,10044,False,0,,,,,,,,,,,,,,,,,,,,,,,
613508,ウクライナ人民共和国,214530,48837,False,0,,,,,,,,,,,,,,,,,,,,,,,
613777,カンボジア,199676,48644,False,0,,,,,,,,,,,,,,,,,,,,,,,
620473,ザクセン＝コーブルク＝ゴータ公国,52135,12200,False,0,,,,,,,,,,,,,,,,,,,,,,,
623939,イリュリア,45255,15025,False,0,,,,,,,,,,,,,,,,,,,,,,,
627200,西ウクライナ人民共和国,144939,22072,False,0,,,,,,,,,,,,,,,,,,,,,,,
630720,ネーデルラント連邦共和国,40905,10793,False,0,,,,,,,,,,,,,,,,,,,,,,,
630773,バタヴィア共和国,41143,9803,False,0,16,0,1,0,0,0,1,4,1,0,0,2,0,0,0,0,4,1,1,0,0,0,1
631118,ムスタン王国,32866,10173,False,0,29,2,4,1,0,0,1,5,1,1,1,3,0,1,0,0,3,1,0,0,0,1,4
633820,アンハルト公国,50545,11947,False,0,,,,,,,,,,,,,,,,,,,,,,,
633935,ヴァルデック侯国,89385,19923,False,0,,,,,,,,,,,,,,,,,,,,,,,
634501,ホラント王国,40840,9211,False,0,16,0,1,0,0,0,1,4,1,0,0,2,0,0,0,0,4,1,1,0,0,0,1
637091,ヴュルテンベルク王国,55779,14231,False,0,,,,,,,,,,,,,,,,,,,,,,,
648332,チスパダーナ共和国,56765,11894,False,0,,,,,,,,,,,,,,,,,,,,,,,
656825,ロンバルド＝ヴェネト王国,83810,15202,False,0,,,,,,,,,,,,,,,,,,,,,,,
656870,リーグレ共和国,61048,12076,False,0,,,,,,,,,,,,,,,,,,,,,,,
656924,トランスパダーナ共和国,58335,11289,False,0,15,0,1,0,0,0,0,2,0,0,0,4,0,2,0,0,4,1,0,0,0,0,1
667358,モノモタパ王国,81763,31300,False,0,,,,,,,,,,,,,,,,,,,,,,,
676267,ポズナン大公国,35610,9332,False,0,,,,,,,,,,,,,,,,,,,,,,,
676282,クラクフ共和国,38392,9706,False,0,,,,,,,,,,,,,,,,,,,,,,,
688960,イバラード,34107,9413,False,0,,,,,,,,,,,,,,,,,,,,,,,
690118,メリーランド共和国,41992,12863,False,0,,,,,,,,,,,,,,,,,,,,,,,
698207,プロイセン公国,37947,9713,False,0,,,,,,,,,,,,,,,,,,,,,,,
701016,ワルシャワ公国,71696,22322,False,0,,,,,,,,,,,,,,,,,,,,,,,
702621,アゼルバイジャン・ソビエト社会主義共和国,186389,21805,False,0,,,,,,,,,,,,,,,,,,,,,,,
704334,ジオン共和国,164019,30166,False,0,,,,,,,,,,,,,,,,,,,,,,,
721687,シバ王国,27511,7865,False,0,,,,,,,,,,,,,,,,,,,,,,,
725363,イエメン王国,35954,10293,False,0,,,,,,,,,,,,,,,,,,,,,,,
726018,米帝 (攻殻機動隊),42541,9834,False,0,,,,,,,,,,,,,,,,,,,,,,,
726527,大越,24634,6710,False,0,,,,,,,,,,,,,,,,,,,,,,,
729676,アンティゴノス朝,91688,14762,False,0,,,,,,,,,,,,,,,,,,,,,,,
730412,オーファン王国,33357,14152,False,0,,,,,,,,,,,,,,,,,,,,,,,
733235,マーシア,161565,28942,False,0,43,0,2,0,0,0,2,7,3,2,13,1,3,3,0,0,2,0,0,1,2,0,2
744319,ドミニオン (スタートレック),42551,10223,False,0,,,,,,,,,,,,,,,,,,,,,,,
745949,蔡,42638,8484,False,1,25,0,6,0,0,0,0,0,0,0,0,2,0,0,0,0,2,7,2,0,0,0,6
748144,サルッツォ侯国,57328,12937,False,0,,,,,,,,,,,,,,,,,,,,,,,
748642,中部フランク王国,50153,10783,False,0,,,,,,,,,,,,,,,,,,,,,,,
749591,陳 (春秋),38182,8422,False,1,,,,,,,,,,,,,,,,,,,,,,,
749675,デンマーク・ノルウェー連合王国,28706,7215,False,0,,,,,,,,,,,,,,,,,,,,,,,
750464,ルッカ公国,47283,10989,False,0,,,,,,,,,,,,,,,,,,,,,,,
751058,パルマ公国,52372,11331,False,0,,,,,,,,,,,,,,,,,,,,,,,
751216,イヴァリース,110666,27374,False,0,,,,,,,,,,,,,,,,,,,,,,,
762732,ホルシュタイン公国,72803,25855,False,0,,,,,,,,,,,,,,,,,,,,,,,
762733,シュレースヴィヒ公国,63066,23757,False,0,,,,,,,,,,,,,,,,,,,,,,,
767986,ガリア帝国,55426,16803,False,0,,,,,,,,,,,,,,,,,,,,,,,
770407,クバ王国,31057,10706,False,0,,,,,,,,,,,,,,,,,,,,,,,
774617,テン (中国史),37175,8611,False,0,,,,,,,,,,,,,,,,,,,,,,,
787082,ミティラー,24451,6464,False,0,,,,,,,,,,,,,,,,,,,,,,,
788937,亀茲,83478,29316,False,0,,,,,,,,,,,,,,,,,,,,,,,
795023,明石国,22013,5854,False,0,,,,,,,,,,,,,,,,,,,,,,,
800109,アメン大司祭国家,57871,16027,False,0,,,,,,,,,,,,,,,,,,,,,,,
809561,曹 (春秋),45469,9713,False,1,,,,,,,,,,,,,,,,,,,,,,,
810213,マハバード共和国,40479,9215,False,0,21,0,2,0,0,0,4,3,1,0,0,3,0,1,0,1,2,0,0,1,0,1,2
832366,夜郎,32399,8445,False,0,,,,,,,,,,,,,,,,,,,,,,,
843029,回鶻,136790,46279,False,0,,,,,,,,,,,,,,,,,,,,,,,
851523,毛の王国,37611,12810,False,0,,,,,,,,,,,,,,,,,,,,,,,
852176,スペイン共和国,21236,6049,True,0,,,,,,,,,,,,,,,,,,,,,,,
852568,新・毛の王国,45185,15793,False,0,,,,,,,,,,,,,,,,,,,,,,,
859505,ウェセックス,94532,34201,False,0,,,,,,,,,,,,,,,,,,,,,,,
863218,クメール共和国,42134,9579,False,1,,,,,,,,,,,,,,,,,,,,,,,
863260,アラブ連合共和国,64107,24107,False,0,65,0,4,1,1,0,1,5,0,9,4,5,2,2,0,0,8,14,1,0,2,2,4
864912,大真国,39785,8033,False,0,,,,,,,,,,,,,,,,,,,,,,,
868579,バイエルン公国,111450,37560,False,0,,,,,,,,,,,,,,,,,,,,,,,
874200,ベラルーシ人民共和国,141469,19188,False,1,22,0,1,0,0,0,1,6,0,0,0,4,1,0,3,0,1,1,0,1,2,0,1
877991,文郎国,48437,12706,False,0,18,0,2,0,0,0,0,2,0,0,0,2,0,0,0,0,2,7,1,0,0,0,2
879716,スポレート公国,48571,10183,False,0,,,,,,,,,,,,,,,,,,,,,,,
887232,アルフヘイム,42077,8201,False,0,,,,,,,,,,,,,,,,,,,,,,,
893832,シックス・フラッグス・オーバー・テキサス,46143,12766,False,0,,,,,,,,,,,,,,,,,,,,,,,
895055,ネーデルラント連合王国,50542,12705,False,0,,,,,,,,,,,,,,,,,,,,,,,
895068,ブハラ人民ソビエト共和国,139297,22461,False,0,26,0,1,1,0,0,3,8,0,0,0,3,0,2,1,0,3,0,1,0,1,1,1
897000,ノリクム,81276,16856,False,0,29,0,12,0,0,0,0,1,0,2,0,2,0,1,0,0,1,8,0,0,0,0,2
899853,南アフリカ連邦,97301,20903,False,0,33,0,4,1,1,0,3,6,0,0,0,3,3,1,0,0,3,0,1,1,0,2,4
901896,グルジア民主共和国,130144,19408,False,0,,,,,,,,,,,,,,,,,,,,,,,
901990,ザカフカース民主連邦共和国,42343,12350,False,0,,,,,,,,,,,,,,,,,,,,,,,
907180,朝鮮民主主義人民共和国,712577,203707,False,1,,,,,,,,,,,,,,,,,,,,,,,
910888,ベルギー合衆国,58954,14755,False,1,,,,,,,,,,,,,,,,,,,,,,,
911002,拂菻,28858,9201,False,0,,,,,,,,,,,,,,,,,,,,,,,
913939,アラブ連邦,34867,9370,False,0,,,,,,,,,,,,,,,,,,,,,,,
913959,南アラビア連邦,47679,9815,False,0,,,,,,,,,,,,,,,,,,,,,,,
914589,フィンランド王国,136902,19456,False,0,,,,,,,,,,,,,,,,,,,,,,,
914609,ブルグント王国,64970,21322,False,0,,,,,,,,,,,,,,,,,,,,,,,
921069,上下エジプト,24311,6863,False,0,6,0,0,0,0,0,0,0,0,2,0,1,0,0,0,0,0,2,1,0,0,0,0
925429,オーシア連邦,67627,23808,False,0,,,,,,,,,,,,,,,,,,,,,,,
926765,ブルガリア,178263,34710,False,0,,,,,,,,,,,,,,,,,,,,,,,
933101,悪の帝国,27947,8326,False,0,2,0,0,0,0,0,0,1,0,0,0,0,0,0,0,0,0,0,1,0,0,0,0
956939,ベルカ公国,61862,26141,False,0,,,,,,,,,,,,,,,,,,,,,,,
957211,ゼ・バルマリィ帝国,346302,181179,False,37,,,,,,,,,,,,,,,,,,,,,,,
957216,オーレリア連邦共和国,49849,15113,False,0,,,,,,,,,,,,,,,,,,,,,,,
959357,アルメニア王国,100561,21916,False,0,,,,,,,,,,,,,,,,,,,,,,,
959739,モンフェッラート侯国,77263,14371,False,0,,,,,,,,,,,,,,,,,,,,,,,
964315,イングランド王国,84681,22737,False,0,,,,,,,,,,,,,,,,,,,,,,,
972753,ビテュニア,91719,20701,False,0,,,,,,,,,,,,,,,,,,,,,,,
973818,ヴァナヘイム,47573,10258,False,0,,,,,,,,,,,,,,,,,,,,,,,
983939,民主カンプチア,102312,31322,False,1,,,,,,,,,,,,,,,,,,,,,,,
984963,わちふぃーるど,138570,82133,False,0,,,,,,,,,,,,,,,,,,,,,,,
994379,ナーン王国,40678,14575,False,0,,,,,,,,,,,,,,,,,,,,,,,
996357,パヤオ王国,37566,10491,False,1,,,,,,,,,,,,,,,,,,,,,,,
996685,プレー王国,29564,8448,False,0,,,,,,,,,,,,,,,,,,,,,,,
999084,于山国,34020,11012,False,0,,,,,,,,,,,,,,,,,,,,,,,
1002979,レサス民主共和国,40511,9818,False,0,,,,,,,,,,,,,,,,,,,,,,,
1003888,ヘーチマン国家,115690,33637,False,0,,,,,,,,,,,,,,,,,,,,,,,
1004110,英連邦王国,118332,28724,False,0,,,,,,,,,,,,,,,,,,,,,,,
1006756,ビルマ国,56604,13923,False,0,,,,,,,,,,,,,,,,,,,,,,,
1008530,東甌,29722,8654,False,0,12,0,1,0,0,0,0,2,0,0,0,3,1,0,0,0,1,2,1,0,0,0,1
1008585,ティベリーナ共和国,56524,10922,False,0,,,,,,,,,,,,,,,,,,,,,,,
1008947,イタリア共和国 (1802年-1805年),65934,12702,False,0,,,,,,,,,,,,,,,,,,,,,,,
1009543,フィレンツェ共和国,50532,10565,False,0,,,,,,,,,,,,,,,,,,,,,,,
1013895,イタリア王国 (1805年-1814年),66943,13823,False,0,15,0,2,0,0,0,1,1,0,0,0,2,1,1,0,0,4,0,1,0,0,0,2
1014585,ブラバント公国,35529,10334,False,0,,,,,,,,,,,,,,,,,,,,,,,
1017565,イラク王国,75286,22724,False,0,,,,,,,,,,,,,,,,,,,,,,,
1021732,修羅の国,86932,40822,False,0,,,,,,,,,,,,,,,,,,,,,,,
1025142,北山王国,32400,8686,False,0,24,0,2,0,0,0,0,2,0,12,0,2,0,0,0,0,3,1,1,0,0,0,1
1025362,南山王国,32413,8596,False,0,,,,,,,,,,,,,,,,,,,,,,,
1025420,中山王国,31074,8077,False,0,,,,,,,,,,,,,,,,,,,,,,,
1026894,ロレーヌ公国,60208,17066,False,0,,,,,,,,,,,,,,,,,,,,,,,
1028908,ロタリンギア,35759,9695,False,0,,,,,,,,,,,,,,,,,,,,,,,
1032230,フィレンツェ公国,48820,10368,False,0,,,,,,,,,,,,,,,,,,,,,,,
1035995,在日ペルー人,71936,15839,False,1,,,,,,,,,,,,,,,,,,,,,,,
1039836,鬼方,22242,6105,False,0,,,,,,,,,,,,,,,,,,,,,,,
1041196,バーモント共和国,38450,11513,False,0,,,,,,,,,,,,,,,,,,,,,,,
1052002,ウスティオ共和国,41322,11033,False,0,,,,,,,,,,,,,,,,,,,,,,,
1053697,アルバ共和国,57392,11398,False,0,,,,,,,,,,,,,,,,,,,,,,,
1055542,シント・マールテン,91562,23635,False,0,,,,,,,,,,,,,,,,,,,,,,,
1063472,滕,27808,6715,False,1,,,,,,,,,,,,,,,,,,,,,,,
1066983,ケイ (春秋),25821,7148,False,1,,,,,,,,,,,,,,,,,,,,,,,
1067041,単 (春秋),21825,5878,False,1,9,0,2,0,0,0,0,0,0,0,0,2,0,0,0,0,1,1,1,0,0,0,2
1069545,温,27580,6920,False,1,10,0,0,0,0,0,0,3,0,0,0,1,0,0,0,0,2,2,1,0,0,0,1
1069590,成 (春秋),23338,5933,False,1,,,,,,,,,,,,,,,,,,,,,,,
1076906,ウルビーノ公国,63057,13834,False,0,,,,,,,,,,,,,,,,,,,,,,,
1083296,伽耶,120733,43074,False,1,,,,,,,,,,,,,,,,,,,,,,,
1084652,エジプト王国,52750,13811,False,0,,,,,,,,,,,,,,,,,,,,,,,
1087564,ポルトガル王国,41864,10433,False,0,,,,,,,,,,,,,,,,,,,,,,,
1087960,ガラティア,140868,20596,False,0,23,0,1,0,0,0,0,6,1,0,1,1,1,3,0,0,0,2,0,0,6,0,1
1093228,西フロリダ,92879,25475,False,0,,,,,,,,,,,,,,,,,,,,,,,
1103423,フリギア,51848,18079,False,0,,,,,,,,,,,,,,,,,,,,,,,
1103892,フランクリン国,37654,15560,False,0,25,1,4,0,0,0,0,3,1,1,0,1,0,2,0,1,1,6,0,0,0,0,4
1113378,ポーランド・リトアニア共和国,308154,90703,False,0,238,0,40,2,1,0,8,111,0,4,8,8,10,1,5,4,6,10,0,2,9,2,7
1119369,オーストラリア,351381,82345,False,1,116,0,25,1,1,1,3,16,1,24,9,2,12,2,4,2,0,0,0,3,6,1,3
1123881,ハールィチ・ヴォルィーニ大公国,123208,29797,False,0,39,0,6,0,0,0,1,4,0,0,0,3,2,2,0,0,3,2,1,1,11,0,3
1125469,ナバテア王国,104557,32912,False,1,56,5,8,0,0,0,0,1,0,0,10,3,3,2,0,0,5,7,0,0,4,2,6
1137001,ノヴゴロド公国,122360,52052,False,1,,,,,,,,,,,,,,,,,,,,,,,
1144169,スロベニア人・クロアチア人・セルビア人国,54625,13059,False,0,,,,,,,,,,,,,,,,,,,,,,,
1150165,ルッカ・エ・ピオンビーノ公国,58447,11257,False,0,,,,,,,,,,,,,,,,,,,,,,,
1158717,ニヴルヘイム,44412,9551,False,0,,,,,,,,,,,,,,,,,,,,,,,
1162457,ヴォルィーニ公国,29779,7672,False,0,,,,,,,,,,,,,,,,,,,,,,,
1162669,ハールィチ公国,30693,7600,False,0,,,,,,,,,,,,,,,,,,,,,,,
1171449,ケント王国,70373,10709,False,0,,,,,,,,,,,,,,,,,,,,,,,
1171579,ヴォルガ・ブルガール,51687,16634,False,0,,,,,,,,,,,,,,,,,,,,,,,
1185408,ミャンマー,342653,97939,False,0,,,,,,,,,,,,,,,,,,,,,,,
1190501,機械帝国,88965,42690,False,0,,,,,,,,,,,,,,,,,,,,,,,
1192338,パルミラ王国,38099,10668,False,0,21,0,3,0,0,0,1,6,0,0,0,4,0,1,0,0,4,0,0,0,0,0,2
1194800,ピンドス公国・マケドニア公国,43505,13742,False,0,,,,,,,,,,,,,,,,,,,,,,,
1204435,マインツ共和国,58736,20015,False,0,,,,,,,,,,,,,,,,,,,,,,,
1204437,エントレ・リオス共和国,30707,7620,False,0,,,,,,,,,,,,,,,,,,,,,,,
1219363,マイソール王国,154840,47687,False,0,,,,,,,,,,,,,,,,,,,,,,,
1238504,リオグランデ共和国,51506,14997,False,0,,,,,,,,,,,,,,,,,,,,,,,
1247224,スロバキア共和国 (1939年-1945年),89650,27748,False,0,56,0,2,1,1,0,2,19,0,0,2,3,12,0,0,1,3,0,1,1,5,1,2
1247364,アラブ共和国連邦,41513,10160,False,0,20,0,0,1,1,0,1,5,0,0,0,3,0,0,0,0,3,4,1,0,0,1,0
1248871,ユークトバニア連邦共和国,59262,18233,False,0,,,,,,,,,,,,,,,,,,,,,,,
1253062,シャンシュン王国,34260,8257,False,1,20,0,2,0,0,0,0,6,0,3,1,2,0,1,0,0,2,0,1,0,0,0,2
1254023,トランスバール皇国,69278,29742,False,0,,,,,,,,,,,,,,,,,,,,,,,
1260700,高昌,80742,26795,False,0,,,,,,,,,,,,,,,,,,,,,,,
1276486,第一次サウード王国,39190,10723,False,0,,,,,,,,,,,,,,,,,,,,,,,
1276768,モルダビア・ソビエト社会主義共和国,88707,12307,False,0,,,,,,,,,,,,,,,,,,,,,,,
1277266,シエラレオネ,158426,37796,False,0,,,,,,,,,,,,,,,,,,,,,,,
1278121,ドゥムノニア,66592,13214,False,0,15,0,0,0,0,0,0,6,1,0,2,1,2,0,0,0,1,2,0,0,0,0,0
1294516,ホータン王国,64378,22037,False,0,,,,,,,,,,,,,,,,,,,,,,,
1304356,コルキス,66239,24789,False,0,,,,,,,,,,,,,,,,,,,,,,,
1306348,エストバキア連邦,54642,19507,False,0,,,,,,,,,,,,,,,,,,,,,,,
1308326,エメリア共和国,63537,24646,False,0,,,,,,,,,,,,,,,,,,,,,,,
1313660,マギンダナオ王国,35557,9674,False,1,,,,,,,,,,,,,,,,,,,,,,,
1314040,スールー王国,62951,19414,False,1,,,,,,,,,,,,,,,,,,,,,,,
1332193,アルメニア・ソビエト社会主義共和国,290153,56075,False,0,,,,,,,,,,,,,,,,,,,,,,,
1339158,マグ・メル,26973,7842,False,0,,,,,,,,,,,,,,,,,,,,,,,
1363327,ウィッチェ,25271,8414,False,0,,,,,,,,,,,,,,,,,,,,,,,
1372241,シッキム王国,87595,27764,False,0,,,,,,,,,,,,,,,,,,,,,,,
1373929,ポルトガル・ブラジル及びアルガルヴェ連合王国,37472,9170,False,0,,,,,,,,,,,,,,,,,,,,,,,
1378780,ベラルーシ・ロシア連合国家,87043,21196,False,0,,,,,,,,,,,,,,,,,,,,,,,
1390478,チェチェン・イングーシ自治ソビエト社会主義共和国,95727,15253,False,0,,,,,,,,,,,,,,,,,,,,,,,
1392128,大観園,27079,8052,False,0,,,,,,,,,,,,,,,,,,,,,,,
1408413,ヤムハド,32636,12381,False,0,,,,,,,,,,,,,,,,,,,,,,,
1412611,東突厥,74611,26218,False,0,,,,,,,,,,,,,,,,,,,,,,,
1412721,西突厥,84287,31206,False,0,,,,,,,,,,,,,,,,,,,,,,,
1415071,キリキア・アルメニア王国,261141,48866,False,0,,,,,,,,,,,,,,,,,,,,,,,
1425681,ヘッセン大公国,49399,12134,False,0,29,0,4,1,1,1,0,6,0,6,0,2,1,1,0,0,1,0,0,0,0,1,4
1426138,ペルー・ボリビア連合,37096,8888,False,1,,,,,,,,,,,,,,,,,,,,,,,
1426930,大日本帝国,186990,54460,False,0,,,,,,,,,,,,,,,,,,,,,,,
1429279,アマルフィ公国,45016,10236,False,0,,,,,,,,,,,,,,,,,,,,,,,
1430660,十二国,270211,189984,False,0,,,,,,,,,,,,,,,,,,,,,,,
1438855,エチオピア帝国,70796,19109,False,0,46,0,3,0,0,0,1,13,0,1,4,4,4,3,0,0,6,2,1,1,0,0,3
1443906,エチオピア,236307,60557,False,0,,,,,,,,,,,,,,,,,,,,,,,
1457436,マガダ国,56022,12867,False,0,,,,,,,,,,,,,,,,,,,,,,,
1457437,コーサラ国,64262,15527,False,0,,,,,,,,,,,,,,,,,,,,,,,
1457448,アンガ国,35325,9885,False,0,,,,,,,,,,,,,,,,,,,,,,,
1458953,ルーマニア社会主義共和国,69124,16150,False,0,,,,,,,,,,,,,,,,,,,,,,,
1461697,クルンクン王国,23226,7613,False,0,,,,,,,,,,,,,,,,,,,,,,,
1467655,ブルガリア人民共和国,103823,21829,False,1,,,,,,,,,,,,,,,,,,,,,,,
1476008,大ブルガリア (中世),66933,18664,False,1,,,,,,,,,,,,,,,,,,,,,,,
1480323,ハミド侯国,20325,5721,False,0,,,,,,,,,,,,,,,,,,,,,,,
1480363,テケ侯国,20526,5678,False,0,,,,,,,,,,,,,,,,,,,,,,,
1480980,ザクセン＝マイニンゲン公国,52773,11084,False,0,,,,,,,,,,,,,,,,,,,,,,,
1481188,メンテシェ侯国,26857,7744,False,0,,,,,,,,,,,,,,,,,,,,,,,
1482360,アイドゥン侯国,21758,6178,False,0,,,,,,,,,,,,,,,,,,,,,,,
1491164,クライナ・セルビア人共和国,189768,58259,False,0,,,,,,,,,,,,,,,,,,,,,,,
1495915,ヘルツェグ＝ボスナ・クロアチア人共和国,124071,25559,False,0,,,,,,,,,,,,,,,,,,,,,,,
1499569,リーフ共和国,32610,8797,False,0,,,,,,,,,,,,,,,,,,,,,,,
1500239,グルジア・ソビエト社会主義共和国,194741,25399,False,0,,,,,,,,,,,,,,,,,,,,,,,
1503198,スペイン帝国,59708,14409,False,0,,,,,,,,,,,,,,,,,,,,,,,
1503432,カランガスム王国,25954,8446,False,0,,,,,,,,,,,,,,,,,,,,,,,
1505012,アルゼンチン連合,41205,10316,False,0,19,0,1,0,0,0,1,2,0,0,0,2,3,0,0,2,3,1,0,3,0,0,1
1505421,ゲルゲル王国,21743,7268,False,0,,,,,,,,,,,,,,,,,,,,,,,
1505930,サルハン侯国,19043,5350,False,0,,,,,,,,,,,,,,,,,,,,,,,
1506285,ヒンドゥスターン,35472,9609,False,0,,,,,,,,,,,,,,,,,,,,,,,
1511409,邪馬台国,148933,65912,False,0,,,,,,,,,,,,,,,,,,,,,,,
1512163,ガリシア王国,99667,25495,False,6,23,0,1,0,0,0,0,5,0,2,2,2,0,2,0,0,7,1,0,0,0,0,1
1517071,アイスランド王国,31007,8188,False,0,,,,,,,,,,,,,,,,,,,,,,,
1518763,ブルガリア王国 (近代),53760,12599,False,1,,,,,,,,,,,,,,,,,,,,,,,
1519034,アラゴン連合王国,39308,10273,False,0,,,,,,,,,,,,,,,,,,,,,,,
1519733,アルバニア公国,37546,10235,False,0,,,,,,,,,,,,,,,,,,,,,,,
1520811,アルバニア共和国 (1925年-1928年),34526,9061,False,0,,,,,,,,,,,,,,,,,,,,,,,
1520821,アルバニア王国 (近代),45777,13276,False,0,,,,,,,,,,,,,,,,,,,,,,,
1521786,イングランド共和国,55457,21920,False,0,,,,,,,,,,,,,,,,,,,,,,,
1522852,ザンジバル王国,26587,7285,False,0,,,,,,,,,,,,,,,,,,,,,,,
1523420,ザンジバル人民共和国,26308,7373,False,0,,,,,,,,,,,,,,,,,,,,,,,
1530622,マラーター王国,159457,47747,False,0,,,,,,,,,,,,,,,,,,,,,,,
1530729,ゴールコンダ王国,66564,17473,False,0,36,0,6,0,0,0,4,5,0,1,1,3,2,2,0,0,4,1,1,0,0,0,6
1531850,エストニア・ソビエト社会主義共和国,91446,13208,False,0,,,,,,,,,,,,,,,,,,,,,,,
1531858,ラトビア・ソビエト社会主義共和国,91307,12941,False,0,,,,,,,,,,,,,,,,,,,,,,,
1531879,リトアニア・ソビエト社会主義共和国,96211,14005,False,0,,,,,,,,,,,,,,,,,,,,,,,
1532103,カレロ＝フィン・ソビエト社会主義共和国,106951,17116,False,0,45,9,1,1,1,0,2,11,0,1,0,5,2,0,2,0,5,0,1,2,0,1,1
1533826,ズールー王国,37011,8859,False,0,,,,,,,,,,,,,,,,,,,,,,,
1537989,ナタール共和国,44896,9276,False,0,,,,,,,,,,,,,,,,,,,,,,,
1539455,トロ王国,33175,9094,False,0,20,2,2,0,0,0,0,1,0,4,0,2,0,2,0,0,1,1,0,0,3,0,2
1543251,マヨルカ王国,43484,15075,False,0,,,,,,,,,,,,,,,,,,,,,,,
1548130,アリティア王国,128707,60334,False,0,,,,,,,,,,,,,,,,,,,,,,,
1548131,タリス王国,100359,38356,False,0,,,,,,,,,,,,,,,,,,,,,,,
1548132,オレルアン王国,83864,32050,False,0,,,,,,,,,,,,,,,,,,,,,,,
1548133,マケドニア王国 (ファイアーエムブレム),105727,44320,False,0,,,,,,,,,,,,,,,,,,,,,,,
1548140,グルニア王国,89838,34968,False,0,,,,,,,,,,,,,,,,,,,,,,,
1548143,アカネイア王国,134561,66892,False,0,,,,,,,,,,,,,,,,,,,,,,,
1557552,チムー王国,26448,7019,False,0,15,0,2,0,0,0,2,1,0,0,0,3,0,0,0,0,3,1,1,0,0,0,2
1560582,スロベニア社会主義共和国,56404,11379,False,0,,,,,,,,,,,,,,,,,,,,,,,
1560583,スロベニア共和国 (1990年-1991年),45150,9278,False,0,15,1,0,1,1,0,0,2,0,0,0,4,0,0,0,0,3,0,1,0,0,1,1
1560593,ボスニア・ヘルツェゴビナ社会主義共和国,66768,14719,False,0,,,,,,,,,,,,,,,,,,,,,,,
1560594,ボスニア・ヘルツェゴビナ共和国 (1990年-1992年),48895,9824,False,0,,,,,,,,,,,,,,,,,,,,,,,
1563124,ルーマニア王国,49171,12320,False,0,,,,,,,,,,,,,,,,,,,,,,,
1563151,スコットランド王国,100624,33042,False,0,,,,,,,,,,,,,,,,,,,,,,,
1563175,リビア王国,38922,10926,False,0,,,,,,,,,,,,,,,,,,,,,,,
1564815,アルバニア社会主義人民共和国,59033,13152,False,0,,,,,,,,,,,,,,,,,,,,,,,
1568551,モンテネグロ社会主義共和国,59577,12601,False,0,,,,,,,,,,,,,,,,,,,,,,,
1568576,モンテネグロ共和国 (1992年-2006年),51273,13840,False,0,,,,,,,,,,,,,,,,,,,,,,,
1569189,インド連邦 (ドミニオン),35442,8772,False,0,,,,,,,,,,,,,,,,,,,,,,,
1569265,カンボジア王国 (1954年-1970年),44781,11016,False,1,,,,,,,,,,,,,,,,,,,,,,,
1569863,マケドニア共和国 (1991年),45229,9186,False,0,,,,,,,,,,,,,,,,,,,,,,,
1574671,セルビア社会主義共和国,72048,18272,False,0,,,,,,,,,,,,,,,,,,,,,,,
1584452,ブニョロ,31835,8388,False,0,,,,,,,,,,,,,,,,,,,,,,,
1584697,クリミア王国,108461,58348,False,0,,,,,,,,,,,,,,,,,,,,,,,
1584699,デイン王国,124067,73115,False,0,,,,,,,,,,,,,,,,,,,,,,,
1584700,ベグニオン帝国,122553,73050,False,0,,,,,,,,,,,,,,,,,,,,,,,
1590217,マケドニア社会主義共和国,69802,16072,False,0,,,,,,,,,,,,,,,,,,,,,,,
1591698,アンコーレ王国,40147,10828,False,0,,,,,,,,,,,,,,,,,,,,,,,
1595703,ベニン共和国,27669,7608,False,0,,,,,,,,,,,,,,,,,,,,,,,
1596961,チェコスロバキア社会主義共和国,98576,18457,False,0,,,,,,,,,,,,,,,,,,,,,,,
1600591,トルキスタン自治ソビエト社会主義共和国,187436,21886,False,0,,,,,,,,,,,,,,,,,,,,,,,
1600792,クロアチア社会主義共和国,83259,23825,False,0,,,,,,,,,,,,,,,,,,,,,,,
1600811,クロアチア共和国 (1990年-1991年),48012,10813,False,0,11,2,2,0,0,0,0,1,0,0,0,2,0,0,0,0,2,0,0,1,0,0,1
1602022,セルビア共和国 (1992年-2006年),65444,19266,False,0,,,,,,,,,,,,,,,,,,,,,,,
1605329,辰国,42998,11689,False,0,,,,,,,,,,,,,,,,,,,,,,,
1611115,リャザン公国,46990,12946,False,0,,,,,,,,,,,,,,,,,,,,,,,
1611218,チェルニーヒウ公国,35209,10010,False,0,,,,,,,,,,,,,,,,,,,,,,,
1612000,ベロオーゼロ公国,23780,7018,False,0,19,2,4,0,0,0,0,2,0,3,0,2,0,2,0,0,2,1,0,0,0,0,1
1612143,ムーロム公国,26107,7957,False,0,,,,,,,,,,,,,,,,,,,,,,,
1613356,アテネ公国,58505,16859,False,0,,,,,,,,,,,,,,,,,,,,,,,
1614158,オカ川上流公国群,28641,8494,False,0,,,,,,,,,,,,,,,,,,,,,,,
1622956,アシャンティ王国,38688,10990,False,0,,,,,,,,,,,,,,,,,,,,,,,
1630297,カンプチア人民共和国,69305,15337,False,1,,,,,,,,,,,,,,,,,,,,,,,
1632551,クメン王国,46540,14586,False,0,,,,,,,,,,,,,,,,,,,,,,,
1635514,ギルガメス,47485,13912,False,0,,,,,,,,,,,,,,,,,,,,,,,
1635588,バララント,52594,18145,False,0,,,,,,,,,,,,,,,,,,,,,,,
1637775,トゥヴァ人民共和国,162715,24939,False,0,,,,,,,,,,,,,,,,,,,,,,,
1645594,トランシルヴァニア公国,54079,18405,False,0,,,,,,,,,,,,,,,,,,,,,,,
1647679,グアスタッラ公国,58769,12682,False,0,,,,,,,,,,,,,,,,,,,,,,,
1656459,ケルンテン公国,119011,22087,False,0,,,,,,,,,,,,,,,,,,,,,,,
1658471,ソコト帝国,38547,10220,False,0,,,,,,,,,,,,,,,,,,,,,,,
1658507,ベニン王国,34093,9593,False,0,,,,,,,,,,,,,,,,,,,,,,,
1676360,女国,27336,9491,False,0,,,,,,,,,,,,,,,,,,,,,,,
1680294,カタルーニャ君主国,69562,24282,False,0,,,,,,,,,,,,,,,,,,,,,,,
1682132,セルビア帝国,28643,7475,False,0,,,,,,,,,,,,,,,,,,,,,,,
1683877,孤竹国,26303,7064,False,1,,,,,,,,,,,,,,,,,,,,,,,
1687842,カリンガ国,28335,8631,False,0,,,,,,,,,,,,,,,,,,,,,,,
1695484,マツヤ国,50287,9863,False,0,19,0,2,0,0,0,0,5,0,2,0,1,0,4,0,0,0,1,0,0,2,0,2
1698614,パンチャーラ国,35797,8220,False,0,,,,,,,,,,,,,,,,,,,,,,,
1698786,クル国,46150,10802,False,0,37,0,9,0,0,0,0,2,0,3,1,1,1,2,0,0,1,12,0,0,1,0,4
1698820,オランダ,311381,89921,False,0,,,,,,,,,,,,,,,,,,,,,,,
1698824,ベルギー,279883,74404,False,0,,,,,,,,,,,,,,,,,,,,,,,
1698826,スペイン,388716,96510,False,0,,,,,,,,,,,,,,,,,,,,,,,
1698830,カナダ,379394,94002,False,1,,,,,,,,,,,,,,,,,,,,,,,
1698838,アメリカ合衆国,650145,178414,False,1,,,,,,,,,,,,,,,,,,,,,,,
1698846,南アフリカ共和国,324648,84245,False,0,,,,,,,,,,,,,,,,,,,,,,,
1698850,デンマーク,217504,52273,False,0,,,,,,,,,,,,,,,,,,,,,,,
1698859,スウェーデン,308710,81488,False,0,,,,,,,,,,,,,,,,,,,,,,,
1698868,アイスランド,232562,61098,False,0,82,0,12,2,1,1,2,9,1,32,1,2,2,3,0,3,0,0,0,3,0,2,6
1698872,フランス,536931,154320,False,1,,,,,,,,,,,,,,,,,,,,,,,
1698878,ドイツ,595915,157863,False,8,,,,,,,,,,,,,,,,,,,,,,,
1698893,イギリス,457010,115878,False,0,,,,,,,,,,,,,,,,,,,,,,,
1700509,ジャパン,39599,12548,False,0,,,,,,,,,,,,,,,,,,,,,,,
1700974,ヴァッジ国,49702,10629,False,0,,,,,,,,,,,,,,,,,,,,,,,
1701208,マッラ国,32865,8822,False,0,,,,,,,,,,,,,,,,,,,,,,,
1701286,タルテッソス,36251,10627,False,0,,,,,,,,,,,,,,,,,,,,,,,
1702139,ヴァツサ国,37449,11371,False,0,25,0,7,0,0,0,0,4,1,1,1,1,0,0,0,0,1,2,0,0,0,0,7
1702223,アチェ王国,58259,18413,False,0,,,,,,,,,,,,,,,,,,,,,,,
1702668,チェーディ国,31429,9720,False,0,,,,,,,,,,,,,,,,,,,,,,,
1713667,庸 (春秋),21800,6014,False,0,8,0,0,0,0,0,0,1,0,0,0,1,0,0,0,0,2,3,1,0,0,0,0
1716307,モンテネグロ王国,45246,11853,False,0,,,,,,,,,,,,,,,,,,,,,,,
1716812,クスコ王国,35601,9827,False,0,,,,,,,,,,,,,,,,,,,,,,,
1716997,チュウ (春秋),37920,8644,False,1,,,,,,,,,,,,,,,,,,,,,,,
1719236,ユーゴスラビア王国,226553,67373,False,0,,,,,,,,,,,,,,,,,,,,,,,
1732060,バレンシア王国,57130,24981,False,0,,,,,,,,,,,,,,,,,,,,,,,
1738274,バドゥン王国,21167,6967,False,0,,,,,,,,,,,,,,,,,,,,,,,
1742978,チャンパーサック王国,65344,15731,False,0,,,,,,,,,,,,,,,,,,,,,,,
1757910,B.A.B.E.L.,179862,112421,False,0,,,,,,,,,,,,,,,,,,,,,,,
1758480,カラカルパク自治ソビエト社会主義共和国,92905,13236,False,0,,,,,,,,,,,,,,,,,,,,,,,
1759001,クレーマ共和国,54798,10816,False,0,,,,,,,,,,,,,,,,,,,,,,,
1759272,カザフ自治ソビエト社会主義共和国,115549,15657,False,0,,,,,,,,,,,,,,,,,,,,,,,
1760118,ヌエバ・グラナダ共和国,32777,8157,False,0,,,,,,,,,,,,,,,,,,,,,,,
1762161,北イングリア共和国,124743,17379,False,0,14,0,1,0,0,0,1,2,0,0,0,3,0,1,1,0,3,1,0,0,0,0,1
1762399,ラトビア,164784,39514,False,0,,,,,,,,,,,,,,,,,,,,,,,
1764652,ハンガリー王国 (1920年-1946年),157653,48474,False,1,,,,,,,,,,,,,,,,,,,,,,,
1769965,オヨ王国,27198,7525,False,0,14,0,1,0,0,0,1,1,0,0,0,4,0,0,0,0,4,1,0,0,0,1,1
1770717,ノースランド国,35339,8753,False,0,,,,,,,,,,,,,,,,,,,,,,,
1770779,ロシア・ツァーリ国,115283,38848,False,1,,,,,,,,,,,,,,,,,,,,,,,
1774444,バルト連合公国,160917,28615,False,0,,,,,,,,,,,,,,,,,,,,,,,
1775230,シベリア共和国,128572,18701,False,0,,,,,,,,,,,,,,,,,,,,,,,
1775735,ベトナム,567331,147570,False,0,,,,,,,,,,,,,,,,,,,,,,,
1778113,セイロン (ドミニオン),40904,9680,False,0,,,,,,,,,,,,,,,,,,,,,,,
1779001,ウェールズ公国,49296,12018,False,0,,,,,,,,,,,,,,,,,,,,,,,
1795627,サヴォイア伯国,69086,14741,False,0,,,,,,,,,,,,,,,,,,,,,,,
1795727,オーストリア大公国,48123,12599,False,0,,,,,,,,,,,,,,,,,,,,,,,
1795728,オーストリア公国,42422,10193,False,0,,,,,,,,,,,,,,,,,,,,,,,
1798261,イースト・アングリア王国,60334,9645,False,0,,,,,,,,,,,,,,,,,,,,,,,
1798680,ナクソス公国,43348,11563,False,0,,,,,,,,,,,,,,,,,,,,,,,
1802142,エストニア公国,26916,8194,False,0,,,,,,,,,,,,,,,,,,,,,,,
1806053,カルパト・ウクライナ,69687,18452,False,0,,,,,,,,,,,,,,,,,,,,,,,
1808524,ルワンダ王国,43288,10886,False,0,,,,,,,,,,,,,,,,,,,,,,,
1808567,ブルンジ王国,40711,9786,False,0,,,,,,,,,,,,,,,,,,,,,,,
1808684,パラオ,146183,42784,False,0,,,,,,,,,,,,,,,,,,,,,,,
1808768,ムザッファル朝,61674,18553,False,0,,,,,,,,,,,,,,,,,,,,,,,
1812083,マゾフシェ公国,36671,9605,False,0,,,,,,,,,,,,,,,,,,,,,,,
1812201,イタリア王国 (中世),155128,51761,False,0,,,,,,,,,,,,,,,,,,,,,,,
1812211,プロヴァンス王国,44105,12949,False,0,,,,,,,,,,,,,,,,,,,,,,,
1812288,バダホス王国,22767,5956,False,0,,,,,,,,,,,,,,,,,,,,,,,
1812324,セビリア王国,22353,5897,False,0,4,0,1,0,0,0,0,1,0,0,0,0,0,0,0,0,1,0,0,0,0,0,1
1812329,サラゴサ王国,23801,6264,False,0,,,,,,,,,,,,,,,,,,,,,,,
1812674,トレド王国,22276,5938,False,0,5,0,1,0,0,0,0,2,0,0,0,0,0,0,0,0,1,0,0,0,0,0,1
1812692,コルドバ王国,23034,6340,False,0,,,,,,,,,,,,,,,,,,,,,,,
1813621,シロンスク公国,35429,9673,False,0,,,,,,,,,,,,,,,,,,,,,,,
1813742,シロンスク公国群,54813,15332,False,0,,,,,,,,,,,,,,,,,,,,,,,
1814601,チェシン公国,57765,13826,False,0,31,2,2,1,1,0,4,8,0,0,4,2,2,2,0,0,1,0,0,0,0,0,2
1817982,フェズ王国,29784,7474,False,0,,,,,,,,,,,,,,,,,,,,,,,
1819269,セルビア公国 (近代),52342,17182,False,0,40,2,3,0,0,0,1,1,0,1,2,5,3,1,10,0,5,0,1,0,2,0,3
1819276,セルビア公国 (中世),35166,9090,False,0,,,,,,,,,,,,,,,,,,,,,,,
1819317,モンテネグロ公国,33175,8371,False,0,,,,,,,,,,,,,,,,,,,,,,,
1820131,アラシュ自治国,145944,18479,False,0,21,0,2,0,0,0,2,3,0,0,0,4,2,1,0,0,4,1,0,0,0,0,2
1822699,フィンランド社会主義労働者共和国,129446,19551,False,0,,,,,,,,,,,,,,,,,,,,,,,
1823337,クバーニ人民共和国,162184,27440,False,0,,,,,,,,,,,,,,,,,,,,,,,
1827125,リトアニア＝白ロシア・ソビエト社会主義共和国,170493,26009,False,1,,,,,,,,,,,,,,,,,,,,,,,
1832234,北カフカース・ソビエト共和国,128489,17647,False,0,,,,,,,,,,,,,,,,,,,,,,,
1835081,ルーマニア公国,34584,9188,False,0,,,,,,,,,,,,,,,,,,,,,,,
1835615,ドゥマク王国,57314,15010,False,0,16,0,0,0,0,0,0,3,0,0,5,3,0,1,0,0,2,1,1,0,0,0,0
1836522,オポーレ公国,41678,10612,False,0,12,0,1,0,0,0,0,8,0,0,0,1,0,0,0,0,1,0,0,0,0,0,1
1837613,アルル王国,56286,20151,False,0,,,,,,,,,,,,,,,,,,,,,,,
1840988,バンテン王国,52813,15690,False,0,,,,,,,,,,,,,,,,,,,,,,,
1841010,パジャジャラン王国,34203,8860,False,0,,,,,,,,,,,,,,,,,,,,,,,
1843062,ハンガリー評議会共和国,74541,26540,False,0,,,,,,,,,,,,,,,,,,,,,,,
1849499,ユーラブルグント王国,30158,8359,False,0,,,,,,,,,,,,,,,,,,,,,,,
1849519,キスユラブルグント王国,46320,14842,False,0,,,,,,,,,,,,,,,,,,,,,,,
1859280,ジンバブエ・ローデシア,34925,8651,False,0,,,,,,,,,,,,,,,,,,,,,,,
1859300,オレシニツァ公国,58693,12778,False,0,,,,,,,,,,,,,,,,,,,,,,,
1860008,カフカス・アルバニア王国,27174,7576,False,0,,,,,,,,,,,,,,,,,,,,,,,
1863477,烏孫,52314,18531,False,0,,,,,,,,,,,,,,,,,,,,,,,
1864744,日本,958662,292382,False,0,,,,,,,,,,,,,,,,,,,,,,,
1867749,燕国,82638,16161,False,1,,,,,,,,,,,,,,,,,,,,,,,
1871344,那須国,27919,7678,False,0,,,,,,,,,,,,,,,,,,,,,,,
1873096,第二次サウード王国,31619,7725,False,0,15,1,1,0,0,0,1,1,0,0,1,3,1,0,0,0,4,1,0,0,0,0,1
1881201,ナゴルノ・カラバフ共和国,151626,31591,False,0,,,,,,,,,,,,,,,,,,,,,,,
1901605,イオニア七島連邦国,51676,15586,False,0,34,2,0,0,0,0,2,2,0,20,0,2,0,1,0,0,3,2,0,0,0,0,0
1906543,ペレヤースラウ公国,30164,8426,False,0,,,,,,,,,,,,,,,,,,,,,,,
1912854,莎車,40448,14670,False,0,,,,,,,,,,,,,,,,,,,,,,,
1916530,焉耆,63248,19051,False,0,,,,,,,,,,,,,,,,,,,,,,,
1917923,タタール自治ソビエト社会主義共和国,171863,20906,False,0,,,,,,,,,,,,,,,,,,,,,,,
1925899,レグニツァ公国,41880,12787,False,0,,,,,,,,,,,,,,,,,,,,,,,
1926045,ブジェク公国,29993,8301,False,0,,,,,,,,,,,,,,,,,,,,,,,
1926069,ヤヴォル公国,29081,7785,False,0,,,,,,,,,,,,,,,,,,,,,,,
1926188,大チベット,65888,25493,False,0,62,0,0,0,0,0,0,56,0,0,0,0,0,4,2,0,0,0,0,0,0,0,0
1926391,グウォグフ公国,35852,10317,False,0,,,,,,,,,,,,,,,,,,,,,,,
1926923,オシフィエンチム公国,36972,9715,False,0,,,,,,,,,,,,,,,,,,,,,,,
1932906,車師,58160,20472,False,0,,,,,,,,,,,,,,,,,,,,,,,
1938888,マラビ帝国,27964,7949,False,0,,,,,,,,,,,,,,,,,,,,,,,
1940933,コンゴ人民共和国,55387,12462,False,0,,,,,,,,,,,,,,,,,,,,,,,
1955451,クールラント・ゼムガレン公国,72266,24119,False,0,,,,,,,,,,,,,,,,,,,,,,,
1956337,マスコギー国,25716,7316,False,0,,,,,,,,,,,,,,,,,,,,,,,
1963868,イファト・スルタン国,42289,11927,False,0,31,0,8,0,0,0,0,11,0,4,1,1,0,1,0,0,1,4,0,0,0,0,0
1964978,疏勒,49493,16718,False,0,,,,,,,,,,,,,,,,,,,,,,,
1967064,ポーランド第二共和国,169424,25309,False,0,,,,,,,,,,,,,,,,,,,,,,,
1968993,アダル・スルタン国,51171,13839,False,0,,,,,,,,,,,,,,,,,,,,,,,
1971735,カタルーニャ共和国,90566,19760,False,0,,,,,,,,,,,,,,,,,,,,,,,
1972634,ドネツク＝クリヴォーイ・ローク・ソビエト共和国,125698,17116,False,0,,,,,,,,,,,,,,,,,,,,,,,
1975107,ラトビア社会主義ソビエト共和国,135641,20101,False,0,22,0,2,0,0,0,7,2,0,0,0,3,1,1,0,0,3,1,0,0,0,0,2
1979128,悦般,29889,9320,False,0,11,0,0,1,0,0,0,1,0,0,0,1,0,2,0,0,1,1,3,0,0,1,0
1979450,東インドネシア国,31924,8974,False,0,,,,,,,,,,,,,,,,,,,,,,,
1980339,クールラント・ゼムガレン公国 (1918),134430,22286,False,0,25,2,1,0,0,0,4,2,0,1,0,5,0,2,0,0,3,0,0,4,0,0,1
1982684,リトアニア王国 (1918年),129569,17763,False,0,,,,,,,,,,,,,,,,,,,,,,,
1988415,バシキール自治ソビエト社会主義共和国,175158,22434,False,0,,,,,,,,,,,,,,,,,,,,,,,
1988979,タジク自治ソビエト社会主義共和国,102756,14100,False,0,,,,,,,,,,,,,,,,,,,,,,,
1992881,メクレンブルク＝シュヴェリーン,72400,16884,False,0,,,,,,,,,,,,,,,,,,,,,,,
2004445,インディアン・ストリーム共和国,38949,13681,False,0,,,,,,,,,,,,,,,,,,,,,,,
2009483,アフガニスタン民主共和国,32978,8995,False,0,,,,,,,,,,,,,,,,,,,,,,,
2009500,ドイツ騎士団国,41522,10143,False,0,,,,,,,,,,,,,,,,,,,,,,,
2011110,スペイン第一共和政,66229,11081,False,6,,,,,,,,,,,,,,,,,,,,,,,
2011124,フランコ体制下のスペイン,123922,26685,False,6,,,,,,,,,,,,,,,,,,,,,,,
2013368,ハイチ帝国 (1804年-1806年),30483,8080,False,0,,,,,,,,,,,,,,,,,,,,,,,
2013386,ハイチ帝国 (1849年-1859年),34488,9227,False,0,,,,,,,,,,,,,,,,,,,,,,,
2013402,ハイチ国,25227,6519,False,0,,,,,,,,,,,,,,,,,,,,,,,
2013417,ハイチ王国,26909,7180,False,0,,,,,,,,,,,,,,,,,,,,,,,
2014094,モルディブ・スルターン国,33725,8679,False,0,,,,,,,,,,,,,,,,,,,,,,,
2014136,チュニジア王国,28101,7480,False,0,,,,,,,,,,,,,,,,,,,,,,,
2021795,ケイ賓,36552,11708,False,0,,,,,,,,,,,,,,,,,,,,,,,
2030914,姑墨,37716,10907,False,0,,,,,,,,,,,,,,,,,,,,,,,
2031599,キティオン,29894,9416,False,0,,,,,,,,,,,,,,,,,,,,,,,
2041644,投馬国,22955,6539,False,0,,,,,,,,,,,,,,,,,,,,,,,
2050363,ザトル公国,34021,9520,False,0,,,,,,,,,,,,,,,,,,,,,,,
2058292,ヘロデ朝,131471,19454,False,0,,,,,,,,,,,,,,,,,,,,,,,
2060481,ポーランド人民共和国,186565,43599,False,0,,,,,,,,,,,,,,,,,,,,,,,
2060983,ポメラニア公国,57193,15939,False,0,,,,,,,,,,,,,,,,,,,,,,,
2063179,クラクフ大公国,31345,8434,False,0,,,,,,,,,,,,,,,,,,,,,,,
2068195,ジェマイティヤ公国,28670,8151,False,0,,,,,,,,,,,,,,,,,,,,,,,
2070589,古蜀,30748,8785,False,0,,,,,,,,,,,,,,,,,,,,,,,
2075936,モザンビーク人民共和国,55766,11396,False,0,,,,,,,,,,,,,,,,,,,,,,,
2075953,アンゴラ人民共和国,51951,10796,False,0,,,,,,,,,,,,,,,,,,,,,,,
2077547,イングランド・フランス二重王国,112332,53126,False,0,,,,,,,,,,,,,,,,,,,,,,,
2082309,アルメニア第一共和国,129225,17887,False,0,,,,,,,,,,,,,,,,,,,,,,,
2084806,ビトム公国,32254,8465,False,0,,,,,,,,,,,,,,,,,,,,,,,
2086357,ラチブシュ公国,34247,8931,False,0,,,,,,,,,,,,,,,,,,,,,,,
2086466,不弥国,21868,6038,False,0,,,,,,,,,,,,,,,,,,,,,,,
2087117,メクレンブルク＝シュトレーリッツ,67230,15565,False,0,,,,,,,,,,,,,,,,,,,,,,,
2087421,ベナン人民共和国,52730,10663,False,0,,,,,,,,,,,,,,,,,,,,,,,
2094125,マッサゲタイ,53162,21435,False,0,,,,,,,,,,,,,,,,,,,,,,,
2100237,ワイ公国,65740,10779,False,0,14,0,1,1,1,0,1,2,0,0,0,2,0,1,0,0,0,0,1,2,0,1,1
2109872,真臘,45984,12138,False,1,31,2,5,0,0,0,1,6,0,1,0,2,0,1,0,0,3,3,1,0,0,0,6
2112928,沈,26472,7350,False,1,,,,,,,,,,,,,,,,,,,,,,,
2119420,ガリツィア・ロドメリア王国,73187,14779,False,0,,,,,,,,,,,,,,,,,,,,,,,
2121918,シンガポール,376410,105898,False,0,,,,,,,,,,,,,,,,,,,,,,,
2121942,マレーシア,286441,77992,False,0,,,,,,,,,,,,,,,,,,,,,,,
2126041,ドルーア帝国,81581,24599,False,0,,,,,,,,,,,,,,,,,,,,,,,
2140810,在日バングラデシュ人,52237,9582,False,1,,,,,,,,,,,,,,,,,,,,,,,
2144435,ブラウンシュヴァイク公国,49853,11927,False,0,,,,,,,,,,,,,,,,,,,,,,,
2148630,在日ルーマニア人,59559,12802,False,1,,,,,,,,,,,,,,,,,,,,,,,
2167040,ザクセン＝ラウエンブルク,73977,22542,False,0,,,,,,,,,,,,,,,,,,,,,,,
2168276,ユーリヒ公国,133902,18688,False,0,,,,,,,,,,,,,,,,,,,,,,,
2168403,クレーフェ公国,132605,16051,False,0,,,,,,,,,,,,,,,,,,,,,,,
2168867,ベルク公国,185641,23034,False,0,,,,,,,,,,,,,,,,,,,,,,,
2170800,ユーリヒ＝クレーフェ＝ベルク連合公国,36789,10303,False,0,,,,,,,,,,,,,,,,,,,,,,,
2176961,クルノフ公国,30801,8060,False,0,,,,,,,,,,,,,,,,,,,,,,,
2177323,甘州ウイグル王国,52602,15524,False,0,17,0,1,0,0,0,1,2,0,0,0,3,0,2,0,0,4,1,1,0,1,0,1
2179977,ブリヤート自治ソビエト社会主義共和国,169867,20460,False,0,,,,,,,,,,,,,,,,,,,,,,,
2180949,チュヴァシ自治ソビエト社会主義共和国,75138,11637,False,0,,,,,,,,,,,,,,,,,,,,,,,
2198589,ナジュド及びヒジャーズ王国,28088,7085,False,0,,,,,,,,,,,,,,,,,,,,,,,
2202732,フィリピン第二共和国,67460,14585,False,1,,,,,,,,,,,,,,,,,,,,,,,
2240551,狗邪韓国,37948,11583,False,0,,,,,,,,,,,,,,,,,,,,,,,
2240704,山岳自治ソビエト社会主義共和国,181147,22525,False,0,,,,,,,,,,,,,,,,,,,,,,,
2241407,ナヒチェヴァン自治ソビエト社会主義共和国,173683,21783,False,0,,,,,,,,,,,,,,,,,,,,,,,
2242332,アジャリア自治ソビエト社会主義共和国,172055,21708,False,0,,,,,,,,,,,,,,,,,,,,,,,
2243889,モルダビア自治ソビエト社会主義共和国,109272,25033,False,0,,,,,,,,,,,,,,,,,,,,,,,
2245057,クリミア人民共和国,127705,17797,False,0,18,0,1,1,1,0,2,2,0,0,1,3,0,1,0,0,4,0,0,0,0,1,1
2245692,クバーニ＝黒海ソビエト共和国,128329,17923,False,0,4,0,0,0,0,0,0,2,0,0,0,0,0,0,0,0,0,0,1,0,0,0,1
2245694,イデル＝ウラル国,130471,19285,False,0,,,,,,,,,,,,,,,,,,,,,,,
2246378,クバーニ・ソビエト共和国,125575,16773,False,0,,,,,,,,,,,,,,,,,,,,,,,
2246379,ヤクート自治ソビエト社会主義共和国,179065,23926,False,0,,,,,,,,,,,,,,,,,,,,,,,
2247011,黒海ソビエト共和国,120387,15832,False,0,,,,,,,,,,,,,,,,,,,,,,,
2247074,モルダヴィア民主共和国,141457,22942,False,0,19,0,1,0,0,0,2,4,0,0,0,2,0,0,1,0,3,4,0,0,0,1,1
2251435,サハラ・アラブ民主共和国,119381,27429,False,0,64,0,10,1,1,1,2,12,0,0,0,2,0,10,0,5,0,0,1,4,2,3,10
2256730,イタリア本土 (古代ローマ),92074,24279,False,0,,,,,,,,,,,,,,,,,,,,,,,
2259760,シヴェーリア公国,27066,7571,False,0,,,,,,,,,,,,,,,,,,,,,,,
2268484,プファルツ＝ツヴァイブリュッケン,54405,18946,False,0,,,,,,,,,,,,,,,,,,,,,,,
2271235,ルーシ・カガン国,161366,62832,False,1,,,,,,,,,,,,,,,,,,,,,,,
2278729,ハンガリー人民共和国 (1949年-1989年),138269,29384,False,6,,,,,,,,,,,,,,,,,,,,,,,
2296337,インド・スキタイ王国,72666,15374,False,0,,,,,,,,,,,,,,,,,,,,,,,
2297232,スダン公国,34001,9617,False,0,11,0,1,0,0,0,0,1,0,0,1,2,2,0,0,0,2,1,0,0,0,0,1
2311440,リビア国民評議会,110439,21897,False,2,,,,,,,,,,,,,,,,,,,,,,,
2317398,プント国,77774,22124,False,0,,,,,,,,,,,,,,,,,,,,,,,
2367249,カラメイコス,28658,9470,False,0,,,,,,,,,,,,,,,,,,,,,,,
2379094,モグーリスタン・ハン国,74321,24548,False,0,,,,,,,,,,,,,,,,,,,,,,,
2385072,リトアニア公国,32003,9410,False,0,,,,,,,,,,,,,,,,,,,,,,,
2389960,クリミア自治ソビエト社会主義共和国,189609,25972,False,0,,,,,,,,,,,,,,,,,,,,,,,
2390947,トゥヴァ自治ソビエト社会主義共和国,76344,12386,False,0,,,,,,,,,,,,,,,,,,,,,,,
2391385,ウドムルト自治ソビエト社会主義共和国,83941,14049,False,0,,,,,,,,,,,,,,,,,,,,,,,
2391800,フランス立憲王国,47523,9116,False,5,,,,,,,,,,,,,,,,,,,,,,,
2391989,アブハズ自治ソビエト社会主義共和国,82616,14458,False,0,,,,,,,,,,,,,,,,,,,,,,,
2392575,カレリア自治ソビエト社会主義共和国,182014,23227,False,0,,,,,,,,,,,,,,,,,,,,,,,
2393743,キルギス自治ソビエト社会主義共和国 (1926-1936),75892,11753,False,0,,,,,,,,,,,,,,,,,,,,,,,
2394284,ホラズム人民ソビエト共和国,130271,18585,False,0,,,,,,,,,,,,,,,,,,,,,,,
2394295,カルムイク自治ソビエト社会主義共和国,82730,13743,False,0,,,,,,,,,,,,,,,,,,,,,,,
2395467,ゴルノ・アルタイ自治ソビエト社会主義共和国,79135,12479,False,0,,,,,,,,,,,,,,,,,,,,,,,
2396039,コミ自治ソビエト社会主義共和国,79141,13065,False,0,,,,,,,,,,,,,,,,,,,,,,,
2396059,モルドヴィア自治ソビエト社会主義共和国,80756,13265,False,0,,,,,,,,,,,,,,,,,,,,,,,
2396713,マリ自治ソビエト社会主義共和国,79734,12670,False,0,,,,,,,,,,,,,,,,,,,,,,,
2396729,北オセチア自治ソビエト社会主義共和国,87453,15635,False,0,,,,,,,,,,,,,,,,,,,,,,,
2397297,オデッサ・ソビエト共和国,129428,18679,False,0,,,,,,,,,,,,,,,,,,,,,,,
2398371,ダゲスタン自治ソビエト社会主義共和国,94375,15957,False,0,,,,,,,,,,,,,,,,,,,,,,,
2399209,ザイン＝ヴィトゲンシュタイン,35365,12793,False,0,,,,,,,,,,,,,,,,,,,,,,,
2401350,カバルダ・バルカル自治ソビエト社会主義共和国,96219,17029,False,0,,,,,,,,,,,,,,,,,,,,,,,
2403447,火国,28296,7498,False,0,,,,,,,,,,,,,,,,,,,,,,,
2432678,ハンガリー第二共和国,70062,19170,False,0,35,0,2,1,1,0,1,6,0,0,0,4,0,0,1,2,2,0,1,11,0,1,2
2435738,ハンガリー人民共和国 (1918年-1919年),37957,9313,False,0,16,0,2,0,0,0,1,4,0,0,0,3,0,0,0,0,2,0,1,1,0,0,2
2471101,クリミア共和国,119522,28483,False,0,,,,,,,,,,,,,,,,,,,,,,,
2475361,ニュージーランド王国,81959,17658,False,0,,,,,,,,,,,,,,,,,,,,,,,
2478412,デンマーク王国共同体,43792,12914,False,1,,,,,,,,,,,,,,,,,,,,,,,
2483185,グレイホーク自由都市,102093,35750,False,0,,,,,,,,,,,,,,,,,,,,,,,
2528325,リトアニア王国 (1251年-1263年),41131,11348,False,0,,,,,,,,,,,,,,,,,,,,,,,
2534612,莱,23823,6253,False,1,,,,,,,,,,,,,,,,,,,,,,,
2536581,アンハルト＝ベルンブルク,25541,7543,False,0,,,,,,,,,,,,,,,,,,,,,,,
2539020,エジプト共和国 (1953年-1958年),29465,7966,False,0,,,,,,,,,,,,,,,,,,,,,,,
2557758,エセックス王国,125175,26151,False,0,,,,,,,,,,,,,,,,,,,,,,,
2569894,シエーナ共和国,59584,14778,False,0,,,,,,,,,,,,,,,,,,,,,,,
2582404,三朝鮮,37322,16430,False,0,,,,,,,,,,,,,,,,,,,,,,,
2592797,シャウムブルク＝リッペ侯国,46289,11990,False,0,,,,,,,,,,,,,,,,,,,,,,,
2607702,ジョホール王国,247075,84441,False,0,,,,,,,,,,,,,,,,,,,,,,,
2610206,カルナーロ＝イタリア執政府,54390,16444,False,0,,,,,,,,,,,,,,,,,,,,,,,
2616234,ベネヴェント公国,56689,13146,False,0,,,,,,,,,,,,,,,,,,,,,,,
2637790,スロバキア社会主義共和国,28943,8518,False,0,,,,,,,,,,,,,,,,,,,,,,,
2637814,チェコ社会主義共和国,28071,8591,False,0,,,,,,,,,,,,,,,,,,,,,,,
2639726,メキシコ第一帝政,48114,15129,False,0,,,,,,,,,,,,,,,,,,,,,,,
2639727,メキシコ第二帝政,54632,16970,False,0,15,0,1,1,0,0,1,2,0,0,1,3,0,1,0,0,2,0,1,1,0,0,1
2640406,スロバキア共和国 (1990年-1993年),26545,6734,False,0,,,,,,,,,,,,,,,,,,,,,,,
2640418,チェコ共和国 (1990年-1993年),25250,6427,False,0,,,,,,,,,,,,,,,,,,,,,,,
2660545,ラグサ共和国,30965,8259,False,0,,,,,,,,,,,,,,,,,,,,,,,
2691701,甌ラク,48633,15084,False,0,,,,,,,,,,,,,,,,,,,,,,,
2694430,ブルターニュ公国,32432,8974,False,0,,,,,,,,,,,,,,,,,,,,,,,
2697318,キャンディ王国,49801,12686,False,0,,,,,,,,,,,,,,,,,,,,,,,
2697969,コーッテ王国,41846,10350,False,0,,,,,,,,,,,,,,,,,,,,,,,
2699076,ジャフナ王国,60642,12593,False,0,,,,,,,,,,,,,,,,,,,,,,,
2700964,アヌラーダプラ王国,55922,12204,False,0,,,,,,,,,,,,,,,,,,,,,,,
2711935,リッペ侯国,66250,16564,False,0,,,,,,,,,,,,,,,,,,,,,,,
2723006,徐 (春秋),23361,6050,False,1,,,,,,,,,,,,,,,,,,,,,,,
2728626,代 (春秋),22850,6173,False,1,,,,,,,,,,,,,,,,,,,,,,,
2740802,スーフィー朝,40849,14277,False,0,,,,,,,,,,,,,,,,,,,,,,,
2741696,デルゲ王国,57465,19842,False,0,44,5,1,1,0,0,0,0,0,1,24,0,0,2,0,0,0,1,0,0,8,0,1
2755933,ルアンパバーン王国,65907,18599,False,0,,,,,,,,,,,,,,,,,,,,,,,
2758446,サセックス王国,108577,31407,False,0,,,,,,,,,,,,,,,,,,,,,,,
2765200,レグネンセス,33525,10459,False,0,,,,,,,,,,,,,,,,,,,,,,,
2766020,大肚王国,29324,6855,False,0,,,,,,,,,,,,,,,,,,,,,,,
2802119,ポロツク公国,96585,30192,False,1,,,,,,,,,,,,,,,,,,,,,,,
2803408,リトアニア・ソビエト社会主義共和国 (1918年-1919年),187843,31175,False,0,,,,,,,,,,,,,,,,,,,,,,,
2803719,テレク・ソビエト共和国,135308,20153,False,0,20,1,2,0,0,0,0,5,0,0,0,4,0,1,0,0,3,0,1,0,0,0,3
2803803,水兵・建設労働者ソビエト共和国,129006,18252,False,0,,,,,,,,,,,,,,,,,,,,,,,
2804252,レムコ＝ルシン人民共和国,141650,19225,False,0,,,,,,,,,,,,,,,,,,,,,,,
2805261,山岳アルメニア共和国,139483,20581,False,0,21,0,2,0,0,0,1,8,0,0,0,3,0,1,0,0,2,1,1,0,0,0,2
2819957,スモレンスク公国,59725,19378,False,0,,,,,,,,,,,,,,,,,,,,,,,
2828926,ザグウェ朝,34707,10580,False,1,,,,,,,,,,,,,,,,,,,,,,,
2833912,ドン・ソビエト共和国,122672,15992,False,1,,,,,,,,,,,,,,,,,,,,,,,
2836420,エチオピア・エリトリア連邦,36143,8861,False,0,,,,,,,,,,,,,,,,,,,,,,,
2837560,トゥーロフ公国,49737,12134,False,1,,,,,,,,,,,,,,,,,,,,,,,
2839855,モーリシャス (英連邦王国),33531,8438,False,0,,,,,,,,,,,,,,,,,,,,,,,
2848561,ピンスク公国,45747,11717,False,0,,,,,,,,,,,,,,,,,,,,,,,
2849301,メキシコ合衆国 (19世紀),37215,9489,False,0,,,,,,,,,,,,,,,,,,,,,,,
2850141,メキシコ共和国,36226,9137,False,0,,,,,,,,,,,,,,,,,,,,,,,
2850948,プスコフ公国,47357,16881,False,0,34,0,2,0,0,0,0,10,0,4,0,3,5,1,1,4,3,0,0,0,0,0,1
2859357,コロンビア合衆国,30244,8097,False,0,,,,,,,,,,,,,,,,,,,,,,,
2859390,ラロトンガ王国,28693,7785,False,0,,,,,,,,,,,,,,,,,,,,,,,
2860097,北ペルー共和国,29374,8000,False,0,,,,,,,,,,,,,,,,,,,,,,,
2860112,南ペルー共和国,29496,8090,False,0,,,,,,,,,,,,,,,,,,,,,,,
2863482,アウダルランド,41045,9402,False,1,,,,,,,,,,,,,,,,,,,,,,,
2863727,バトゥミ共和国,124686,17393,False,0,,,,,,,,,,,,,,,,,,,,,,,
2864562,パスンダン国,32342,8807,False,0,,,,,,,,,,,,,,,,,,,,,,,
2866776,インドネシア連邦共和国,37152,9495,False,0,,,,,,,,,,,,,,,,,,,,,,,
2871068,ダホメ共和国,36176,8989,False,0,,,,,,,,,,,,,,,,,,,,,,,
2876675,ジャバル・シャンマル王国,33870,8255,False,0,,,,,,,,,,,,,,,,,,,,,,,
2877074,ナジュド及びハッサ王国,35445,8751,False,0,,,,,,,,,,,,,,,,,,,,,,,
2877147,ナジュド・スルタン国,34491,8610,False,0,,,,,,,,,,,,,,,,,,,,,,,
2885683,ビルマ連邦社会主義共和国,58706,12282,False,0,,,,,,,,,,,,,,,,,,,,,,,
2891294,ボスニア王国,67985,21999,False,0,,,,,,,,,,,,,,,,,,,,,,,
2918891,トロペツ公国,28266,8416,False,0,,,,,,,,,,,,,,,,,,,,,,,
2926612,プロンスク公国,43041,10001,False,0,,,,,,,,,,,,,,,,,,,,,,,
2931760,ルコームリ公国,40121,10536,False,0,,,,,,,,,,,,,,,,,,,,,,,
2935016,イジャスラヴリ公国,39372,9712,False,0,,,,,,,,,,,,,,,,,,,,,,,
2939634,ムスチスラヴリ公国,29267,8928,False,0,,,,,,,,,,,,,,,,,,,,,,,
2942629,シーターワカ王国,27249,7256,False,0,,,,,,,,,,,,,,,,,,,,,,,
2944046,ロイス＝グライツ侯国,55394,14167,False,0,,,,,,,,,,,,,,,,,,,,,,,
2944222,ロイス＝ゲーラ侯国,59509,15762,False,0,,,,,,,,,,,,,,,,,,,,,,,
2949795,ベルズ公国,25699,7290,False,0,,,,,,,,,,,,,,,,,,,,,,,
2950602,タンジャーヴール・マラーター王国,91180,23803,False,0,,,,,,,,,,,,,,,,,,,,,,,
2955284,ヴァンダル王国 (アフリカ),112775,26051,False,0,,,,,,,,,,,,,,,,,,,,,,,
2959735,ミンスク公国,43227,10553,False,0,,,,,,,,,,,,,,,,,,,,,,,
2960486,大西洋連邦,84650,16811,False,0,,,,,,,,,,,,,,,,,,,,,,,
2960675,クリミア・ソビエト社会主義共和国,141192,21778,False,0,,,,,,,,,,,,,,,,,,,,,,,
2960901,アクレ共和国,30418,7700,False,0,,,,,,,,,,,,,,,,,,,,,,,
2962232,ナッサウ公国,33423,8422,False,0,,,,,,,,,,,,,,,,,,,,,,,
2962869,ルーツク公国,27186,7277,False,0,,,,,,,,,,,,,,,,,,,,,,,
2969712,ペレムィシュリ公国 (プシェムィシル),44635,10903,False,0,,,,,,,,,,,,,,,,,,,,,,,
2970335,ズヴェニゴロド公国 (ズヴェヌィーホロド),35997,9679,False,0,,,,,,,,,,,,,,,,,,,,,,,
2970622,ルリタニア王国,25332,7622,False,0,,,,,,,,,,,,,,,,,,,,,,,
2973814,イリュリア王国,57002,10850,False,0,,,,,,,,,,,,,,,,,,,,,,,
2975546,ロゴジュスク公国,38815,9027,False,0,,,,,,,,,,,,,,,,,,,,,,,
2975911,ドゥブロヴィツァ公国,32499,7603,False,0,,,,,,,,,,,,,,,,,,,,,,,
2977685,ドルツク公国,51523,14822,False,0,,,,,,,,,,,,,,,,,,,,,,,
2978276,ヴィテプスク公国,41590,10794,False,0,,,,,,,,,,,,,,,,,,,,,,,
2987807,フシチイシュ公国,49798,9478,False,0,,,,,,,,,,,,,,,,,,,,,,,
3003974,クルスク公国,50927,13929,False,0,,,,,,,,,,,,,,,,,,,,,,,
3003980,ルィリスク公国,42738,11324,False,0,,,,,,,,,,,,,,,,,,,,,,,
3004482,プチヴリ公国,39343,9311,False,0,,,,,,,,,,,,,,,,,,,,,,,
3012912,トムタラカニ公国,34528,10108,False,0,,,,,,,,,,,,,,,,,,,,,,,
3017484,コロムナ公国,35290,9221,False,0,,,,,,,,,,,,,,,,,,,,,,,
3021290,メリナ王国,34792,10610,False,0,,,,,,,,,,,,,,,,,,,,,,,
3022598,ペレヤスラヴリ・ザレスキー公国,35229,10919,False,0,,,,,,,,,,,,,,,,,,,,,,,
3025513,ロストフ公国,49831,16756,False,0,,,,,,,,,,,,,,,,,,,,,,,
3025998,ザクセン＝アルテンブルク公国,50029,12024,False,0,,,,,,,,,,,,,,,,,,,,,,,
3026743,スーズダリ公国,34641,11105,False,0,10,0,2,0,0,0,0,6,0,0,0,0,0,1,0,0,1,0,0,0,0,0,0
3027187,シュヴァルツブルク＝ルードルシュタット侯国,44149,9869,False,0,,,,,,,,,,,,,,,,,,,,,,,
3027205,シュヴァルツブルク＝ゾンダースハウゼン侯国,45053,10274,False,0,,,,,,,,,,,,,,,,,,,,,,,
3031133,バイエルン・ミュンヘン公国,37912,9290,False,1,,,,,,,,,,,,,,,,,,,,,,,
3031516,バイエルン・ランツフート公国,41407,10625,False,1,,,,,,,,,,,,,,,,,,,,,,,
3031547,バイエルン・インゴルシュタット公国,44331,10294,False,1,,,,,,,,,,,,,,,,,,,,,,,
3036917,オーヴルチ公国,37361,9478,False,0,,,,,,,,,,,,,,,,,,,,,,,
3036931,ヴィシゴロド公国,30084,7364,False,0,,,,,,,,,,,,,,,,,,,,,,,
3038828,タラスカ王国,79567,21069,False,1,51,0,3,0,0,0,2,12,2,12,0,2,0,5,0,0,3,2,0,0,3,2,3
3048553,ゲルツィケ公国,46386,10894,False,0,,,,,,,,,,,,,,,,,,,,,,,
3048555,クケイノス公国,41122,9728,False,0,,,,,,,,,,,,,,,,,,,,,,,
3051064,ステパニ公国,39174,10328,False,0,,,,,,,,,,,,,,,,,,,,,,,
3067323,スルツク公国,61066,19089,False,0,,,,,,,,,,,,,,,,,,,,,,,
3082644,モデナ＝レッジョ公国,56321,12202,False,0,,,,,,,,,,,,,,,,,,,,,,,
3084410,シスレニア共和国,42546,9154,False,0,,,,,,,,,,,,,,,,,,,,,,,
3093449,カタンガ共和国,72544,22905,False,0,,,,,,,,,,,,,,,,,,,,,,,
3093913,コンゴ共和国 (レオポルドヴィル),33837,8967,False,0,,,,,,,,,,,,,,,,,,,,,,,
3101382,ヒムヤル王国,67320,25381,False,0,,,,,,,,,,,,,,,,,,,,,,,
3121185,シュヴァーベン公国,74854,19848,False,1,,,,,,,,,,,,,,,,,,,,,,,
3122891,ストレジェフ公国,21631,6380,False,0,,,,,,,,,,,,,,,,,,,,,,,
3130846,ラヴォ王国,43494,13143,False,1,,,,,,,,,,,,,,,,,,,,,,,
3135012,ゴルカ王国,38448,10293,False,0,,,,,,,,,,,,,,,,,,,,,,,
3207676,楼煩,28312,8732,False,0,,,,,,,,,,,,,,,,,,,,,,,
3210483,ドロゴブージ公国 (ドロホブージ),22353,6059,False,0,,,,,,,,,,,,,,,,,,,,,,,
3218111,ガーイクワード家,58849,16464,False,0,,,,,,,,,,,,,,,,,,,,,,,
3226439,ギーラーン共和国,188560,35190,False,0,,,,,,,,,,,,,,,,,,,,,,,
3230868,ベラール王国,30813,9487,False,0,,,,,,,,,,,,,,,,,,,,,,,
3249425,タケッダ,37945,9577,False,1,,,,,,,,,,,,,,,,,,,,,,,
3258850,マメーリア王国,30384,10472,False,0,,,,,,,,,,,,,,,,,,,,,,,
3279737,英 (春秋),24043,6317,False,1,,,,,,,,,,,,,,,,,,,,,,,
3279931,イベリア王国,30908,7504,False,1,,,,,,,,,,,,,,,,,,,,,,,
3288920,北カフカース首長国,120807,16131,False,0,,,,,,,,,,,,,,,,,,,,,,,
3293755,キタイ (地理的呼称),39513,12721,False,0,,,,,,,,,,,,,,,,,,,,,,,
3310392,コゼリスク公国,22918,6698,False,0,,,,,,,,,,,,,,,,,,,,,,,
3318737,鍾離,26607,7851,False,0,,,,,,,,,,,,,,,,,,,,,,,
3323308,クウェート共和国,74727,25870,False,0,,,,,,,,,,,,,,,,,,,,,,,
3325285,ネバーランド,54960,16014,False,0,,,,,,,,,,,,,,,,,,,,,,,
3335641,ホルム公国 (ヘウム),22421,6581,False,0,,,,,,,,,,,,,,,,,,,,,,,
3336991,ブリャンスク公国,31661,9796,False,0,,,,,,,,,,,,,,,,,,,,,,,
3358414,熊毛王国,25304,7011,False,0,,,,,,,,,,,,,,,,,,,,,,,
3363579,キルワ王国,53825,20476,False,0,,,,,,,,,,,,,,,,,,,,,,,
3378338,クロアチア王国 (925年 - 1102年),131609,41614,False,1,54,0,10,0,0,0,2,1,0,2,3,2,3,5,0,9,3,2,0,0,0,2,10
3407339,アイルランド共和国 (1919-1922),100335,34895,False,1,,,,,,,,,,,,,,,,,,,,,,,
3414372,グルジア王国,87435,22916,False,0,,,,,,,,,,,,,,,,,,,,,,,
3427433,イオニア諸島合衆国,31075,9321,False,0,,,,,,,,,,,,,,,,,,,,,,,
3473920,サバア王国,45857,15671,False,0,,,,,,,,,,,,,,,,,,,,,,,
3495597,ドイツ王国,54470,11970,False,7,,,,,,,,,,,,,,,,,,,,,,,
3509407,周 (1678年-1681年),22293,6207,False,0,,,,,,,,,,,,,,,,,,,,,,,
3516946,燕 (安史の乱),28943,7395,False,0,,,,,,,,,,,,,,,,,,,,,,,
3518869,カルトリ王国,50114,12119,False,0,18,0,2,0,0,0,1,3,0,0,0,3,1,1,0,0,3,0,0,0,2,0,2
3525822,ンドンゴ王国,46536,12907,False,0,,,,,,,,,,,,,,,,,,,,,,,
3533478,カラチェフ公国,25444,7499,False,0,,,,,,,,,,,,,,,,,,,,,,,
3537883,ウスチエ公国,22015,6739,False,0,,,,,,,,,,,,,,,,,,,,,,,
3537885,グルホフ公国,26189,7269,False,0,,,,,,,,,,,,,,,,,,,,,,,
3538341,トルブチェフスク公国,41200,10448,False,0,,,,,,,,,,,,,,,,,,,,,,,
3543761,ルジェフ公国,29378,9174,False,0,,,,,,,,,,,,,,,,,,,,,,,
3545047,ノヴォシリ公国,28559,9865,False,0,,,,,,,,,,,,,,,,,,,,,,,
3545831,タルーサ公国,27191,8780,False,0,,,,,,,,,,,,,,,,,,,,,,,
3561770,ウクライナ共和国 (1991年-1996年),69011,13944,False,1,,,,,,,,,,,,,,,,,,,,,,,
3566698,トヴェリ大公国,81486,23348,False,0,,,,,,,,,,,,,,,,,,,,,,,
3569303,カシン公国,48961,14478,False,0,,,,,,,,,,,,,,,,,,,,,,,
3569309,ミクリン公国,32229,7945,False,0,,,,,,,,,,,,,,,,,,,,,,,
3570584,コールハープル・マラーター王国,42635,10478,False,0,,,,,,,,,,,,,,,,,,,,,,,
3572525,アルセダイン,30601,11182,False,0,,,,,,,,,,,,,,,,,,,,,,,
3577515,ザクセン＝ゴータ＝アルテンブルク,52075,12344,False,1,,,,,,,,,,,,,,,,,,,,,,,
3578282,ホルム公国 (クラスヌィー・ホルム),24400,6612,False,0,,,,,,,,,,,,,,,,,,,,,,,
3578581,エストニア共和国 (1918年-1940年),33524,8212,False,0,,,,,,,,,,,,,,,,,,,,,,,
3578599,リトアニア共和国 (1918年-1940年),34496,8274,False,0,,,,,,,,,,,,,,,,,,,,,,,
3578649,ラトビア共和国 (1918年-1940年),33338,8152,False,0,,,,,,,,,,,,,,,,,,,,,,,
3578721,ザクセン＝イェーナ,38970,9763,False,1,,,,,,,,,,,,,,,,,,,,,,,
3578736,ザクセン＝アイゼンベルク,38012,8460,False,1,,,,,,,,,,,,,,,,,,,,,,,
3578916,ザクセン＝ゴータ,53049,11108,False,1,,,,,,,,,,,,,,,,,,,,,,,
3579097,ザクセン＝マルクスール,31810,7905,False,1,,,,,,,,,,,,,,,,,,,,,,,
3579198,ドロゴブージ公国 (ドロジャエヴォ),26392,7250,False,0,,,,,,,,,,,,,,,,,,,,,,,
3581341,ズブツォフ公国,28308,9366,False,0,,,,,,,,,,,,,,,,,,,,,,,
3585310,ザクセン＝ヒルトブルクハウゼン,68433,14834,False,1,,,,,,,,,,,,,,,,,,,,,,,
3593946,ズヴェニゴロド公国 (ズヴェニゴロド・ナ・オケ),24190,6449,False,0,,,,,,,,,,,,,,,,,,,,,,,
3593948,ズヴェニゴロド公国 (ズヴェニゴロド),26430,7241,False,0,,,,,,,,,,,,,,,,,,,,,,,
3595403,ウグリチ公国,23342,7156,False,0,,,,,,,,,,,,,,,,,,,,,,,
3596916,スタロドゥーブ公国 (スタロドゥーブ・ナ・クリャージメ),31299,8714,False,0,,,,,,,,,,,,,,,,,,,,,,,
3598175,チェルケシア,28636,7560,False,0,22,0,1,0,0,0,0,8,0,3,3,1,2,1,0,0,1,1,0,0,0,0,1
3601251,ザクセン＝レムヒルト,38770,10022,False,1,,,,,,,,,,,,,,,,,,,,,,,
3601280,ザクセン＝ザールフェルト,40994,9876,False,1,,,,,,,,,,,,,,,,,,,,,,,
3607080,ブジスク公国,23505,6878,False,0,,,,,,,,,,,,,,,,,,,,,,,
3631747,ヴュルツブルク大公国,36588,9080,False,1,,,,,,,,,,,,,,,,,,,,,,,
3633107,ザルツブルク選帝侯領,45929,11306,False,1,,,,,,,,,,,,,,,,,,,,,,,
3674186,唐 (春秋),38214,7770,False,1,,,,,,,,,,,,,,,,,,,,,,,
3688996,シチ公国,21819,6872,False,0,,,,,,,,,,,,,,,,,,,,,,,
3691085,ヤロスラヴリ公国,38112,12048,False,0,,,,,,,,,,,,,,,,,,,,,,,
3692707,モロガ公国,25579,7910,False,0,,,,,,,,,,,,,,,,,,,,,,,
3694828,プロゾロフ公国,21718,6458,False,0,,,,,,,,,,,,,,,,,,,,,,,
3694841,ベルゴロド公国,29627,7503,False,0,,,,,,,,,,,,,,,,,,,,,,,
