page_id,title,html_file_size,text_file_size,is_disambiguation_page,infobox_count,num_annotations,人口,使用言語,別名,名前の謂れ,国,大陸分布地域,宗教・信仰,居住地（地域）,居住地（地形）,属する民族,構成する民族,読み,身体的特徴
303,蝦夷,103659,35878,False,1,,,,,,,,,,,,,,
326,アーミッシュ,83615,26148,False,1,,,,,,,,,,,,,,
2867,ケチュア,32123,8502,False,0,,,,,,,,,,,,,,
2869,グアラニー族,59852,18557,False,0,107,1,6,10,0,46,1,8,20,4,2,9,0,0
3009,メスティーソ,58849,18330,False,0,,,,,,,,,,,,,,
3139,インディアン,343719,147463,False,1,,,,,,,,,,,,,,
5656,インディオ,39640,11934,False,0,,,,,,,,,,,,,,
5858,クルド人,76286,21993,False,1,,,,,,,,,,,,,,
5954,ネイティブ・アメリカン,64128,18935,False,0,,,,,,,,,,,,,,
6951,モンゴル系民族,117150,32579,False,1,399,1,33,20,0,132,10,7,46,17,0,133,0,0
7414,ミュルミドーン人,21859,6758,False,0,,,,,,,,,,,,,,
7501,アシュケナジム,105437,34964,False,0,,,,,,,,,,,,,,
7504,セファルディム,51822,14064,False,0,69,0,3,10,1,26,3,4,7,1,5,9,0,0
7515,ミズラヒム,23377,6376,False,0,,,,,,,,,,,,,,
10326,アーリア人,63176,18363,False,0,,,,,,,,,,,,,,
10333,ドラヴィダ人,43490,13071,False,0,,,,,,,,,,,,,,
10495,ハッティ,20942,5990,True,0,,,,,,,,,,,,,,
12770,女真,64072,14943,False,3,93,0,0,28,1,33,0,0,5,6,1,14,5,0
12773,満州民族,87091,26105,False,1,,,,,,,,,,,,,,
14015,高山族,34276,9014,False,1,,,,,,,,,,,,,,
14080,漢,72181,18364,False,1,,,,,,,,,,,,,,
14137,台湾原住民,81600,29554,False,1,,,,,,,,,,,,,,
14241,華僑,99162,21241,False,0,,,,,,,,,,,,,,
14441,ゲルマン人,118759,32909,False,0,305,0,9,15,0,47,3,3,29,28,7,162,1,1
16044,五胡,40346,13339,False,0,160,0,0,0,0,59,0,0,21,1,0,77,1,1
16048,胡,39847,11468,False,0,,,,,,,,,,,,,,
16355,回族,81720,21849,False,1,,,,,,,,,,,,,,
16369,ドンガン人,49914,9867,False,0,,,,,,,,,,,,,,
17078,平埔族,31331,8998,False,0,,,,,,,,,,,,,,
17167,キリスト教徒,68421,26572,False,0,,,,,,,,,,,,,,
20070,ウイグル,371703,110700,False,1,,,,,,,,,,,,,,
20416,漢民族,98152,23164,False,1,,,,,,,,,,,,,,
21371,アングロ・サクソン人,37855,10761,False,0,,,,,,,,,,,,,,
22370,客家,51479,14493,False,3,,,,,,,,,,,,,,
23036,テュルク系民族,128380,41377,False,0,,,,,,,,,,,,,,
23813,ノルマン人,53558,14708,False,0,,,,,,,,,,,,,,
26207,華人,41922,7173,False,0,,,,,,,,,,,,,,
26463,スペースノイドとアースノイド,150196,22244,False,0,,,,,,,,,,,,,,
28785,カラード (南アフリカ共和国),32141,8389,False,1,,,,,,,,,,,,,,
30424,サン人,44531,14548,False,1,,,,,,,,,,,,,,
31159,ウズベク,74683,14304,False,1,,,,,,,,,,,,,,
31393,モンゴル人,21729,6111,True,0,,,,,,,,,,,,,,
35649,ガガウズ人,41809,9258,False,1,,,,,,,,,,,,,,
35662,モルドバ人,31227,8278,False,0,,,,,,,,,,,,,,
35664,モルドヴィン人,33127,8180,False,1,,,,,,,,,,,,,,
36115,マレー人,80670,16413,False,1,,,,,,,,,,,,,,
36791,トルクメン人,107691,30915,False,1,,,,,,,,,,,,,,
37798,ヴァンダル族,80373,27686,False,0,,,,,,,,,,,,,,
39851,タイヤル族,46980,15022,False,1,,,,,,,,,,,,,,
39965,マオリ,48117,14306,False,1,,,,,,,,,,,,,,
40463,本省人,45834,15060,False,1,,,,,,,,,,,,,,
40475,外省人,55443,18807,False,1,,,,,,,,,,,,,,
40729,タオ族,44587,13439,False,0,,,,,,,,,,,,,,
41059,和人,40216,11692,False,0,,,,,,,,,,,,,,
41062,倭人,112585,39564,False,0,,,,,,,,,,,,,,
43257,サイヤ人,324811,160243,False,0,,,,,,,,,,,,,,
43598,ドーリア人,29930,7887,False,0,,,,,,,,,,,,,,
44334,ケルト人,150145,31113,False,0,,,,,,,,,,,,,,
48695,少数民族,42531,13073,False,0,,,,,,,,,,,,,,
48883,サクソン人,35911,10124,False,0,39,0,0,12,1,1,0,3,13,3,3,2,0,1
49182,異邦人,24283,6807,True,0,,,,,,,,,,,,,,
49188,西戎,24938,6823,False,0,28,0,0,8,1,3,0,0,2,0,6,7,1,0
49190,東夷,50668,17007,False,0,,,,,,,,,,,,,,
52080,朝鮮民族,121808,29447,False,1,119,1,6,10,0,59,1,16,2,3,1,19,1,0
52662,イオニア人,26419,7704,False,0,,,,,,,,,,,,,,
52663,アカイア人,25214,7016,False,0,20,0,0,10,0,1,0,0,6,2,0,1,0,0
53189,パシュトゥーン人,47802,13870,False,0,78,1,1,12,0,22,0,1,14,2,1,24,0,0
53191,ハザーラ人,32382,8581,False,0,,,,,,,,,,,,,,
53225,フン族,212971,53544,False,0,124,0,10,8,0,25,16,0,31,10,6,9,1,8
53497,朝鮮族,85238,27164,False,0,,,,,,,,,,,,,,
56922,ユダヤ人キリスト教徒,26554,7403,False,0,,,,,,,,,,,,,,
57985,タタル部,52524,16033,False,0,,,,,,,,,,,,,,
57986,ケレイト,87016,30141,False,0,,,,,,,,,,,,,,
58572,ちゃんころ,31324,8047,False,0,,,,,,,,,,,,,,
58646,ヒスパニック,65562,19425,False,1,,,,,,,,,,,,,,
60168,パローツ人,23500,7741,False,0,,,,,,,,,,,,,,
61849,タタール,101489,31753,False,0,,,,,,,,,,,,,,
62069,オイラト,91163,33191,False,0,,,,,,,,,,,,,,
63996,エトルリア人,23891,6583,False,0,3,0,1,1,0,0,0,0,0,1,0,0,0,0
65255,羯,31168,9720,False,0,,,,,,,,,,,,,,
65305,鮮卑,217858,49333,False,0,89,0,2,0,4,24,0,0,16,8,1,32,2,0
65322,羌,42336,11590,False,0,40,0,1,4,0,2,0,0,3,0,0,28,2,0
65438,テイ (民族),36808,11023,False,0,,,,,,,,,,,,,,
67575,タロン族,30807,7303,False,0,,,,,,,,,,,,,,
69604,バスク人,98140,22773,False,1,,,,,,,,,,,,,,
70013,ユダヤ人,326110,89094,False,1,,,,,,,,,,,,,,
71054,コーカソイド,107732,33247,False,0,,,,,,,,,,,,,,
77155,堅昆,140766,32711,False,0,,,,,,,,,,,,,,
77351,フツ,51498,14094,False,1,32,1,3,6,0,14,1,4,1,1,0,0,0,1
77627,西番,25342,7021,False,0,,,,,,,,,,,,,,
78527,契丹,113940,38896,False,0,,,,,,,,,,,,,,
81459,グラスランナー,36601,13346,False,0,,,,,,,,,,,,,,
81491,カルムイク人,47992,11695,False,0,,,,,,,,,,,,,,
81510,タイ族,115169,28502,False,0,,,,,,,,,,,,,,
81624,ウィルタ,61823,12026,False,1,,,,,,,,,,,,,,
81631,ニヴフ,78888,19863,False,1,,,,,,,,,,,,,,
84348,アレウト族,31611,9664,False,0,,,,,,,,,,,,,,
85075,ドゥーネダイン,75278,16614,False,0,,,,,,,,,,,,,,
85626,西ゴート族,35599,9764,False,0,,,,,,,,,,,,,,
86396,カザフ,106164,22793,False,1,213,1,7,20,1,73,2,5,46,4,3,51,0,0
86566,タイの華人,61043,16003,False,0,,,,,,,,,,,,,,
87777,ツングース系民族,86807,28727,False,0,,,,,,,,,,,,,,
88851,三韓,34879,9629,False,1,64,0,0,2,2,30,0,0,6,4,1,15,4,0
89591,有色人種,48730,13817,False,0,,,,,,,,,,,,,,
90981,ジュンガル,104362,28888,False,0,105,0,2,10,2,11,5,0,33,15,26,0,1,0
92256,ラテン人,47961,18049,False,0,,,,,,,,,,,,,,
93720,フランク人,48672,19579,False,0,,,,,,,,,,,,,,
94274,エスキモー,63665,22676,False,1,,,,,,,,,,,,,,
95607,イスラエル (民族),33806,9241,False,0,,,,,,,,,,,,,,
96077,ソマリ族,64328,15262,False,1,,,,,,,,,,,,,,
98591,チルコーティン,21649,5947,False,0,,,,,,,,,,,,,,
98620,ラコタ,41471,13300,False,0,122,0,2,55,2,6,1,1,8,0,9,38,0,0
98713,馬韓,46130,10386,False,1,,,,,,,,,,,,,,
98717,辰韓,66533,19459,False,1,,,,,,,,,,,,,,
98719,弁韓,56687,13671,False,0,,,,,,,,,,,,,,
98729,シャイアン族,34115,10281,False,0,21,0,0,3,1,1,0,0,7,0,2,6,1,0
98750,ホピ族,41872,14852,False,0,8,0,0,1,1,2,0,0,2,1,1,0,0,0
99047,ロマ,173987,58946,False,0,,,,,,,,,,,,,,
99653,スエビ族,41311,13013,False,0,,,,,,,,,,,,,,
100224,ムラート,68654,17567,False,1,,,,,,,,,,,,,,
101353,ワイ人,39824,12830,False,0,,,,,,,,,,,,,,
101356,沃沮,66294,15690,False,0,,,,,,,,,,,,,,
101359,夫余,83277,25316,False,0,,,,,,,,,,,,,,
101369,ユウ婁,70079,22901,False,0,22,0,7,8,1,0,0,0,3,1,0,0,2,0
102881,プエブロ,51757,14883,False,0,,,,,,,,,,,,,,
102906,ディネ,43744,11498,False,0,,,,,,,,,,,,,,
105112,アティカメク,19512,5696,False,0,,,,,,,,,,,,,,
105177,キャリアー,23027,6639,False,0,8,0,0,4,1,1,0,0,1,0,1,0,0,0
105184,チペワイアン,25508,6535,False,0,,,,,,,,,,,,,,
105783,スラヴ人,89942,25205,False,0,,,,,,,,,,,,,,
105797,帰化人,22464,6903,True,0,,,,,,,,,,,,,,
106571,ポントス人,30753,9281,False,0,,,,,,,,,,,,,,
108064,モン族 (Hmong),49686,13340,False,1,,,,,,,,,,,,,,
108193,ミャオ族,120100,39679,False,1,,,,,,,,,,,,,,
108427,ベルベル人,93440,25589,False,1,,,,,,,,,,,,,,
108547,モン族 (Mon),60243,14258,False,1,72,1,3,5,0,40,8,4,8,0,0,2,0,1
109899,ラージプート,66686,17899,False,0,,,,,,,,,,,,,,
113549,バルカン人,72015,29886,False,0,,,,,,,,,,,,,,
113749,クリンゴン人,90907,41762,False,0,,,,,,,,,,,,,,
115690,アイマラ,43265,15192,False,0,,,,,,,,,,,,,,
116192,月氏,69814,21563,False,0,,,,,,,,,,,,,,
116624,モンゴロイド,179404,47570,False,0,721,0,5,9,1,76,56,8,117,70,0,378,0,1
116800,チャーンゴー人,26460,7976,False,0,,,,,,,,,,,,,,
120151,ガリア人,69266,12179,False,0,,,,,,,,,,,,,,
122253,ラテン民族,44148,9375,False,0,,,,,,,,,,,,,,
124534,ラーオ族,56129,13746,False,1,,,,,,,,,,,,,,
124867,スー族,133819,77106,False,0,,,,,,,,,,,,,,
128322,スキタイ,144650,55507,False,0,,,,,,,,,,,,,,
128356,アボリジニ,117573,38282,False,0,,,,,,,,,,,,,,
128883,ケイジャン,76722,14709,False,0,21,1,4,2,1,1,1,0,10,0,1,0,0,0
128886,ペンシルベニア・ダッチ,90606,13885,False,0,,,,,,,,,,,,,,
129182,マジャル人,90660,20674,False,1,,,,,,,,,,,,,,
129286,コージャ,31167,12456,False,0,,,,,,,,,,,,,,
135292,ペリシテ人,34688,10334,False,0,18,0,0,7,0,0,0,0,7,4,0,0,0,0
136442,チュクチ,47236,8934,False,0,,,,,,,,,,,,,,
137022,チョロ,30417,11222,False,0,,,,,,,,,,,,,,
137160,ヴォルガ・タタール人,49898,15949,False,1,43,1,2,4,0,11,0,7,2,1,10,3,1,1
139012,カラーリット,22694,6868,False,0,,,,,,,,,,,,,,
139430,オセット人,56512,13143,False,0,,,,,,,,,,,,,,
140771,高麗人,100428,32601,False,2,,,,,,,,,,,,,,
141744,イングーシ人,47700,9641,False,0,,,,,,,,,,,,,,
142210,グウィッチン,21464,5683,False,0,,,,,,,,,,,,,,
142219,ユト,26090,8775,False,0,30,0,0,20,1,0,0,0,4,0,1,4,0,0
142228,南スラヴ人,64638,16003,False,0,,,,,,,,,,,,,,
142854,サルマタイ,100196,46166,False,0,,,,,,,,,,,,,,
142860,アラン人,49615,16332,False,0,,,,,,,,,,,,,,
143597,東ゴート族,35564,9114,False,0,16,0,0,5,1,4,0,0,1,2,2,0,1,0
143604,トリンギット,27106,8498,False,0,,,,,,,,,,,,,,
143611,ゴート族,129323,38167,False,0,,,,,,,,,,,,,,
143878,サカ,110215,19237,False,0,,,,,,,,,,,,,,
144102,トハラ人,46146,15440,False,0,,,,,,,,,,,,,,
148745,中華民族,64401,14307,False,2,,,,,,,,,,,,,,
149792,ナイマン,76417,24962,False,0,,,,,,,,,,,,,,
149841,バルラス,43929,12051,False,0,,,,,,,,,,,,,,
150660,ガラティア人,24796,6974,False,0,,,,,,,,,,,,,,
150792,ダキア人,26125,7297,False,0,,,,,,,,,,,,,,
151816,色目人,32783,11060,False,0,39,0,0,1,1,24,4,2,0,0,0,6,1,0
152351,日系人,186609,54274,False,1,206,2,3,1,0,83,6,0,24,7,20,59,1,0
153619,大和民族,128137,44803,False,1,249,1,24,30,0,75,9,15,38,39,1,16,1,0
153624,日本民族,20762,5893,True,0,,,,,,,,,,,,,,
154307,ヤース,20313,5701,False,0,,,,,,,,,,,,,,
154771,南蛮,43374,13086,False,0,,,,,,,,,,,,,,
155331,ピクト人,87048,14600,False,0,,,,,,,,,,,,,,
155940,キプチャク,165405,66254,False,0,,,,,,,,,,,,,,
156257,トルグート,114724,40146,False,0,66,0,0,6,1,8,0,1,12,7,5,20,6,0
157679,メルキト,59581,25643,False,0,,,,,,,,,,,,,,
158046,熊襲,37529,10308,False,0,,,,,,,,,,,,,,
159148,トゥチャ族,40029,9511,False,1,,,,,,,,,,,,,,
160647,ランゴバルド人,116698,34894,False,0,,,,,,,,,,,,,,
167215,リーヴ人,45000,10048,False,1,,,,,,,,,,,,,,
167494,フール人,23662,6958,False,0,,,,,,,,,,,,,,
170227,フルリ人,76240,30289,False,0,,,,,,,,,,,,,,
172067,コーチン・ユダヤ人,30611,8874,False,1,,,,,,,,,,,,,,
172268,アフリカーナー,93649,26189,False,1,,,,,,,,,,,,,,
172816,ベネ・イスラエル,26535,7312,False,0,,,,,,,,,,,,,,
174296,オロチョン族,41924,10941,False,1,,,,,,,,,,,,,,
174315,ナナイ,45512,11548,False,1,,,,,,,,,,,,,,
175243,台湾人,64541,18271,False,1,,,,,,,,,,,,,,
176193,タングート,35916,11054,False,0,,,,,,,,,,,,,,
177630,エヴェンキ,81224,15698,False,1,35,1,3,5,0,10,0,7,4,1,3,0,1,0
178381,ブラック・ジュー,31059,9585,False,0,,,,,,,,,,,,,,
178767,アジア系民族,52468,13260,False,0,,,,,,,,,,,,,,
180101,イヌイット,34978,9923,False,1,72,1,11,12,1,8,0,3,18,4,13,1,0,0
180832,チャハル,62735,19043,False,1,,,,,,,,,,,,,,
181933,隼人,121458,37739,False,0,77,1,0,7,1,1,0,0,38,11,0,16,1,1
182847,パパゴ,54541,23667,False,0,84,2,6,12,1,8,0,1,48,5,1,0,0,0
183096,ブルガール人,45803,12377,False,0,,,,,,,,,,,,,,
186601,ヒクソス,59427,20239,False,0,,,,,,,,,,,,,,
191733,ブリヤート人,43873,12363,False,1,,,,,,,,,,,,,,
194005,ホシュート,63457,22542,False,0,,,,,,,,,,,,,,
195449,チワン族,84271,25542,False,2,,,,,,,,,,,,,,
199962,チェロキー,55752,16072,False,0,,,,,,,,,,,,,,
200401,日系アメリカ人,218475,68596,False,1,,,,,,,,,,,,,,
204162,チャン族,64192,27038,False,1,,,,,,,,,,,,,,
207262,サーミ人,117683,48139,False,1,,,,,,,,,,,,,,
210593,アチャン族,45427,9905,False,1,,,,,,,,,,,,,,
213483,クリオーリョ,34246,11661,False,0,,,,,,,,,,,,,,
214067,チベット民族,77559,20056,False,1,,,,,,,,,,,,,,
214567,シベ族,45072,10277,False,1,,,,,,,,,,,,,,
216308,オーストラロイド,50691,12779,False,0,,,,,,,,,,,,,,
221033,チャム族,62088,17471,False,1,,,,,,,,,,,,,,
227202,サマリア人,62214,22588,False,0,,,,,,,,,,,,,,
237725,ソリア人,37778,8789,False,0,,,,,,,,,,,,,,
238678,ロマニオット,34886,12387,False,0,,,,,,,,,,,,,,
240497,モンゴル民族,107309,31448,False,0,473,0,11,53,2,67,4,10,53,10,5,257,1,0
243581,オジブワ,36943,9851,False,0,37,1,3,11,1,7,0,0,6,3,3,2,0,0
245038,ボシュニャク人,43431,11111,False,0,,,,,,,,,,,,,,
246442,内蒙古,36473,10777,False,0,,,,,,,,,,,,,,
247198,リス族,60880,13055,False,1,,,,,,,,,,,,,,
247267,ナシ族,42532,10960,False,1,35,2,5,1,0,2,0,9,12,1,0,2,1,0
247781,ハニ族,63722,13418,False,1,,,,,,,,,,,,,,
255004,デーン人,35953,8649,False,0,12,0,0,1,0,6,1,1,1,0,1,0,1,0
260211,トゥバ人,41056,9486,False,1,,,,,,,,,,,,,,
263621,吐谷渾,42016,12132,False,0,,,,,,,,,,,,,,
268644,ケタガラン族,32292,8544,False,0,,,,,,,,,,,,,,
273952,勿吉,65766,21503,False,0,,,,,,,,,,,,,,
275456,靺鞨,63611,17171,False,0,,,,,,,,,,,,,,
278484,ミレー族,27949,8229,False,0,,,,,,,,,,,,,,
278647,キンメリア人,64430,20675,False,0,,,,,,,,,,,,,,
289286,タジク人,78270,20965,False,1,,,,,,,,,,,,,,
289844,カラカルパク人,47775,11474,False,1,,,,,,,,,,,,,,
291975,ヴォルガ・ドイツ人,40886,10967,False,1,38,1,2,1,0,11,3,1,9,3,7,0,0,0
292453,ポマク,47700,11197,False,0,,,,,,,,,,,,,,
293501,アイヌ,178264,57107,False,1,,,,,,,,,,,,,,
302583,タジク族,41788,8908,False,1,34,1,10,4,1,1,0,2,13,0,1,0,1,0
303832,ハザール,132756,45664,False,0,,,,,,,,,,,,,,
303925,アルーマニア人,35222,11860,False,0,,,,,,,,,,,,,,
304384,バシキール人,61677,15931,False,1,,,,,,,,,,,,,,
305902,ネワール族,29002,10488,False,0,,,,,,,,,,,,,,
307129,バカ・ピグミー,37307,12002,False,0,44,1,5,22,0,6,0,1,3,1,4,0,0,1
311603,ピエ・ノワール,27015,7797,False,0,,,,,,,,,,,,,,
312212,ラピテース族,141676,23312,False,0,,,,,,,,,,,,,,
315639,アイリュ,25297,10516,False,0,,,,,,,,,,,,,,
322316,ペルシア人,53660,22950,False,0,64,0,13,19,1,14,6,5,3,1,1,0,1,0
325144,シンティ・ロマ人,25322,7902,False,0,,,,,,,,,,,,,,
345349,粟末靺鞨,24665,7517,False,0,4,0,0,0,0,0,0,0,2,0,1,0,1,0
351041,アヴァール,71848,23341,False,0,,,,,,,,,,,,,,
351753,シャン族,60545,12458,False,0,,,,,,,,,,,,,,
357870,琉球民族,140230,32138,False,1,127,0,23,2,0,21,0,3,53,20,4,0,1,0
358160,アパッチ族,42856,14846,False,0,,,,,,,,,,,,,,
358459,アイオリス人,26025,7026,False,0,,,,,,,,,,,,,,
362968,海西女直,27488,9576,False,0,,,,,,,,,,,,,,
368857,サラセン人,28620,8764,False,0,,,,,,,,,,,,,,
369194,ザクセン人,25209,6782,True,0,,,,,,,,,,,,,,
369773,パイワン族,45019,12441,False,0,,,,,,,,,,,,,,
379371,キクユ族,35572,11339,False,0,,,,,,,,,,,,,,
381018,バハ・カリフォルニア,25566,7434,False,0,,,,,,,,,,,,,,
389833,烏桓,69788,29368,False,0,,,,,,,,,,,,,,
392094,狄,28779,8985,False,0,,,,,,,,,,,,,,
392900,チェケル人,22946,7315,False,0,,,,,,,,,,,,,,
394474,カライ派,34472,10115,False,0,,,,,,,,,,,,,,
401610,オルドス,80583,26487,False,0,,,,,,,,,,,,,,
402606,マサイ族,59299,20998,False,1,,,,,,,,,,,,,,
404254,モリオリ人,28056,8203,False,0,,,,,,,,,,,,,,
406460,アイスランド人,41100,10483,False,1,,,,,,,,,,,,,,
407438,イサック,45569,8095,False,0,14,0,1,3,0,2,2,1,4,0,1,0,0,0
410606,トゥアレグ,51968,13149,False,1,28,2,4,6,0,11,1,1,1,1,1,0,0,0
411508,アルザス人,33773,9798,False,0,45,0,12,8,0,14,0,0,8,0,3,0,0,0
415564,トーアン族,46497,9053,False,1,,,,,,,,,,,,,,
419078,アムル人,44061,15017,False,0,,,,,,,,,,,,,,
419433,カッシート人,62033,16059,False,0,,,,,,,,,,,,,,
422706,コイコイ人,32850,8678,False,1,,,,,,,,,,,,,,
430544,八瀬童子,43201,14287,False,0,,,,,,,,,,,,,,
430940,オルガニア人,38911,9599,False,0,,,,,,,,,,,,,,
443081,バルト・ドイツ人,108051,29792,False,1,,,,,,,,,,,,,,
446096,グアンチェ族,26430,7191,False,0,,,,,,,,,,,,,,
448844,モサラベ,46439,17921,False,0,,,,,,,,,,,,,,
448955,シュードラ,84272,15567,False,0,,,,,,,,,,,,,,
450366,グティ人,29358,9024,False,0,,,,,,,,,,,,,,
452036,マンディンカ族,36370,9393,False,1,,,,,,,,,,,,,,
460209,ナソ族,34256,9721,False,1,,,,,,,,,,,,,,
463384,ノース人,29811,8023,False,0,,,,,,,,,,,,,,
466250,オロチ (民族),55860,11795,False,1,,,,,,,,,,,,,,
466743,バッフ・クラン,58589,30058,False,0,,,,,,,,,,,,,,
468651,クライシュ族,153086,22873,False,0,69,0,0,9,1,3,0,12,27,1,14,2,0,0
471033,チカーノ,28522,8811,False,0,,,,,,,,,,,,,,
473004,ロミュラン人,74316,29659,False,0,,,,,,,,,,,,,,
478431,オゴニ,31993,10077,False,0,,,,,,,,,,,,,,
478822,奚,53099,17504,False,0,30,0,0,15,0,0,0,0,6,5,2,0,2,0
482088,クリミアゴート族,27521,7538,False,0,,,,,,,,,,,,,,
484227,タミル,66054,15858,False,1,,,,,,,,,,,,,,
484919,本島人,30704,9532,False,0,,,,,,,,,,,,,,
484948,ブラックアイリッシュ,27435,8804,False,0,,,,,,,,,,,,,,
486256,イジョ,32003,10701,False,0,30,1,8,6,0,3,0,0,8,4,0,0,0,0
486922,モロ,34581,8191,False,0,,,,,,,,,,,,,,
486931,ネグリト,47063,10939,False,0,,,,,,,,,,,,,,
487619,アヌシーム,20912,6193,False,0,,,,,,,,,,,,,,
487767,クリムチャク人,41266,9919,False,0,,,,,,,,,,,,,,
487833,山岳ユダヤ人,27470,9417,False,0,,,,,,,,,,,,,,
491871,パラデシーム,19630,5508,False,0,12,0,3,4,0,1,0,0,2,0,0,2,0,0
491885,ベネ・エフライム,20954,6110,False,0,,,,,,,,,,,,,,
491902,ブネイ・メナシェ,28408,9295,False,0,,,,,,,,,,,,,,
491914,グルジーム,31427,8725,False,1,,,,,,,,,,,,,,
498007,カリブ族,47700,15815,False,0,,,,,,,,,,,,,,
507948,イボ人,44876,14591,False,1,,,,,,,,,,,,,,
519639,ナバホ族,41972,14694,False,0,,,,,,,,,,,,,,
521326,騎馬民族,25061,6541,False,0,,,,,,,,,,,,,,
525248,イルーヴァタールの子ら,28920,8656,False,0,,,,,,,,,,,,,,
526627,クメール人,53851,10308,False,1,,,,,,,,,,,,,,
529113,ピグミー,69061,24822,False,0,,,,,,,,,,,,,,
529527,セレール族,36845,9266,False,0,,,,,,,,,,,,,,
530448,ウォロフ族,31413,8734,False,0,18,0,5,0,0,7,0,1,5,0,0,0,0,0
530523,フラニ族,35266,9882,False,1,25,0,1,17,0,2,1,1,2,0,0,0,1,0
534227,アメリコ・ライベリアン,27983,8709,False,1,34,1,2,8,0,9,3,1,8,1,1,0,0,0
536556,フィン人,69457,16641,False,1,,,,,,,,,,,,,,
537883,ジョラ族,31384,7493,False,0,37,0,19,1,0,3,0,3,8,3,0,0,0,0
539218,ラピタ人,50283,16817,False,0,,,,,,,,,,,,,,
540990,ガリツィア,77809,17972,False,1,,,,,,,,,,,,,,
542253,マクドナルド氏族,22402,6508,False,0,,,,,,,,,,,,,,
543759,トゥクロール族,31845,8255,False,0,,,,,,,,,,,,,,
543908,ソニンケ族,25452,6863,False,0,,,,,,,,,,,,,,
545496,ヌー族,38900,8446,False,1,,,,,,,,,,,,,,
546579,沙陀族,35752,11282,False,0,,,,,,,,,,,,,,
546786,支那人,27666,8601,False,0,14,0,0,2,1,4,0,0,5,0,1,0,1,0
555099,日本鬼子,44731,11511,False,1,,,,,,,,,,,,,,
583718,クリオ (シエラレオネ),39566,10700,False,1,,,,,,,,,,,,,,
602968,イベリア人,40058,13895,False,0,,,,,,,,,,,,,,
604326,ハルハ,90446,36296,False,1,,,,,,,,,,,,,,
605529,ヤクート,45496,12546,False,1,,,,,,,,,,,,,,
606333,コリャーク人,61042,14399,False,0,,,,,,,,,,,,,,
612444,スコットランド人,100025,25737,False,1,,,,,,,,,,,,,,
614397,ダウール族,41973,11428,False,1,66,2,23,19,0,5,0,2,9,0,5,0,1,0
614580,啓典の民,43272,9667,False,0,,,,,,,,,,,,,,
628043,ヘルウェティイ族,30698,8837,False,0,,,,,,,,,,,,,,
628050,アルウェルニ族,27505,7478,False,0,,,,,,,,,,,,,,
628060,エブロネス族,32285,8380,False,0,,,,,,,,,,,,,,
628715,カレン族,64429,15583,False,1,,,,,,,,,,,,,,
633554,シンハラ人,56826,15836,False,1,,,,,,,,,,,,,,
639807,新界原居民,26746,9572,False,0,18,0,3,5,0,0,0,0,3,0,0,6,1,0
646273,東スラヴ人,90813,19412,False,2,,,,,,,,,,,,,,
654896,クリン人,22972,6191,False,0,,,,,,,,,,,,,,
658150,カナック,27260,9058,False,0,,,,,,,,,,,,,,
663489,ルオ族,27019,7437,False,0,,,,,,,,,,,,,,
686144,ムーア人,31074,8483,False,0,,,,,,,,,,,,,,
686779,アラワク族,26253,8105,False,0,,,,,,,,,,,,,,
705436,メラネシア人,56427,14427,False,1,31,0,5,2,0,0,2,2,1,14,1,2,1,1
710631,ブビ族,27545,7244,False,1,,,,,,,,,,,,,,
710654,フェルナンディノ,25284,7253,False,0,,,,,,,,,,,,,,
713090,コーンウォール人,50894,8973,False,0,5,0,2,1,0,0,0,0,2,0,0,0,0,0
722580,タイノ族,29849,9203,False,0,,,,,,,,,,,,,,
722627,マルーン,56596,18437,False,0,,,,,,,,,,,,,,
730005,メナシクル,43220,15835,False,0,,,,,,,,,,,,,,
737044,レムス人,44237,11056,False,0,,,,,,,,,,,,,,
741406,カーデシア人,56715,19924,False,0,,,,,,,,,,,,,,
742880,ガウチョ,53091,16599,False,0,,,,,,,,,,,,,,
744170,アミ族,68967,23379,False,1,,,,,,,,,,,,,,
745239,イェニシェ,29447,8960,False,0,,,,,,,,,,,,,,
745259,ベイジョー人,47769,12520,False,0,,,,,,,,,,,,,,
745409,ブリーン人,40600,9621,False,0,,,,,,,,,,,,,,
745413,ボルタ人,42560,9932,False,0,,,,,,,,,,,,,,
754642,チョクトー,29261,8150,False,0,,,,,,,,,,,,,,
754691,クレオール (ルイジアナ),28757,10234,False,0,,,,,,,,,,,,,,
755620,文明化五部族,26862,7900,False,0,,,,,,,,,,,,,,
756123,セミノール,51570,19281,False,0,,,,,,,,,,,,,,
756129,ブラック・セミノール,65480,23777,False,0,,,,,,,,,,,,,,
758294,ワロン人,28180,7630,False,0,,,,,,,,,,,,,,
758319,ファースト・ネーション,38238,10425,False,0,,,,,,,,,,,,,,
759743,ガラ人,46298,19667,False,0,,,,,,,,,,,,,,
778554,キン族,64850,14903,False,1,84,1,2,12,0,49,1,12,3,1,1,0,2,0
779071,ベドウィン,54126,20253,False,0,,,,,,,,,,,,,,
785945,ワンパノアグ,41386,15253,False,0,,,,,,,,,,,,,,
789270,ササク人,26200,6973,False,1,,,,,,,,,,,,,,
792916,クロウ族,26564,8864,False,0,,,,,,,,,,,,,,
793583,渤海人,39715,16446,False,0,,,,,,,,,,,,,,
794044,カイオワ,37126,11496,False,0,,,,,,,,,,,,,,
794923,ピロ・プエブロ,22736,7309,False,0,,,,,,,,,,,,,,
801473,ヌートカ族,24737,7180,False,0,,,,,,,,,,,,,,
805685,プルーセン,58210,22897,False,1,,,,,,,,,,,,,,
806097,アラバマ族,26194,7919,False,0,,,,,,,,,,,,,,
809142,アタカパ,26041,7977,False,0,,,,,,,,,,,,,,
809207,テハーノ,21747,6545,False,0,,,,,,,,,,,,,,
810279,キカプー,30172,10350,False,0,,,,,,,,,,,,,,
810466,コウシャッタ,27310,9155,False,0,,,,,,,,,,,,,,
814306,ウィチタ族,30559,9589,False,0,29,1,1,9,1,2,0,0,11,2,1,0,0,1
816348,エドム人,22529,6033,False,0,,,,,,,,,,,,,,
816350,アマレク人,21257,5934,False,0,,,,,,,,,,,,,,
816351,ミデヤン人,20313,5823,False,0,,,,,,,,,,,,,,
816354,アモン人,23976,6279,False,0,,,,,,,,,,,,,,
817149,パレスチナ人,39175,9005,False,1,,,,,,,,,,,,,,
818594,ピクォート,32914,10712,False,0,,,,,,,,,,,,,,
819124,モヒカン族,40964,11509,False,0,,,,,,,,,,,,,,
820655,ラワ族,34822,12275,False,0,39,0,1,29,0,4,0,0,0,4,1,0,0,0
820776,マサチューセッツ族,29506,9483,False,0,,,,,,,,,,,,,,
827988,アシニボイン,24662,8220,False,0,,,,,,,,,,,,,,
828883,江戸っ子,55454,17614,False,0,22,0,2,5,0,0,0,0,10,0,0,4,1,0
828891,アッシュカリー,22921,6957,False,0,21,0,1,11,0,8,1,0,0,0,0,0,0,0
845519,東胡,65989,16813,False,0,,,,,,,,,,,,,,
845574,ソグド人,62605,21503,False,0,,,,,,,,,,,,,,
846378,カランカワ,34936,14251,False,0,,,,,,,,,,,,,,
847712,ヤノマミ族,55274,19004,False,1,,,,,,,,,,,,,,
848004,ジャライ族,51361,9701,False,1,,,,,,,,,,,,,,
851086,コマンチェ,33863,11301,False,0,,,,,,,,,,,,,,
851090,カド,26368,7562,False,0,11,0,2,2,0,0,0,0,5,0,2,0,0,0
851158,古代プエブロ人,26377,7456,False,0,,,,,,,,,,,,,,
851376,クリミア・タタール人,64412,17566,False,1,,,,,,,,,,,,,,
851805,クリーク族,51643,19777,False,0,,,,,,,,,,,,,,
852528,アングル人,36367,11774,False,0,,,,,,,,,,,,,,
852537,ジュート人,28279,7785,False,0,16,0,0,2,0,1,0,1,1,6,3,0,2,0
852736,首長族,86201,28611,False,1,183,1,15,46,0,40,1,10,55,1,9,4,1,0
857269,マンダン,41319,16569,False,0,,,,,,,,,,,,,,
857919,ヒダーツァ,31395,10639,False,0,,,,,,,,,,,,,,
858439,サキザヤ族,32247,8632,False,0,9,1,1,2,0,3,0,0,2,0,0,0,0,0
861241,ポリネシア人,74596,25009,False,1,,,,,,,,,,,,,,
861266,マヤ人,50909,12599,False,1,59,2,9,1,0,14,0,2,17,4,0,10,0,0
863874,レンカ族,25805,7568,False,0,,,,,,,,,,,,,,
864055,メイツ星人,70157,15707,False,0,,,,,,,,,,,,,,
864926,パサマクォディ,23096,6418,False,0,15,1,0,6,1,2,1,0,3,0,1,0,0,0
864999,オマハ族,26590,8555,False,0,,,,,,,,,,,,,,
865724,レナペ,32770,10580,False,0,,,,,,,,,,,,,,
868092,ムオン族,38314,8489,False,1,,,,,,,,,,,,,,
869853,ナチェズ,25742,8808,False,0,,,,,,,,,,,,,,
869906,シボネイ,24110,7376,False,0,,,,,,,,,,,,,,
872446,ラムビー,34860,11476,False,0,,,,,,,,,,,,,,
873144,パムンキー,22365,7223,False,0,,,,,,,,,,,,,,
874702,ワッピンガー,26888,7438,False,0,,,,,,,,,,,,,,
876604,マイアミ族,26201,8417,False,0,,,,,,,,,,,,,,
879047,シェ族,33718,8145,False,1,,,,,,,,,,,,,,
883774,ガナーダ,22395,6728,False,0,,,,,,,,,,,,,,
891275,アンドリア人,49577,12910,False,0,,,,,,,,,,,,,,
892854,セーケイ人,31947,11020,False,0,,,,,,,,,,,,,,
899861,ギスパクローツ,24624,7880,False,0,,,,,,,,,,,,,,
902694,スクレリング,29442,8759,False,0,17,0,0,3,2,0,0,0,1,7,0,4,0,0
909368,ジョニー一族,45747,14000,False,0,,,,,,,,,,,,,,
911102,サルト人,40934,13576,False,0,,,,,,,,,,,,,,
916484,チュヴァシ人,41052,11089,False,1,,,,,,,,,,,,,,
930712,イケニ族,44413,12654,False,0,,,,,,,,,,,,,,
941312,クズルバシュ,48519,16966,False,0,,,,,,,,,,,,,,
942123,修羅 (バンプレストオリジナル),150798,55398,False,14,,,,,,,,,,,,,,
945535,マワーリー,23314,6884,False,0,,,,,,,,,,,,,,
952962,ヒバロ族,28692,7580,False,0,,,,,,,,,,,,,,
952985,ボントック族,22909,6020,False,0,,,,,,,,,,,,,,
952988,ナガ族,35459,9507,False,1,,,,,,,,,,,,,,
956083,マンナエ,41030,12158,False,0,28,0,0,4,0,18,0,0,2,3,1,0,0,0
970435,ラテンアメリカ人,204071,45385,False,1,,,,,,,,,,,,,,
973555,ビン南民系,27011,7476,False,0,,,,,,,,,,,,,,
974651,サイシャット族,36490,8777,False,0,,,,,,,,,,,,,,
978341,ミヘー,32230,12678,False,0,45,1,8,4,0,3,0,5,22,1,1,0,0,0
983247,ホルチン,86565,39053,False,0,,,,,,,,,,,,,,
988597,弥生人,52245,18552,False,0,,,,,,,,,,,,,,
990716,ホア族,61015,11876,False,0,,,,,,,,,,,,,,
1004163,ヴァリャーグ,57912,19246,False,0,,,,,,,,,,,,,,
1004650,ルーシ族,72127,31056,False,0,,,,,,,,,,,,,,
1004802,パルニ氏族,33755,10245,False,0,,,,,,,,,,,,,,
1008872,ケベック人,28789,7355,False,1,,,,,,,,,,,,,,
1015088,トリノヴァンテス族,29725,9903,False,0,,,,,,,,,,,,,,
1021739,ドレヴリャーネ族,40564,11133,False,0,,,,,,,,,,,,,,
1022444,西スラヴ人,59917,12948,False,0,48,0,10,2,0,8,0,0,0,0,2,25,1,0
1032039,プユマ族,44220,11010,False,1,,,,,,,,,,,,,,
1040634,レッドネック,52669,13664,False,0,,,,,,,,,,,,,,
1053970,パールシー,50177,16565,False,0,,,,,,,,,,,,,,
1061403,トン族,43542,12219,False,1,,,,,,,,,,,,,,
1064490,インガエウォネース族,29944,9647,False,0,,,,,,,,,,,,,,
1070328,東亜病夫,28600,9117,False,0,,,,,,,,,,,,,,
1073317,二鬼子,31335,7321,False,1,,,,,,,,,,,,,,
1074911,アク (ガンビア),27817,7853,False,1,,,,,,,,,,,,,,
1075365,バルト人,43587,9788,False,0,,,,,,,,,,,,,,
1076584,高麗棒子,40291,11719,False,1,,,,,,,,,,,,,,
1087301,バブザ族,30324,7344,False,0,7,0,0,4,0,0,0,0,0,1,2,0,0,0
1087308,タロコ族,37297,8970,False,1,30,2,4,7,0,4,0,3,8,1,1,0,0,0
1087343,ツォウ族,36157,10227,False,0,,,,,,,,,,,,,,
1087372,ルカイ族,35545,8459,False,1,,,,,,,,,,,,,,
1087434,ブヌン族,39973,10220,False,1,,,,,,,,,,,,,,
1087435,サオ族,35603,8589,False,1,23,2,4,1,0,0,0,1,6,4,2,2,1,0
1087467,クバラン族,36670,10344,False,0,,,,,,,,,,,,,,
1087652,カナカ族,22101,5896,False,0,,,,,,,,,,,,,,
1088587,ミングレル人,25460,7731,False,0,,,,,,,,,,,,,,
1089585,ヒュペルボレイオス,23738,6637,False,0,,,,,,,,,,,,,,
1090246,モホーク族,34632,9987,False,0,,,,,,,,,,,,,,
1090741,ミシュテカ,38306,13386,False,0,,,,,,,,,,,,,,
1090820,セデック族,32339,8199,False,0,,,,,,,,,,,,,,
1096866,ザザ人,38513,11542,False,0,44,1,11,9,0,5,0,7,6,5,0,0,0,0
1096879,ラズ人,25223,7035,False,0,15,0,1,0,0,7,0,1,4,1,0,0,1,0
1100049,ナラガンセット,31313,9344,False,0,,,,,,,,,,,,,,
1101044,チカホミニ,25032,7430,False,0,14,0,0,3,1,1,0,0,6,1,1,1,0,0
1101110,ポンカ,33029,11920,False,0,,,,,,,,,,,,,,
1104738,チェロエンホカ,25870,7443,False,0,,,,,,,,,,,,,,
1111953,マプチェ族,66655,25234,False,1,46,1,6,7,1,4,1,5,14,2,0,5,0,0
1111963,テウェルチェ族,27906,7679,False,1,,,,,,,,,,,,,,
1112708,ペントリ族,20346,6287,False,0,,,,,,,,,,,,,,
1116081,ズールー人,38898,10451,False,1,28,2,3,2,0,5,2,7,5,0,1,0,1,0
1123848,露助,28660,8244,False,0,,,,,,,,,,,,,,
1143359,ヤヒ,22637,7172,False,0,,,,,,,,,,,,,,
1148334,丁零,60653,19123,False,0,,,,,,,,,,,,,,
1148337,鉄勒,65357,23896,False,0,,,,,,,,,,,,,,
1152075,ラビ (聖剣伝説),42387,15607,False,0,,,,,,,,,,,,,,
1155424,ビルマ族,39590,9053,False,1,,,,,,,,,,,,,,
1156901,フェレンギ人,66905,26184,False,0,,,,,,,,,,,,,,
1158914,チカソー,35383,11795,False,0,,,,,,,,,,,,,,
1168158,ドンシャン族,37855,9048,False,1,,,,,,,,,,,,,,
1169248,ユグル族,51742,13096,False,1,,,,,,,,,,,,,,
1169295,バオアン族,36212,9176,False,1,,,,,,,,,,,,,,
1169317,サラール族,42648,11278,False,1,43,2,21,4,0,3,0,2,9,0,2,0,0,0
1169489,ヒルピニ族,30695,12235,False,0,,,,,,,,,,,,,,
1174972,ヌミディア人,38690,11801,False,0,,,,,,,,,,,,,,
1177778,オロス族,65150,12620,False,1,,,,,,,,,,,,,,
1178712,スイ族,39505,10148,False,1,,,,,,,,,,,,,,
1182276,ソルブ人,52904,15274,False,0,,,,,,,,,,,,,,
1182714,アルタイ人,48218,11587,False,1,,,,,,,,,,,,,,
1183291,アフリカ人,54831,12913,False,0,,,,,,,,,,,,,,
1186041,トリル人,41378,11532,False,0,,,,,,,,,,,,,,
1200937,チャルーア族,32596,10507,False,0,,,,,,,,,,,,,,
1209463,リー族,37776,8678,False,1,,,,,,,,,,,,,,
1209599,メンパ族,41505,9722,False,1,,,,,,,,,,,,,,
1214587,ジア,21631,6747,False,0,,,,,,,,,,,,,,
1215511,コーラオ族,56410,10929,False,1,,,,,,,,,,,,,,
1216432,ムーンレイカー (伝承),22102,6919,False,0,,,,,,,,,,,,,,
1218672,ペー族,36773,8721,False,1,,,,,,,,,,,,,,
1218682,ワ族,58528,13471,False,1,,,,,,,,,,,,,,
1218685,ラフ族,66555,11595,False,1,,,,,,,,,,,,,,
1218689,ヤオ族,72712,14141,False,1,,,,,,,,,,,,,,
1218692,モンゴル族 (中国),44315,10777,False,0,,,,,,,,,,,,,,
1223994,アラパホ,29115,8687,False,0,,,,,,,,,,,,,,
1227891,サスケハノック,26544,8121,False,0,,,,,,,,,,,,,,
1237335,オラン・アスリ,39122,10007,False,0,16,0,1,2,1,3,1,2,0,2,0,4,0,0
1244124,マカ族,37820,15501,False,0,52,1,2,33,1,1,0,0,7,4,2,0,1,0
1245600,プースタパック,25874,7405,False,0,,,,,,,,,,,,,,
1253770,ミクマク,39127,12008,False,0,,,,,,,,,,,,,,
1265554,ムスリム人,37079,12935,False,0,,,,,,,,,,,,,,
1269037,トラジャ族,145861,55744,False,1,,,,,,,,,,,,,,
1272101,ハドラミー,29228,7543,False,0,,,,,,,,,,,,,,
1275798,インド系移民と在外インド人,64421,18072,False,0,,,,,,,,,,,,,,
1276533,パゼッヘ族,32726,8048,False,0,,,,,,,,,,,,,,
1276967,ゲウィセ,21914,6466,False,0,,,,,,,,,,,,,,
1278459,ブリトン人,58121,9810,False,0,,,,,,,,,,,,,,
1283430,ネズ・パース,29563,9975,False,0,43,1,1,17,1,1,0,1,10,2,2,7,0,0
1297422,パレオ・インディアン,27504,7476,False,0,,,,,,,,,,,,,,
1300176,高車,132905,24583,False,0,,,,,,,,,,,,,,
1302061,プミ族,32331,7193,False,1,,,,,,,,,,,,,,
1305848,ショーニー族,46348,19359,False,0,,,,,,,,,,,,,,
1317654,オカンパ人,38691,9514,False,0,,,,,,,,,,,,,,
1321663,ケイゾン人,39593,10795,False,0,,,,,,,,,,,,,,
1326961,ソーク族,25347,7554,False,0,,,,,,,,,,,,,,
1326963,ヘムシン人,27439,7516,False,1,21,1,3,3,0,5,0,4,2,1,1,0,1,0
1329480,アード,22309,6184,False,0,,,,,,,,,,,,,,
1329739,ジーヌオ族,32107,7365,False,1,,,,,,,,,,,,,,
1329761,マオナン族,31055,7163,False,1,,,,,,,,,,,,,,
1329785,ジン族,41470,8295,False,1,,,,,,,,,,,,,,
1339749,ヴィディア人,42471,10059,False,0,,,,,,,,,,,,,,
1340378,ヴォス人,42328,10021,False,0,,,,,,,,,,,,,,
1344696,モーケン族,50874,11296,False,1,,,,,,,,,,,,,,
1345910,カーペットバッガー,75468,37985,False,0,,,,,,,,,,,,,,
1356735,タラクシア人,37566,8730,False,0,,,,,,,,,,,,,,
1358644,ブルクテリ族,25890,7306,False,0,,,,,,,,,,,,,,
1368976,太田神社,24429,6584,True,0,,,,,,,,,,,,,,
1374643,百越,42604,13481,False,0,,,,,,,,,,,,,,
1377723,ネネツ人,47762,13057,False,1,,,,,,,,,,,,,,
1379335,ハエドゥイ族,32363,9418,False,0,19,0,0,4,0,4,0,0,8,2,1,0,0,0
1396608,ヒンバ族,27661,7431,False,1,,,,,,,,,,,,,,
1410381,トラキア人,32104,9940,False,0,,,,,,,,,,,,,,
1414796,アパラチー,43324,16675,False,0,,,,,,,,,,,,,,
1417919,アヴァール人 (カフカース),35039,9912,False,0,38,1,2,4,0,19,0,3,6,3,0,0,0,0
1420134,テラライト人,40233,9187,False,0,,,,,,,,,,,,,,
1423989,サモエード人,40889,10222,False,0,,,,,,,,,,,,,,
1425440,カポイド,40324,9848,False,0,,,,,,,,,,,,,,
1435200,ドヴィジャ,79902,14313,False,0,,,,,,,,,,,,,,
1435216,エーカジャ,77485,13838,False,0,,,,,,,,,,,,,,
1436624,拓跋部,195913,40884,False,0,,,,,,,,,,,,,,
1436841,ネルウィイ族,27629,7366,False,0,,,,,,,,,,,,,,
1438204,アッシリア人,115975,37931,False,1,,,,,,,,,,,,,,
1438643,ウドムルト人,35729,8318,False,1,,,,,,,,,,,,,,
1449667,ツチ,35567,10953,False,1,,,,,,,,,,,,,,
1453688,ヴェッダ人,40731,11646,False,1,,,,,,,,,,,,,,
1460675,マデシ,38101,12409,False,0,,,,,,,,,,,,,,
1465981,トゥワ,36240,9656,False,1,,,,,,,,,,,,,,
1466662,ヘレロ,34382,9030,False,1,35,1,4,2,0,13,0,2,2,0,1,10,0,0
1466999,リブ (部族),27710,7365,False,0,11,0,0,9,1,0,0,0,1,0,0,0,0,0
1467232,バルガ族,22694,6361,False,0,,,,,,,,,,,,,,
1472310,アチョリ,40324,10906,False,1,,,,,,,,,,,,,,
1478052,ユカギール,54513,11588,False,0,,,,,,,,,,,,,,
1483262,グルカ族,33101,8714,False,0,,,,,,,,,,,,,,
1486602,ムスリム・ブルガリア人,34188,11654,False,0,,,,,,,,,,,,,,
1486785,ヴェンド人,61489,23883,False,0,,,,,,,,,,,,,,
1488090,ケット人,54813,11728,False,0,22,1,3,6,0,3,0,3,2,3,1,0,0,0
1497722,マガール,25594,7877,False,0,,,,,,,,,,,,,,
1498212,タルー,33890,11766,False,0,56,0,4,13,0,8,0,7,13,9,2,0,0,0
1500107,タマン族,23916,6817,False,0,,,,,,,,,,,,,,
1506751,イングランド人,136215,52454,False,1,,,,,,,,,,,,,,
1511225,バイエルン人,54904,18969,False,0,87,0,0,8,0,43,1,2,30,0,2,0,1,0
1513355,シク教徒,26780,8314,False,0,,,,,,,,,,,,,,
1513619,段部,33097,10652,False,0,,,,,,,,,,,,,,
1535974,イ族,64322,13873,False,1,,,,,,,,,,,,,,
1537205,コサ人,29762,7592,False,1,,,,,,,,,,,,,,
1540880,スワジ人,29223,7283,False,1,12,1,2,2,0,5,1,1,0,0,0,0,0,0
1540906,アングロアフリカン,43642,9749,False,1,,,,,,,,,,,,,,
1545922,ラーン人,36543,12067,False,0,,,,,,,,,,,,,,
1550342,パルバテ・ヒンドゥー,22593,6304,False,0,,,,,,,,,,,,,,
1550724,ワンカ族,25559,7086,False,0,,,,,,,,,,,,,,
1558593,ウェールズ人,60689,10594,False,1,,,,,,,,,,,,,,
1567794,ポモール,49261,13026,False,0,,,,,,,,,,,,,,
1570611,パンジャーブ人,23566,6621,False,0,,,,,,,,,,,,,,
1576347,カタルーニャ人,36797,9745,False,1,,,,,,,,,,,,,,
1576899,ガリシア人,42306,9490,False,1,,,,,,,,,,,,,,
1576915,アンダルシア人,34780,8770,False,1,,,,,,,,,,,,,,
1586738,パプア人,31984,8908,False,0,,,,,,,,,,,,,,
1594214,ベタゾイド,40619,10381,False,0,,,,,,,,,,,,,,
1622600,ベンガル人,34326,8728,False,1,25,1,3,2,0,7,0,8,3,0,1,0,0,0
1651296,在フランス日本人,56109,10884,False,1,,,,,,,,,,,,,,
1656947,ペリオイコイ,24706,7921,False,0,,,,,,,,,,,,,,
1658044,ヨルバ人,40557,10613,False,1,,,,,,,,,,,,,,
1661333,トランシルヴァニア・ザクセン人,60207,23121,False,0,,,,,,,,,,,,,,
1664155,宇文部,74198,13361,False,0,,,,,,,,,,,,,,
1667986,アラム人,25325,6810,False,0,,,,,,,,,,,,,,
1671197,ロヒンギャ,206354,75669,False,1,,,,,,,,,,,,,,
1671403,ミジケンダ,20448,6371,False,0,,,,,,,,,,,,,,
1673551,ブルトン人,70414,15724,False,1,75,0,24,8,0,20,0,5,17,0,1,0,0,0
1674059,室韋,78758,22366,False,0,68,0,0,12,0,1,0,0,2,1,0,49,2,1
1674857,家船,29980,7801,False,0,,,,,,,,,,,,,,
1676090,紅毛,31079,9119,False,0,,,,,,,,,,,,,,
1676244,稽胡,22172,6083,False,0,,,,,,,,,,,,,,
1676286,メティ (カナダ),27348,8024,False,0,26,1,4,1,1,3,0,0,10,0,0,6,0,0
1687460,フリース人,23699,6740,False,0,,,,,,,,,,,,,,
1690283,インド・アーリア人,51660,12683,False,0,,,,,,,,,,,,,,
1692330,ダーサ,79704,14901,False,0,,,,,,,,,,,,,,
1692352,ダスユ,45816,9572,False,0,,,,,,,,,,,,,,
1692867,バラタ族,23503,7176,False,0,,,,,,,,,,,,,,
1692883,トリツ族,21556,6499,False,0,,,,,,,,,,,,,,
1692905,クル族,47885,10311,False,0,,,,,,,,,,,,,,
1692908,アリナ族,20390,5635,False,0,4,0,0,2,0,1,0,0,1,0,0,0,0,0
1692915,アヌ族,22012,6085,False,0,7,0,0,2,0,1,0,0,0,4,0,0,0,0
1692921,プール族,25280,7347,False,0,15,0,0,2,0,1,0,0,0,2,1,9,0,0
1693002,ドルヒユ族,23740,6842,False,0,,,,,,,,,,,,,,
1695251,ブリグ族,21126,6213,False,0,7,0,0,5,1,1,0,0,0,0,0,0,0,0
1695482,マツヤ族,20555,5896,False,0,,,,,,,,,,,,,,
1696388,パニ族,20822,6118,False,0,,,,,,,,,,,,,,
1696394,パルシュ族,20884,5815,False,0,5,0,0,4,0,0,0,0,1,0,0,0,0,0
1698612,パンチャーラ族,22018,6342,False,0,,,,,,,,,,,,,,
1700074,地豆于,24296,6382,False,0,9,0,0,3,0,1,0,0,2,1,0,0,2,0
1700087,豆莫婁,30017,8938,False,0,20,0,3,4,0,2,0,0,2,3,2,0,3,1
1700216,烏洛侯,28938,7987,False,0,,,,,,,,,,,,,,
1705711,トーロン族,39543,9211,False,1,,,,,,,,,,,,,,
1709195,トゥ族,39917,9070,False,1,,,,,,,,,,,,,,
1712201,ケン允,25562,7998,False,0,,,,,,,,,,,,,,
1712204,葷粥,38705,10893,False,0,,,,,,,,,,,,,,
1718199,ブルグント族,97675,26529,False,0,,,,,,,,,,,,,,
1724410,天孫族,54697,9957,False,0,,,,,,,,,,,,,,
1724948,在日ブラジル人,128131,33141,False,1,,,,,,,,,,,,,,
1729199,モリスコ,59359,22135,False,0,,,,,,,,,,,,,,
1734036,慕容部,121471,11348,False,0,,,,,,,,,,,,,,
1742049,ルシン人,53751,13133,False,1,,,,,,,,,,,,,,
1752917,ジャワ人,36874,12699,False,0,,,,,,,,,,,,,,
1754602,日系ベネズエラ人,45676,9563,False,1,,,,,,,,,,,,,,
1756937,テウトネス族,26295,7300,False,0,,,,,,,,,,,,,,
1769059,ハウサ人,40204,12660,False,1,,,,,,,,,,,,,,
1769521,オロモ人,45249,12487,False,1,,,,,,,,,,,,,,
1769634,アムハラ人,27214,8877,False,1,,,,,,,,,,,,,,
1770842,ティグレ人,29778,8174,False,1,,,,,,,,,,,,,,
1771768,ガモ人,21870,6273,False,0,14,1,2,1,1,3,0,0,4,0,2,0,0,0
1779084,ハルティ (ダロッド),49405,8766,False,0,,,,,,,,,,,,,,
1783171,アリーヤー,23420,6376,False,0,,,,,,,,,,,,,,
1785673,独孤部,30400,8811,False,0,,,,,,,,,,,,,,
1793725,ポウハタン,83442,38150,False,0,,,,,,,,,,,,,,
1794894,ナラ人,28814,7609,False,1,,,,,,,,,,,,,,
1795453,ツワナ人,31028,8678,False,1,33,1,4,4,0,13,1,2,0,0,0,8,0,0
1795486,ショナ人,29823,7411,False,1,,,,,,,,,,,,,,
1795536,メリナ人,26762,7764,False,1,,,,,,,,,,,,,,
1797403,ヤーガン族,32864,9163,False,0,,,,,,,,,,,,,,
1798047,欧米系島民,93277,23235,False,1,,,,,,,,,,,,,,
1798091,リプカ・タタール人,97263,32912,False,0,164,1,6,18,2,86,0,10,12,0,27,0,1,1
1803671,ロジ族,21546,6349,False,0,8,1,0,0,0,2,0,0,2,3,0,0,0,0
1806077,ウリャンカイ,84528,21383,False,0,85,0,0,35,1,7,0,0,5,2,2,33,0,0
1818211,戎,46778,14668,False,0,79,0,0,0,0,3,0,0,9,2,0,62,3,0
1818458,高句麗五部,27381,8678,False,0,,,,,,,,,,,,,,
1818552,黒水部,19587,5870,False,0,,,,,,,,,,,,,,
1822247,チンポー族,49677,10178,False,1,,,,,,,,,,,,,,
1822253,ムーラオ族,32624,7252,False,1,,,,,,,,,,,,,,
1822279,ローバ族,33202,7651,False,1,,,,,,,,,,,,,,
1823553,プーラン族,34482,7974,False,1,,,,,,,,,,,,,,
1823571,プイ族,45441,8476,False,1,,,,,,,,,,,,,,
1828598,シラヤ族,31812,7860,False,0,,,,,,,,,,,,,,
1829573,ペチェネグ,60444,16067,False,0,,,,,,,,,,,,,,
1836162,モシ人,31182,8888,False,1,,,,,,,,,,,,,,
1838607,ゴーラ人,79296,23119,False,1,139,0,19,10,2,49,0,9,44,1,5,0,0,0
1849979,山越,22840,6343,False,0,3,0,0,0,0,0,0,0,3,0,0,0,0,0
1850883,アエクイ族,26658,7122,False,0,,,,,,,,,,,,,,
1850916,ウォルスキ族,19705,5423,False,0,,,,,,,,,,,,,,
1851005,クワキウトル族,36159,11013,False,0,,,,,,,,,,,,,,
1855020,中国の異民族,23329,5683,False,0,,,,,,,,,,,,,,
1857346,ギックサン族,25470,6977,False,0,,,,,,,,,,,,,,
1857427,アザンデ族,35681,9017,False,0,,,,,,,,,,,,,,
1857436,カンバ族,26974,7432,False,0,12,1,0,1,0,2,0,3,3,1,1,0,0,0
1857469,カチン族,52117,14633,False,1,,,,,,,,,,,,,,
1858199,ニスガ族,38702,10542,False,0,,,,,,,,,,,,,,
1859773,デノビュラ人,39775,9512,False,0,,,,,,,,,,,,,,
1868636,パレスチナ系ブラジル人,37121,8255,False,1,,,,,,,,,,,,,,
1868860,パレスチナ系ニカラグア人,41242,10274,False,1,,,,,,,,,,,,,,
1869083,レバノン系ブラジル人,29262,8212,False,1,,,,,,,,,,,,,,
1869178,パレスチナ系ペルー人,31473,7212,False,1,,,,,,,,,,,,,,
1871022,ダロッド,67073,15111,False,1,,,,,,,,,,,,,,
1871128,ポルトガル系モザンビーク人,52263,12805,False,1,,,,,,,,,,,,,,
1871180,ヒンドゥー教徒,79901,14278,False,0,,,,,,,,,,,,,,
1871430,マドゥラ族,24558,6716,False,0,,,,,,,,,,,,,,
1877594,パリシイ族,28809,7864,False,0,,,,,,,,,,,,,,
1878116,エウェ人,29601,8555,False,1,30,1,1,2,0,13,1,3,9,0,0,0,0,0
1880608,チャガ族,24112,6734,False,0,7,0,0,1,0,1,0,1,1,2,1,0,0,0
1880736,トンガ族,25856,6931,False,0,,,,,,,,,,,,,,
1882777,モンゴ族,27393,7678,False,0,16,2,3,1,0,2,0,0,3,1,1,3,0,0
1882785,ガンダ族,24811,7002,False,0,,,,,,,,,,,,,,
1882825,バンバラ族,26890,7394,False,0,20,1,4,1,1,7,0,2,1,2,1,0,0,0
1882893,ヌバ族,26555,6915,False,0,,,,,,,,,,,,,,
1883758,ミナンカバウ人,96290,36699,False,1,,,,,,,,,,,,,,
1883782,ルーシ人,89984,30999,False,0,,,,,,,,,,,,,,
1883783,ルテニア人,74218,21010,False,0,,,,,,,,,,,,,,
1885202,ポルトガル系アンゴラ人,48789,12511,False,1,,,,,,,,,,,,,,
1887642,チャモロ人,42574,9483,False,1,,,,,,,,,,,,,,
1887650,ガロ族,22241,6301,False,0,,,,,,,,,,,,,,
1888608,ロル族,26921,6779,False,0,25,0,2,2,0,2,0,3,2,1,2,11,0,0
1888620,ティブ族,24558,6582,False,0,,,,,,,,,,,,,,
1889415,ムンダ族,29113,8242,False,0,,,,,,,,,,,,,,
1889894,ソンガイ族,25796,6658,False,0,10,0,2,3,0,3,0,0,1,1,0,0,0,0
1891987,スンダ族,29704,7485,False,1,,,,,,,,,,,,,,
1893144,アント人,23621,7165,False,0,,,,,,,,,,,,,,
1898229,日系オーストラリア人,54541,13372,False,1,,,,,,,,,,,,,,
1898592,ファッラーヒーン,36475,12521,False,0,,,,,,,,,,,,,,
1900816,山戎,33629,7943,False,0,,,,,,,,,,,,,,
1904864,ベンバ族,23683,6531,False,0,,,,,,,,,,,,,,
1905554,ルバ族,29431,7989,False,0,,,,,,,,,,,,,,
1906410,ポリャーネ族,33104,7552,True,0,,,,,,,,,,,,,,
1908204,ダルマチア・イタリア人,76408,31851,False,0,,,,,,,,,,,,,,
1914550,ユピク,28918,8548,False,1,,,,,,,,,,,,,,
1914552,イヌピアト,23784,7186,False,1,,,,,,,,,,,,,,
1915609,ブハラ・ユダヤ人,34677,9768,False,0,,,,,,,,,,,,,,
1915833,ベタ・イスラエル,38194,8454,False,0,19,0,0,6,1,7,0,2,0,0,3,0,0,0
1916876,イエメン・ユダヤ人,30738,9438,False,1,,,,,,,,,,,,,,
1922030,ハウィエ,71973,14222,False,1,,,,,,,,,,,,,,
1930706,ニャムウェジ族,23021,6500,False,0,,,,,,,,,,,,,,
1932662,コーカン族,45540,8819,False,0,,,,,,,,,,,,,,
1933344,ゴンド族,28693,9286,False,0,17,1,3,2,0,1,0,1,3,1,1,4,0,0
1934091,セノイ族,21453,6205,False,0,13,0,1,7,0,0,1,0,0,1,0,0,0,3
1935570,ノガイ族,50832,11613,False,1,,,,,,,,,,,,,,
1936404,ネギダール,51038,9465,False,1,,,,,,,,,,,,,,
1938454,チェワ族,38417,13674,False,0,43,0,11,1,0,14,2,0,6,0,0,9,0,0
1938490,トゥンブカ族,22273,6440,False,0,17,1,3,3,1,3,0,1,3,0,2,0,0,0
1938556,ンセンガ族,28759,7591,False,0,,,,,,,,,,,,,,
1940365,イフガオ族,21480,6188,False,0,,,,,,,,,,,,,,
1940371,チチメカ族,27368,7657,False,0,,,,,,,,,,,,,,
1940800,カレリア人,33265,7751,False,0,,,,,,,,,,,,,,
1946091,バントゥー系民族,96611,30077,False,1,,,,,,,,,,,,,,
1954884,バタック人,28268,8458,False,0,,,,,,,,,,,,,,
1957353,グルン,24749,6854,False,0,8,0,3,1,0,2,0,1,1,0,0,0,0,0
1963952,バスク系アルゼンチン人,65841,15716,False,1,,,,,,,,,,,,,,
1966515,ヴラフ人,61025,21662,False,0,,,,,,,,,,,,,,
1967040,イテリメン族,48907,9673,False,0,25,0,4,10,0,4,0,1,1,5,0,0,0,0
1967049,ワンガラ族,24679,7882,False,0,,,,,,,,,,,,,,
1967087,ディンカ族,36144,9630,False,0,,,,,,,,,,,,,,
1967091,ヌエル族,33603,9833,False,0,12,1,1,4,0,2,0,1,0,1,0,2,0,0
1970438,ラハンウェイン,66748,14514,False,1,,,,,,,,,,,,,,
1971549,ヘルニキ族,25680,7193,False,0,,,,,,,,,,,,,,
1971572,シルック族,28126,8448,False,0,,,,,,,,,,,,,,
1971759,ダヤク族,43378,13825,False,1,,,,,,,,,,,,,,
1973407,ミナハサ族,24685,6844,False,0,,,,,,,,,,,,,,
1973475,ブギス族,26656,7281,False,0,17,0,1,3,0,7,1,2,0,2,1,0,0,0
1973501,マカッサル族,26999,6994,False,1,15,2,4,3,0,3,0,1,0,1,1,0,0,0
1973557,インドネシア諸族,60819,9304,False,0,,,,,,,,,,,,,,
1975509,ドゴン族,26274,7813,False,0,,,,,,,,,,,,,,
1976057,ランポン族,21405,6301,False,0,,,,,,,,,,,,,,
1978830,アレマン人,43999,11157,False,0,,,,,,,,,,,,,,
1979595,ンゴニ族,55110,14929,False,1,,,,,,,,,,,,,,
1979607,ヤオ族 (アフリカ),38036,10236,False,1,,,,,,,,,,,,,,
1981170,マコンデ族,31270,9692,False,1,,,,,,,,,,,,,,
1989326,薛延陀,42639,18239,False,0,93,0,0,27,1,33,1,0,2,18,7,2,2,0
1992295,ハイチ系アメリカ人,51189,13546,False,1,,,,,,,,,,,,,,
1995477,ニプマク,26836,7279,False,0,,,,,,,,,,,,,,
2017778,ヘマ族,34254,8651,False,0,,,,,,,,,,,,,,
2020425,サビニ人,32578,8377,False,0,,,,,,,,,,,,,,
2020889,アフリカ系ブラジル人,48205,10627,False,0,,,,,,,,,,,,,,
2026495,パレスチナ系アメリカ人,34900,8092,False,1,,,,,,,,,,,,,,
2029574,ワイ貊,56132,15637,False,0,,,,,,,,,,,,,,
2030082,オヴィンブンド人,23656,7145,False,0,,,,,,,,,,,,,,
2030115,シャンガーン人,30222,8162,False,1,,,,,,,,,,,,,,
2030930,キンブンド人,34146,12239,False,0,,,,,,,,,,,,,,
2038700,セルクナム族,27491,7548,False,0,,,,,,,,,,,,,,
2040263,クル族 (リベリア),30554,10018,False,0,,,,,,,,,,,,,,
2040338,クルメン族,30995,9792,False,0,27,1,1,6,1,5,1,0,2,2,1,5,0,2
2046004,グリンジ,21736,6422,False,0,,,,,,,,,,,,,,
2066611,マルコマンニ,33678,10579,False,0,,,,,,,,,,,,,,
2066653,クァディ族,36525,12638,False,0,,,,,,,,,,,,,,
2070479,スコルディスキ,44483,17838,False,0,,,,,,,,,,,,,,
2074521,キンブリ族,74762,29326,False,0,,,,,,,,,,,,,,
2077854,コルシカ人,25030,6577,False,1,,,,,,,,,,,,,,
2078684,トラスカルテカ,32817,9162,False,1,,,,,,,,,,,,,,
2079965,アメ公,23214,6394,False,0,,,,,,,,,,,,,,
2089884,ボイイ族,70094,24781,False,0,,,,,,,,,,,,,,
2090101,デンマーク系アメリカ人,27928,7426,False,0,,,,,,,,,,,,,,
2093106,チャイナマン,23258,6109,False,0,,,,,,,,,,,,,,
2093115,チョンキー,27681,7224,False,0,,,,,,,,,,,,,,
2093782,ヘルール族,36582,12816,False,0,,,,,,,,,,,,,,
2094125,マッサゲタイ,53162,21435,False,0,,,,,,,,,,,,,,
2100972,ゲピド族,42412,12804,False,0,31,0,0,7,1,7,0,1,6,6,3,0,0,0
2101857,外藩蒙古,40052,12910,False,0,14,0,0,2,0,3,0,0,0,5,3,0,1,0
2105567,ダアイ,34407,9139,False,0,22,0,0,11,0,0,0,0,3,2,1,5,0,0
2105994,イッセドネス人,32740,10176,False,0,,,,,,,,,,,,,,
2106270,ブディノイ,40603,13713,False,0,,,,,,,,,,,,,,
2106486,サウロマタイ,55308,24244,False,0,,,,,,,,,,,,,,
2106746,アンドロパゴイ,33115,10085,False,0,,,,,,,,,,,,,,
2107407,メランクライノイ,32673,9903,False,0,,,,,,,,,,,,,,
2107470,ネウロイ,37186,11997,False,0,8,0,0,1,0,2,0,1,2,2,0,0,0,0
2109077,アルギッパイオイ,30557,9141,False,0,,,,,,,,,,,,,,
2109160,アガテュルソイ,37116,11686,False,0,,,,,,,,,,,,,,
2111734,タウロイ,32926,9692,False,0,,,,,,,,,,,,,,
2111891,ゲロノイ,34992,10828,False,0,,,,,,,,,,,,,,
2118817,カルルク,102191,21270,False,0,,,,,,,,,,,,,,
2119609,華夏族,23795,6800,False,0,,,,,,,,,,,,,,
2123521,アラゴン人,28462,8889,False,1,,,,,,,,,,,,,,
2123530,アストゥリアス人,28803,7641,False,1,,,,,,,,,,,,,,
2127006,グラル人,59953,16658,False,0,57,0,6,5,1,17,0,0,22,2,0,4,0,0
2127802,日系スペイン人,59824,13067,False,1,,,,,,,,,,,,,,
2128686,オグズ,49310,17071,False,0,,,,,,,,,,,,,,
2129793,アオルソイ,43271,14445,False,0,,,,,,,,,,,,,,
2130649,ゲタイ,45224,15676,False,0,,,,,,,,,,,,,,
2134817,建州女直,28740,7909,False,0,,,,,,,,,,,,,,
2135522,カスティーリャ人,27894,7609,False,1,,,,,,,,,,,,,,
2140811,在日ミャンマー人,59217,11478,False,1,,,,,,,,,,,,,,
2146502,ウェネティ族 (ガリア),37038,11031,False,0,,,,,,,,,,,,,,
2152430,ゾル人,95343,30056,False,0,,,,,,,,,,,,,,
2157207,台湾系アメリカ人,74057,27327,False,1,,,,,,,,,,,,,,
2158646,ロートパゴス族,25560,7894,False,0,,,,,,,,,,,,,,
2160332,ベニヤミン族,30838,7862,False,0,,,,,,,,,,,,,,
2166851,アブハズ人,65479,17485,False,1,,,,,,,,,,,,,,
2175884,カロリン人,37587,8294,False,1,19,2,5,1,0,0,0,3,0,6,0,0,1,1
2178488,スティエン族,37478,7793,False,1,14,0,2,1,0,4,0,2,3,0,2,0,0,0
2180509,ビン民系,31678,9394,False,0,,,,,,,,,,,,,,
2182359,ベツィミサラカ人,23996,7181,False,0,12,0,1,2,1,4,0,0,2,2,0,0,0,0
2184152,黒帽子族,25259,7116,False,0,16,0,0,5,0,2,0,0,1,1,1,6,0,0
2184572,ベツィレウ人,24643,7285,False,0,,,,,,,,,,,,,,
2184611,サカラヴァ人,23006,6792,False,0,,,,,,,,,,,,,,
2192862,クリー,36753,10179,False,0,,,,,,,,,,,,,,
2197708,カレンニー族,43781,9846,False,1,,,,,,,,,,,,,,
2200809,ヴァスコン人,29265,9361,False,0,32,0,2,3,0,9,0,0,7,11,0,0,0,0
2201166,ホホール人,28295,7758,False,0,,,,,,,,,,,,,,
2217662,アバザ人,55497,10761,False,1,,,,,,,,,,,,,,
2223070,クレフテス,77744,25614,False,0,47,0,0,2,2,14,0,0,11,3,15,0,0,0
2229291,インダー族,22344,7152,False,1,,,,,,,,,,,,,,
2231283,羊飼い,39326,12530,False,0,,,,,,,,,,,,,,
2239684,脱清人,34386,11299,False,0,,,,,,,,,,,,,,
2239798,ハカス人,33649,7746,False,1,,,,,,,,,,,,,,
2250243,レンディーレ族,28412,10757,False,1,,,,,,,,,,,,,,
2259736,シヴェーリア族,37259,8428,False,0,,,,,,,,,,,,,,
2263070,レビ族,54926,11666,False,0,,,,,,,,,,,,,,
2263760,ガド族,34519,9674,False,0,,,,,,,,,,,,,,
2264776,エフライム族,30049,7355,False,0,,,,,,,,,,,,,,
2265075,シメオン族,47954,13930,False,0,,,,,,,,,,,,,,
2265087,ヨセフ族,28600,7040,False,0,,,,,,,,,,,,,,
2265093,ダン族,28389,7116,False,0,,,,,,,,,,,,,,
2266198,アシェル族,31138,7820,False,0,,,,,,,,,,,,,,
2266286,ルベン族,31696,8396,False,0,,,,,,,,,,,,,,
2266313,イッサカル族,27682,6880,False,0,,,,,,,,,,,,,,
2266465,ゼブルン族,30430,7807,False,0,,,,,,,,,,,,,,
2266469,一世 (日系人),84915,27612,False,0,128,0,1,3,0,48,8,4,12,0,24,27,1,0
2266494,ナフタリ族,32064,8106,False,0,,,,,,,,,,,,,,
2266827,二世 (日系人),76435,22195,False,0,38,0,3,2,0,22,2,0,0,0,8,0,1,0
2268096,ラカライ族,24867,6946,False,1,,,,,,,,,,,,,,
2268382,アラペシュ族,31082,8119,False,1,,,,,,,,,,,,,,
2268432,アベラム族,40872,14387,False,1,,,,,,,,,,,,,,
2269017,三世 (日系人),59464,14923,False,0,,,,,,,,,,,,,,
2270235,四世 (日系人),59909,15413,False,0,,,,,,,,,,,,,,
2272503,アスマット族,28464,8218,False,1,,,,,,,,,,,,,,
2278177,アヌアク族,28058,7459,False,1,,,,,,,,,,,,,,
2278463,アンイイ族,25362,6931,False,1,,,,,,,,,,,,,,
2278493,アンガス族,25296,6900,False,1,,,,,,,,,,,,,,
2278726,アンコレ族,24596,6741,False,1,,,,,,,,,,,,,,
2278872,イガラ族,24962,6890,False,1,,,,,,,,,,,,,,
2278893,イッサ族,51497,9404,False,1,16,1,1,2,0,6,0,1,2,0,2,0,1,0
2283217,キッシ族,29038,7711,False,1,,,,,,,,,,,,,,
2283436,グシイ族,25001,6802,False,1,,,,,,,,,,,,,,
2283707,グラジェ族,24188,6647,False,1,,,,,,,,,,,,,,
2283826,ザガワ族,28516,7548,False,1,,,,,,,,,,,,,,
2283938,サンブル族,24225,6609,False,1,,,,,,,,,,,,,,
2285488,バナト・ブルガリア人,146240,42070,False,1,,,,,,,,,,,,,,
2296737,在アルジェリア日本人,50985,11315,False,1,,,,,,,,,,,,,,
2299256,プラナカン,49633,18408,False,0,79,0,13,15,2,11,2,5,9,8,7,7,0,0
2312797,コピノ,51474,13635,False,1,,,,,,,,,,,,,,
2321889,プトゥン人,60972,27036,False,0,,,,,,,,,,,,,,
2325974,タラスコ族,32170,9857,False,1,,,,,,,,,,,,,,
2326235,イシル族,28059,7686,False,1,,,,,,,,,,,,,,
2326444,ラカンドン族,40762,13684,False,1,,,,,,,,,,,,,,
2326540,サポテコ族,24881,7159,False,1,,,,,,,,,,,,,,
2326560,セリ族,29469,9921,False,1,,,,,,,,,,,,,,
2327049,ソケ族,25035,6908,False,1,,,,,,,,,,,,,,
2327136,ナワ族,31300,8505,False,1,,,,,,,,,,,,,,
2327139,オトミ族,24530,6562,False,1,,,,,,,,,,,,,,
2327332,マサテコ族,23524,6522,False,1,,,,,,,,,,,,,,
2327812,ミスキート族,30120,7887,False,1,,,,,,,,,,,,,,
2376009,ケルティベリア人,65803,13306,False,0,28,0,0,1,0,0,0,0,11,7,5,3,1,0
2396546,マリ人,38892,10497,False,1,,,,,,,,,,,,,,
2401421,ヴォーティガン,62935,12900,False,0,,,,,,,,,,,,,,
2419365,パタゴン,80489,33289,False,1,,,,,,,,,,,,,,
2426802,フォン人,29098,8269,False,0,,,,,,,,,,,,,,
2431727,ミシサガ族,39932,12644,False,0,,,,,,,,,,,,,,
2432626,バヌーヒラル,27661,7424,False,0,,,,,,,,,,,,,,
2442331,ムブティ族,56191,18910,False,1,,,,,,,,,,,,,,
2442400,ニョロ族,23212,6527,False,0,,,,,,,,,,,,,,
2505389,骨利幹,30564,8600,False,0,,,,,,,,,,,,,,
2509997,ブニェヴァツ人,95643,30009,False,1,247,0,13,58,2,19,0,2,148,3,1,0,1,0
2517056,トレス海峡諸島民,40514,10004,False,1,,,,,,,,,,,,,,
2532390,イリュリア人,47259,13983,False,0,,,,,,,,,,,,,,
2539011,クーリュール・デ・ボワ,67563,25918,False,0,,,,,,,,,,,,,,
2569630,カゴ (被差別民),52549,20032,False,0,,,,,,,,,,,,,,
2589093,ショカツ人,88210,22945,False,1,,,,,,,,,,,,,,
2604015,マルグレ＝ヌー,44622,17288,False,0,67,0,0,1,2,21,0,0,37,0,6,0,0,0
2611389,ハイダ族,22044,6013,False,0,9,0,0,1,0,2,0,0,3,3,0,0,0,0
2614302,ファン人,35567,9713,False,0,,,,,,,,,,,,,,
2622081,野人女直,31112,9597,False,0,,,,,,,,,,,,,,
2647341,ポリャーネ族 (西),44053,10427,False,0,19,0,1,3,1,3,0,0,7,3,1,0,0,0
2647763,ポーランド族,34850,10179,False,0,,,,,,,,,,,,,,
2650278,ハプログループD (Y染色体),104398,25444,False,1,,,,,,,,,,,,,,
2658419,ハプログループDE (Y染色体),54774,12117,False,0,,,,,,,,,,,,,,
2678110,バルカル人,43836,12277,False,1,,,,,,,,,,,,,,
2679673,マラーター,53413,17363,False,1,,,,,,,,,,,,,,
2682547,バニャムレンゲ,110430,44369,False,0,71,0,1,3,1,11,0,0,35,8,12,0,0,0
2689247,ジャラワ族,33108,10439,False,0,,,,,,,,,,,,,,
2690266,ポリャーネ族 (東),37891,9126,False,0,,,,,,,,,,,,,,
2693609,ヴェプス人,57732,14050,False,1,68,1,9,15,0,9,0,1,17,9,4,2,0,1
2696839,アコルワ,31780,7722,False,0,,,,,,,,,,,,,,
2699434,サカーリバ,47787,10359,False,0,,,,,,,,,,,,,,
2702558,シレジア人,38848,9866,False,0,,,,,,,,,,,,,,
2708067,スリランカ・ムーア,37519,10293,False,1,,,,,,,,,,,,,,
2708574,バーガー人,33660,9082,False,1,44,3,6,2,0,3,0,4,4,0,14,8,0,0
2713132,パミール人,51732,13404,False,1,,,,,,,,,,,,,,
2727008,カシューブ人,48092,11542,False,1,,,,,,,,,,,,,,
2727628,タイー族,38639,8321,False,1,,,,,,,,,,,,,,
2750159,アファル人,33683,9189,False,1,30,2,1,4,0,13,1,1,7,1,0,0,0,0
2763861,イタリック人,48738,10885,False,0,,,,,,,,,,,,,,
2773372,サリ族,33027,9163,False,0,,,,,,,,,,,,,,
2791121,セム族 (民族集団),45322,12183,False,0,,,,,,,,,,,,,,
2795029,ポロチャーネ族,36514,9085,False,0,,,,,,,,,,,,,,
2805754,ヌーリスターン人,31258,8052,False,1,,,,,,,,,,,,,,
2805773,カラシュ人,32722,8160,False,1,15,1,4,1,0,2,1,2,2,0,0,0,1,1
2805841,ドレゴヴィチ族,42165,10090,False,0,,,,,,,,,,,,,,
2810125,コンソ,99021,33831,False,1,,,,,,,,,,,,,,
2812408,ジャライト,26878,8925,False,0,3,0,0,3,0,0,0,0,0,0,0,0,0,0
2824106,ドルベト (モンゴル),29572,9340,False,0,,,,,,,,,,,,,,
2824313,ゴルロス,33481,12924,False,0,,,,,,,,,,,,,,
2827366,ハラチン,83965,28466,False,0,,,,,,,,,,,,,,
2836152,トゥメト,96988,29995,False,0,,,,,,,,,,,,,,
2841279,クリヴィチ族,62987,18968,False,0,,,,,,,,,,,,,,
2863836,ヴォルィニャーネ族,39379,9676,False,0,,,,,,,,,,,,,,
2864160,ブジャーネ族,34976,8499,False,0,,,,,,,,,,,,,,
2864161,ドゥレーブィ族,38999,9514,False,0,,,,,,,,,,,,,,
2864616,ヴェシ族,32432,9276,False,0,,,,,,,,,,,,,,
2883082,エヴェン,50251,9964,False,1,,,,,,,,,,,,,,
2884206,ウデヘ,59777,15138,False,1,,,,,,,,,,,,,,
2886559,ウリチ,54886,12138,False,1,,,,,,,,,,,,,,
2888454,ハプログループM7a (mtDNA),45358,9068,False,0,,,,,,,,,,,,,,
2892947,ハプログループB (mtDNA),54173,11063,False,0,,,,,,,,,,,,,,
2908593,フラマン人,72303,22633,False,1,,,,,,,,,,,,,,
2911663,エルモロ人,48486,13560,False,1,,,,,,,,,,,,,,
2924052,アイマーク人,45107,11926,False,1,63,1,6,4,1,9,0,2,12,0,6,22,0,0
2927369,タラフマラ族,67547,19846,False,1,,,,,,,,,,,,,,
2943323,ギルザイ部族連合,35039,9642,False,0,,,,,,,,,,,,,,
2943402,ドゥッラーニー部族連合,32236,9144,False,0,,,,,,,,,,,,,,
2952764,マギンダナオ族,30135,8030,False,0,,,,,,,,,,,,,,
2959213,フェロー人,45236,11667,False,1,,,,,,,,,,,,,,
2962205,エストニア人,95379,22256,False,1,,,,,,,,,,,,,,
2983111,ハプログループR (Y染色体),114956,21505,False,1,,,,,,,,,,,,,,
2984695,オンゲ族,44237,12244,False,0,,,,,,,,,,,,,,
2999095,ウリチ族,37655,9406,False,0,,,,,,,,,,,,,,
2999126,チヴェルツィ族,40411,10219,False,0,25,0,0,4,0,4,0,0,8,8,1,0,0,0
2999613,ヴャチチ族,64130,17817,False,0,,,,,,,,,,,,,,
3014353,スロヴェネ族,53340,15796,False,0,,,,,,,,,,,,,,
3022677,ピュー,96418,33207,False,1,,,,,,,,,,,,,,
3022785,バンサモロ,39445,11668,False,0,41,0,0,2,0,4,0,7,16,6,6,0,0,0
3026977,バナール族,42843,9188,False,1,,,,,,,,,,,,,,
3035097,トルクメン人 (イラク),38960,8933,False,0,,,,,,,,,,,,,,
3056539,ダイラム,35681,10956,False,0,,,,,,,,,,,,,,
3082141,ガリフナ,60352,15459,False,1,75,1,9,3,1,20,4,9,12,8,0,7,0,1
3089033,コヴイ人,25654,7079,False,0,,,,,,,,,,,,,,
3090069,ブロドニキ,38781,11653,False,0,,,,,,,,,,,,,,
3090070,ベルラドニキ,29867,8748,False,0,,,,,,,,,,,,,,
3092765,リトアニア人,55585,12187,False,1,,,,,,,,,,,,,,
3093429,チュヂ族,44317,13473,False,0,,,,,,,,,,,,,,
3093984,トルク族,32049,10176,False,0,25,0,0,3,0,5,0,0,7,7,3,0,0,0
3093985,ベレンデイ族,40543,11285,False,0,,,,,,,,,,,,,,
3109955,ソト族,82741,24853,False,1,,,,,,,,,,,,,,
3116028,ドム (民族),52027,12732,False,1,85,1,12,13,0,39,7,2,9,0,1,1,0,0
3118420,コレラ族,27044,8043,False,0,,,,,,,,,,,,,,
3118423,ヤミ族 (中世フィンランド),32485,10181,False,0,,,,,,,,,,,,,,
3119025,アーホーム族,25543,6761,False,0,,,,,,,,,,,,,,
3130811,メリャ族,23135,6649,False,0,,,,,,,,,,,,,,
3130812,ムーロマ族,26024,7489,False,0,,,,,,,,,,,,,,
3133922,ゲンス,65848,9474,False,0,,,,,,,,,,,,,,
3134128,ラヂミチ族,44961,11250,False,0,,,,,,,,,,,,,,
3138699,イジョラ人,91159,29300,False,1,,,,,,,,,,,,,,
3139253,カラチャイ人,57453,15050,False,1,,,,,,,,,,,,,,
3148905,ティグリニ族,43973,13615,False,0,,,,,,,,,,,,,,
3152361,チベット系民族,42681,11939,False,0,68,0,7,0,0,26,1,0,18,1,1,13,1,0
3192969,白民,21723,6311,False,0,,,,,,,,,,,,,,
3193383,裸民,19613,5730,False,0,,,,,,,,,,,,,,
3194127,ジャライル,35260,11056,False,0,,,,,,,,,,,,,,
3198756,海人族,33498,8224,False,0,21,0,0,1,0,2,0,0,3,3,5,5,2,0
3202179,ハプログループO1b2 (Y染色体),67395,16760,False,1,,,,,,,,,,,,,,
3202332,ハプログループN (Y染色体),64733,18806,False,1,,,,,,,,,,,,,,
3202346,ハプログループO (Y染色体),57621,11849,False,1,,,,,,,,,,,,,,
3204509,ハプログループO1b (Y染色体),42554,9671,False,1,,,,,,,,,,,,,,
3204528,ハプログループZ (mtDNA),42922,8307,False,1,,,,,,,,,,,,,,
3204544,ガナサン人,33080,7973,False,0,18,0,1,6,1,4,0,0,2,1,2,0,1,0
3205286,セリクプ人,32658,8124,False,0,,,,,,,,,,,,,,
3207676,楼煩,28312,8732,False,0,,,,,,,,,,,,,,
3209054,林胡,25555,7247,False,0,,,,,,,,,,,,,,
3209494,ハプログループY (mtDNA),44833,9161,False,0,,,,,,,,,,,,,,
3209498,ハプログループG (mtDNA),38748,8308,False,0,,,,,,,,,,,,,,
3210530,ハプログループO1a (Y染色体),41765,9872,False,1,,,,,,,,,,,,,,
3210556,ハプログループO1b1 (Y染色体),56716,15944,False,1,,,,,,,,,,,,,,
3211100,ハプログループJ (Y染色体),53215,11644,False,1,,,,,,,,,,,,,,
3211671,ハンティ人,42366,10876,False,1,54,2,6,14,2,7,0,3,13,3,3,0,1,0
3211673,マンシ人,47294,11523,False,1,,,,,,,,,,,,,,
3211704,アシイ,45904,15479,False,0,55,0,0,37,0,3,1,0,0,2,12,0,0,0
3211803,コミ人,39013,9710,False,1,39,2,2,4,0,7,0,2,3,6,8,5,0,0
3212960,北部モンゴロイド,57898,13932,False,0,,,,,,,,,,,,,,
3215818,センチネル族,22389,6726,False,0,,,,,,,,,,,,,,
3215828,アンダマン人,29864,8458,False,0,25,0,1,1,0,0,0,0,0,2,1,20,0,0
3219694,ドルガン人,32814,7496,False,1,,,,,,,,,,,,,,
3220246,エネツ人,29502,6895,False,0,,,,,,,,,,,,,,
3220272,ショル人,32695,7512,False,1,,,,,,,,,,,,,,
3225838,ナマ人,37199,11313,False,0,,,,,,,,,,,,,,
3229234,フィン・ウゴル系民族,46203,11625,False,1,,,,,,,,,,,,,,
3229237,ウラル系民族,41498,12026,False,0,,,,,,,,,,,,,,
3236604,ハプログループM (mtDNA),39558,7746,False,0,,,,,,,,,,,,,,
3237051,ハプログループR1a (Y染色体),62729,13459,False,1,,,,,,,,,,,,,,
3238214,ハプログループR1b (Y染色体),90101,19671,False,1,,,,,,,,,,,,,,
3240938,アエタ族,30437,9073,False,0,,,,,,,,,,,,,,
3242221,ハプログループD (mtDNA),51694,12797,False,0,,,,,,,,,,,,,,
3242246,テレンギト人,33094,7520,False,1,,,,,,,,,,,,,,
3242287,ハプログループA (mtDNA),51917,12510,False,0,,,,,,,,,,,,,,
3242815,アルメニア人のディアスポラ,342007,60098,False,0,,,,,,,,,,,,,,
3245856,ハプログループC (mtDNA),45297,9150,False,0,,,,,,,,,,,,,,
3246004,ハプログループH (mtDNA),43585,9638,False,0,,,,,,,,,,,,,,
3247003,ツラン人種,32631,7632,True,0,,,,,,,,,,,,,,
3247337,ナイロート,30799,8155,False,1,,,,,,,,,,,,,,
3248515,オーストロネシア人,41403,13893,False,0,,,,,,,,,,,,,,
3253793,ケープマレー,53157,16259,False,1,52,1,12,10,2,2,0,9,15,0,0,1,0,0
3254840,アティ族,23032,6218,False,0,,,,,,,,,,,,,,
3258386,ハワイ先住民,33327,8146,False,1,,,,,,,,,,,,,,
3258403,サモア人,34902,8266,False,1,19,1,2,1,0,9,0,4,0,1,1,0,0,0
3260717,ハプログループNO (Y染色体),43124,9938,False,1,,,,,,,,,,,,,,
3261677,マダガスカル人,30995,8077,False,1,,,,,,,,,,,,,,
3264326,アイリッシュ・トラヴェラー,200783,53378,False,1,,,,,,,,,,,,,,
3284544,ヤトヴャグ族,32852,9441,False,0,,,,,,,,,,,,,,
3297619,カナカナブ族,33344,7968,False,1,20,2,6,4,0,0,0,3,3,1,1,0,0,0
3297628,サアロア族,33731,8177,False,1,,,,,,,,,,,,,,
3307486,ウリヤンハイ三衛,83910,25380,False,0,,,,,,,,,,,,,,
3308708,オングト,48235,12610,False,0,,,,,,,,,,,,,,
3308711,ユーラシアン,37791,8790,False,0,,,,,,,,,,,,,,
3316389,朶顔衛,23777,6975,False,0,,,,,,,,,,,,,,
3316395,泰寧衛,23190,6481,False,0,,,,,,,,,,,,,,
3317343,福余衛,23430,6645,False,0,,,,,,,,,,,,,,
3318954,フィル・ヴォルグ,37803,9768,False,0,,,,,,,,,,,,,,
3322490,ハプログループD1a (Y染色体),47165,9827,False,1,,,,,,,,,,,,,,
3330380,ヨンシエブ,74612,20210,False,0,,,,,,,,,,,,,,
3331744,モラヴィア人,55029,14539,False,1,76,1,8,4,0,24,1,2,25,0,1,10,0,0
3331962,ショショーニ族,54461,19398,False,0,,,,,,,,,,,,,,
3342950,イラン系民族,55597,12741,False,1,,,,,,,,,,,,,,
3344068,ゲール人,69956,10983,False,1,,,,,,,,,,,,,,
3361772,モゴール人,25793,7393,False,1,,,,,,,,,,,,,,
3363216,ニコバル人,24299,6812,False,1,,,,,,,,,,,,,,
3363219,ションペン人,25045,6831,False,0,,,,,,,,,,,,,,
3373338,ジャート族,30597,7951,False,0,,,,,,,,,,,,,,
3385945,ブラックフット族,141925,69142,False,0,,,,,,,,,,,,,,
3394611,アルゴンキン族,30931,8857,False,0,,,,,,,,,,,,,,
3406351,ツォツィル族,47414,13024,False,1,19,1,3,2,0,1,0,2,7,1,1,0,1,0
3408362,民族代表48人,31433,7853,False,0,,,,,,,,,,,,,,
3408927,コンギラト,57509,18491,False,0,,,,,,,,,,,,,,
3409413,ホイト部,72637,19718,False,0,,,,,,,,,,,,,,
3412352,小タイ族,36347,8680,False,1,34,1,4,4,0,13,0,1,1,1,7,0,0,2
3421660,オローニ族,84784,37047,False,2,,,,,,,,,,,,,,
3427284,バウレ族,40124,10713,False,1,,,,,,,,,,,,,,
3452053,カルトヴェリ人,46192,14741,False,1,,,,,,,,,,,,,,
3452167,ブティヤ人,24338,7063,False,0,,,,,,,,,,,,,,
3453691,ドーグラー,24603,6927,False,0,,,,,,,,,,,,,,
3461532,ローヒラー族,36088,11235,False,0,,,,,,,,,,,,,,
3485245,オンリュート,72103,22851,False,0,,,,,,,,,,,,,,
3485259,アバガ,56052,14053,False,0,,,,,,,,,,,,,,
3485365,ワイアンドット族,85058,36999,False,0,,,,,,,,,,,,,,
3507308,チェルケス人,168801,32738,False,1,,,,,,,,,,,,,,
3511491,ポタワトミ族,60693,21068,False,1,126,2,5,13,1,6,1,3,55,22,3,14,1,0
3525369,ムイスカ人,35289,10493,False,0,,,,,,,,,,,,,,
3542419,オタワ族,60131,24251,False,1,,,,,,,,,,,,,,
3542821,レシガロ族,45645,12201,False,1,,,,,,,,,,,,,,
3565423,ハプログループM7 (mtDNA),42466,8037,False,0,,,,,,,,,,,,,,
3565616,エリミ人,41230,13043,False,1,41,0,5,3,0,3,0,0,20,9,1,0,0,0
3565968,シカニ人,41922,11144,False,1,,,,,,,,,,,,,,
3566640,シケル人,57149,19466,False,1,41,0,11,4,0,0,0,0,21,3,2,0,0,0
3579065,メクリン,86578,31843,False,0,,,,,,,,,,,,,,
3590486,レプチャ人,23633,6821,False,0,,,,,,,,,,,,,,
3599026,アディゲ人,44878,9902,False,1,,,,,,,,,,,,,,
3608216,ドゥグラト,46294,12980,False,0,,,,,,,,,,,,,,
3608356,オロナウル,43346,11942,False,0,,,,,,,,,,,,,,
3608761,コンゴタン,46414,14626,False,0,13,0,0,9,1,0,0,0,0,0,3,0,0,0
3609049,サルジウト,42710,12972,False,0,,,,,,,,,,,,,,
3609461,ブータン難民,161375,45849,False,0,129,1,1,14,0,54,3,0,16,0,34,6,0,0
3610522,ローツァンパ,64120,17571,False,1,74,0,19,3,1,26,1,8,9,0,1,6,0,0
3612506,ジャダラン,35027,8928,False,0,6,0,0,3,0,0,0,0,0,0,3,0,0,0
3615269,アベナキ族,79792,33952,False,1,,,,,,,,,,,,,,
3620884,ウイチョル族,111112,36196,False,1,,,,,,,,,,,,,,
3622430,ワハン人,37222,9740,False,1,57,1,2,24,1,10,0,10,9,0,0,0,0,0
3628559,バートト,58882,14558,False,0,,,,,,,,,,,,,,
3632885,ヤグノブ人,42579,10618,False,1,33,2,9,6,0,6,0,2,2,6,0,0,0,0
3636977,ハプログループU (mtDNA),50753,10525,False,1,,,,,,,,,,,,,,
3645964,国栖,33420,8276,False,0,,,,,,,,,,,,,,
3649238,粛慎 (中国),61148,20656,False,0,,,,,,,,,,,,,,
3649240,粛慎 (日本),52577,19714,False,0,,,,,,,,,,,,,,
3649490,メシカ,38194,10915,False,0,,,,,,,,,,,,,,
3649930,ラグライ族,43909,10138,False,1,24,0,4,8,0,3,0,2,6,0,1,0,0,0
3651677,イツァ族,36314,10159,False,1,,,,,,,,,,,,,,
3688123,キチェ族,40878,10617,False,1,49,1,8,11,0,7,0,0,15,2,3,0,2,0
3688480,カクチケル族,43191,11137,False,1,52,1,5,5,0,7,0,1,26,2,4,0,1,0
3688870,マム族,36855,9721,False,1,30,2,3,3,0,9,0,0,9,2,1,0,1,0
3688966,ケクチ族,44328,12044,False,1,,,,,,,,,,,,,,
3692543,カンホバル族,34475,9402,False,1,,,,,,,,,,,,,,
3693711,バサイ族,33710,8218,False,1,17,1,1,3,0,3,0,0,6,0,3,0,0,0
3694153,マカタオ族,35267,8546,False,1,,,,,,,,,,,,,,
3694641,ツトゥヒル族,31245,9047,False,1,,,,,,,,,,,,,,
3694733,モパン族,31061,7851,False,1,17,2,4,2,0,4,0,0,2,0,2,0,1,0
3695029,チョルティ族,30575,7978,False,1,23,1,6,2,0,5,0,2,4,1,1,0,1,0
