page_id,title,html_file_size,text_file_size,is_disambiguation_page,infobox_count,num_annotations,下部組織,代表,代表の地位職業,共通語,別名,加盟国・地域,加盟国・地域数,加盟組織,基盤の協定,後継組織,成立年,成立時の構成組織,所属組織,本拠地,本拠地国,活動内容,種類,解散年,設立目的,読み
2388,欧州共同体,89945,16877,False,0,,,,,,,,,,,,,,,,,,,,,
2395,国際連合,340391,113067,False,2,668,123,4,3,12,78,316,4,0,31,0,5,14,0,5,3,50,5,0,14,1
2472,World Wide Web Consortium,93500,18657,False,1,,,,,,,,,,,,,,,,,,,,,
2724,欧州サッカー連盟,402148,48193,False,1,,,,,,,,,,,,,,,,,,,,,
2735,国際標準化機構,233405,34767,False,0,,,,,,,,,,,,,,,,,,,,,
2849,メルコスール,72073,17866,False,0,,,,,,,,,,,,,,,,,,,,,
2855,北大西洋条約機構,169571,46359,False,1,,,,,,,,,,,,,,,,,,,,,
2874,G7,46038,11935,False,1,40,0,0,0,0,4,22,1,0,0,0,1,2,0,0,0,5,3,0,1,1
3008,国際電気通信連合,89485,21212,False,1,82,9,2,5,0,25,14,1,0,1,0,3,0,5,1,1,8,5,0,1,1
3796,クリエイティブ・コモンズ,113162,28313,False,1,,,,,,,,,,,,,,,,,,,,,
4781,中央条約機構,28418,7543,False,0,,,,,,,,,,,,,,,,,,,,,
5114,国際連合安全保障理事会,97105,24771,False,1,44,2,0,0,0,18,0,0,0,1,0,1,1,8,2,1,3,5,0,1,1
5296,国際連合監視検証査察委員会,29578,9333,False,0,31,8,2,1,0,5,0,0,0,0,0,1,7,1,0,0,3,1,0,1,1
5868,アラブ連盟,161591,44962,False,1,,,,,,,,,,,,,,,,,,,,,
5908,朝鮮半島エネルギー開発機構,46841,10230,False,0,38,1,0,0,0,3,17,0,0,6,0,1,0,0,0,0,4,2,2,1,1
6189,Internet Assigned Numbers Authority,22700,6508,False,0,,,,,,,,,,,,,,,,,,,,,
7066,世界保健機関,95776,24758,False,1,140,18,2,5,0,45,18,1,0,3,0,3,0,4,4,3,27,4,0,2,1
7099,国際民間航空機関,79822,16569,False,1,88,16,1,0,0,25,14,1,0,7,0,2,0,3,2,2,11,2,0,1,1
9839,国際連合大量破壊兵器廃棄特別委員会,29124,9719,False,0,,,,,,,,,,,,,,,,,,,,,
9904,Association for Computing Machinery,39388,12455,False,0,,,,,,,,,,,,,,,,,,,,,
10713,欧州中央銀行,135498,28615,False,1,,,,,,,,,,,,,,,,,,,,,
10926,国際連合教育科学文化機関,218080,50092,False,1,340,40,2,4,0,31,225,4,0,4,0,3,0,3,3,2,10,2,0,4,3
10930,国際労働機関,86014,21748,False,2,91,13,0,0,0,17,22,1,0,12,0,3,0,5,3,3,7,3,0,1,1
11278,国際通貨基金,138334,49311,False,1,213,13,2,5,0,62,81,1,0,3,0,2,0,5,4,12,13,3,0,6,1
11289,世界銀行,176838,43792,False,1,314,8,3,11,0,9,253,2,0,0,0,3,0,1,4,2,14,2,0,1,1
11295,国際復興開発銀行,21492,6412,False,0,,,,,,,,,,,,,,,,,,,,,
11470,国際連合開発計画,49201,10888,False,1,,,,,,,,,,,,,,,,,,,,,
11553,国際連合事務局,45382,9780,False,1,,,,,,,,,,,,,,,,,,,,,
12306,国際サッカー連盟,235001,38963,False,1,,,,,,,,,,,,,,,,,,,,,
15157,世界貿易機関,207789,71182,False,1,500,34,3,2,3,58,334,1,2,28,0,2,17,0,3,4,3,1,0,4,1
17132,連合国軍最高司令官総司令部,196817,59576,False,1,,,,,,,,,,,,,,,,,,,,,
17148,国際連盟,78527,23625,False,1,,,,,,,,,,,,,,,,,,,,,
17758,救世軍,261915,68328,False,2,,,,,,,,,,,,,,,,,,,,,
18204,アジアサッカー連盟,517712,68092,False,1,,,,,,,,,,,,,,,,,,,,,
20471,国際司法裁判所,119513,31383,False,1,,,,,,,,,,,,,,,,,,,,,
21147,枢軸国,106524,29826,False,0,,,,,,,,,,,,,,,,,,,,,
27615,国際捕鯨委員会,158329,85250,False,1,365,16,2,2,1,46,234,1,0,7,0,2,0,0,1,1,47,1,0,3,1
27945,国際純正・応用化学連合,79952,21620,False,1,,,,,,,,,,,,,,,,,,,,,
28743,ワルシャワ条約機構,109746,18842,False,1,,,,,,,,,,,,,,,,,,,,,
29485,G5,23085,6981,True,0,,,,,,,,,,,,,,,,,,,,,
30045,国際原子力機関,97193,24852,False,2,,,,,,,,,,,,,,,,,,,,,
30574,コミンテルン,139787,41197,False,1,,,,,,,,,,,,,,,,,,,,,
30576,第四インターナショナル,167009,47168,False,1,,,,,,,,,,,,,,,,,,,,,
30764,南米サッカー連盟,198823,21689,False,1,,,,,,,,,,,,,,,,,,,,,
31198,東南アジア諸国連合,178654,57212,False,1,,,,,,,,,,,,,,,,,,,,,
31974,国際連合児童基金,96204,24263,False,2,90,36,3,2,0,30,0,0,0,0,0,2,0,2,7,0,5,2,0,0,1
34189,国際刑事裁判所,169701,56251,False,1,,,,,,,,,,,,,,,,,,,,,
35622,国境なき医師団,77203,23640,False,2,,,,,,,,,,,,,,,,,,,,,
35626,地雷禁止国際キャンペーン,59826,13540,False,2,,,,,,,,,,,,,,,,,,,,,
35631,国際連合難民高等弁務官事務所,85491,16045,False,2,,,,,,,,,,,,,,,,,,,,,
35637,赤十字国際委員会,163717,33427,False,2,,,,,,,,,,,,,,,,,,,,,
37282,ASTMインターナショナル,24127,6601,False,0,,,,,,,,,,,,,,,,,,,,,
39250,アジア太平洋経済協力,103097,23976,False,0,131,0,0,0,0,7,83,1,0,2,0,2,3,0,0,1,26,3,0,2,1
45037,太平洋諸島フォーラム,65042,15064,False,0,,,,,,,,,,,,,,,,,,,,,
45038,南太平洋委員会,43797,10125,False,0,24,0,0,0,0,1,15,0,0,0,1,1,0,0,1,1,1,1,0,1,1
46411,旧ユーゴスラビア国際戦犯法廷,152619,26366,False,1,,,,,,,,,,,,,,,,,,,,,
46845,ルワンダ国際戦犯法廷,39306,9378,False,0,,,,,,,,,,,,,,,,,,,,,
47675,アフリカ連合,199107,51237,False,0,,,,,,,,,,,,,,,,,,,,,
49034,日英同盟,150138,37273,False,1,,,,,,,,,,,,,,,,,,,,,
49054,4Hクラブ,25788,7518,False,0,,,,,,,,,,,,,,,,,,,,,
49353,日独伊三国同盟,229834,63580,False,1,,,,,,,,,,,,,,,,,,,,,
50570,赤十字社,181005,52204,False,1,,,,,,,,,,,,,,,,,,,,,
52500,国際食品規格委員会,23424,7007,False,0,,,,,,,,,,,,,,,,,,,,,
55595,地球連合 (ガンダムシリーズ),94960,25134,False,0,,,,,,,,,,,,,,,,,,,,,
56935,国際陸上競技連盟,150647,28036,False,1,,,,,,,,,,,,,,,,,,,,,
56945,国際水路機関,47124,13719,False,1,153,1,1,1,1,17,105,0,0,1,0,2,7,0,0,3,7,2,0,4,1
59710,フランコフォニー国際機関,119764,23615,False,0,,,,,,,,,,,,,,,,,,,,,
60588,世界自然保護基金,255241,81107,False,1,,,,,,,,,,,,,,,,,,,,,
62388,アフリカサッカー連盟,267315,25270,False,1,,,,,,,,,,,,,,,,,,,,,
65327,連合国 (第二次世界大戦),144894,49056,False,0,,,,,,,,,,,,,,,,,,,,,
67477,国際数学連合,24140,6813,False,0,,,,,,,,,,,,,,,,,,,,,
67846,ワンワールド,150828,37464,False,1,,,,,,,,,,,,,,,,,,,,,
74820,スターアライアンス,185888,46022,False,1,,,,,,,,,,,,,,,,,,,,,
79781,国際刑事警察機構,133665,26692,False,1,282,22,1,1,0,20,207,3,0,0,0,2,4,1,4,4,6,4,0,2,1
81009,独立国家共同体,108722,24691,False,0,114,2,1,2,1,25,63,2,0,4,0,2,0,0,2,1,6,2,0,0,1
82257,北中米カリブ海サッカー連盟,250747,26975,False,1,,,,,,,,,,,,,,,,,,,,,
82258,オセアニアサッカー連盟,209119,26024,False,1,,,,,,,,,,,,,,,,,,,,,
86599,連合国暫定当局,36915,11339,False,0,,,,,,,,,,,,,,,,,,,,,
88089,スペシャルオリンピックス,88083,25604,False,0,,,,,,,,,,,,,,,,,,,,,
88748,東南アジア条約機構,29883,8637,False,0,,,,,,,,,,,,,,,,,,,,,
88791,石油輸出国機構,117322,44463,False,1,222,3,1,1,1,61,104,4,0,0,0,3,0,0,5,4,25,3,0,3,4
105362,イスラム協力機構,120393,24842,False,0,163,17,1,4,3,15,90,1,0,0,0,1,0,0,1,2,21,3,0,3,1
105554,有志連合,67389,15287,False,0,,,,,,,,,,,,,,,,,,,,,
108689,三国同盟 (1882年),35301,12123,False,0,,,,,,,,,,,,,,,,,,,,,
109666,西アフリカ諸国経済共同体,75484,16251,False,0,77,8,1,2,0,5,43,1,0,2,0,1,0,0,1,5,4,1,0,2,1
116391,経済協力開発機構,114364,26267,False,1,155,11,2,3,6,18,91,2,0,1,0,5,3,0,3,2,1,1,0,5,1
117354,国際自然保護連合,33621,10212,False,0,,,,,,,,,,,,,,,,,,,,,
123300,カルマル同盟,126324,18561,False,0,,,,,,,,,,,,,,,,,,,,,
125804,国際オリンピック委員会,158733,33033,False,1,,,,,,,,,,,,,,,,,,,,,
126058,ジェマ・イスラミア,78363,17842,False,1,,,,,,,,,,,,,,,,,,,,,
127796,世界気象機関,115258,26643,False,1,,,,,,,,,,,,,,,,,,,,,
129999,ポルトガル語諸国共同体,44379,10171,False,0,35,4,0,0,5,4,9,1,0,0,0,2,0,0,2,1,4,1,0,1,1
132152,三国協商,38304,11991,False,0,,,,,,,,,,,,,,,,,,,,,
133375,国際記念物遺跡会議,27209,7673,False,0,,,,,,,,,,,,,,,,,,,,,
134003,アウクスブルク同盟,27181,7009,False,0,,,,,,,,,,,,,,,,,,,,,
136267,国際野球連盟,145822,27975,False,1,,,,,,,,,,,,,,,,,,,,,
137278,北アメリカ航空宇宙防衛司令部,51380,15199,False,0,,,,,,,,,,,,,,,,,,,,,
138188,ICANN,29867,8927,False,1,,,,,,,,,,,,,,,,,,,,,
155641,スポーツアコード (スポーツ組織),100402,20052,False,0,,,,,,,,,,,,,,,,,,,,,
159580,国際フィルム・アーカイヴ連盟,24956,6965,False,0,,,,,,,,,,,,,,,,,,,,,
163672,ナンセン国際難民事務所,35542,8401,False,1,,,,,,,,,,,,,,,,,,,,,
165287,国際赤十字赤新月社連盟,123222,20284,False,2,,,,,,,,,,,,,,,,,,,,,
168812,欧州評議会,170038,51508,False,0,331,82,2,3,5,4,174,4,0,18,0,3,0,0,3,2,20,2,0,8,1
168855,欧州人権裁判所,33132,10468,False,0,34,2,1,1,1,1,13,0,0,0,0,1,0,1,2,2,5,2,0,1,1
172857,気候変動に関する政府間パネル,76921,19606,False,1,,,,,,,,,,,,,,,,,,,,,
177112,南米諸国連合,75107,16502,False,0,,,,,,,,,,,,,,,,,,,,,
188060,国際連合人道問題調整事務所,40782,9346,False,0,26,2,0,0,0,6,2,0,0,1,0,1,4,2,4,0,1,1,0,1,1
199964,ハンザ同盟,108598,45592,False,0,,,,,,,,,,,,,,,,,,,,,
203591,アフリカ統一機構,62077,13324,False,0,,,,,,,,,,,,,,,,,,,,,
205986,アラブ石油輸出国機構,29056,7651,False,0,,,,,,,,,,,,,,,,,,,,,
213700,国際連合環境計画,83765,14772,False,1,,,,,,,,,,,,,,,,,,,,,
223708,コミンフォルム,102826,16294,False,1,,,,,,,,,,,,,,,,,,,,,
226043,世界知的所有権機関,66808,16561,False,1,82,15,2,3,0,19,0,1,0,13,0,3,5,3,3,3,6,3,0,2,1
230199,社会主義インターナショナル,198011,31630,False,1,,,,,,,,,,,,,,,,,,,,,
238024,ライン同盟,75720,14917,False,7,,,,,,,,,,,,,,,,,,,,,
247524,国際連合貿易開発会議,58638,11378,False,1,,,,,,,,,,,,,,,,,,,,,
249986,非同盟運動,41154,11961,False,0,33,1,0,0,0,3,23,1,0,0,0,2,0,0,0,0,0,1,0,1,1
252123,リットン調査団,59989,24444,False,0,22,0,1,3,0,2,0,0,0,0,0,1,0,2,0,0,9,1,2,0,1
253757,国際連合信託統治理事会,50496,12898,False,1,29,0,0,0,0,12,0,0,0,1,0,1,0,2,2,1,5,3,0,1,1
257096,三帝同盟,31550,8951,False,0,,,,,,,,,,,,,,,,,,,,,
260314,経済相互援助会議,45033,10423,False,1,48,0,0,0,0,11,23,1,0,0,0,2,0,0,1,1,2,3,1,2,1
264481,国際SIL,63996,12643,False,0,,,,,,,,,,,,,,,,,,,,,
269711,欧州議会,283279,87523,False,1,197,11,4,4,31,31,1,0,0,18,0,1,0,48,27,0,10,9,0,1,1
272971,国際自動車連盟,56630,20877,False,1,,,,,,,,,,,,,,,,,,,,,
275525,博覧会国際事務局,43766,17913,False,1,,,,,,,,,,,,,,,,,,,,,
275592,国際連合食糧農業機関,62849,14128,False,1,,,,,,,,,,,,,,,,,,,,,
284390,バルカン同盟,25785,6908,False,0,,,,,,,,,,,,,,,,,,,,,
284560,上海協力機構,233048,46514,False,0,182,18,1,1,2,28,73,1,0,6,0,2,3,0,1,1,37,5,0,2,1
285430,FISM,59741,19602,False,0,,,,,,,,,,,,,,,,,,,,,
286399,科学技術データ委員会,65310,14319,False,1,,,,,,,,,,,,,,,,,,,,,
289157,スカイチーム,137440,27165,False,1,,,,,,,,,,,,,,,,,,,,,
289770,世界空手連盟,38800,11143,False,1,,,,,,,,,,,,,,,,,,,,,
297116,アジア欧州会合,64290,13696,False,0,,,,,,,,,,,,,,,,,,,,,
301359,4ヵ国連合,56320,27075,False,0,,,,,,,,,,,,,,,,,,,,,
309101,国際治安支援部隊,134436,37196,False,0,,,,,,,,,,,,,,,,,,,,,
310867,世界スカウト機構,100339,18561,False,2,,,,,,,,,,,,,,,,,,,,,
313219,ドイツ関税同盟,26072,8297,False,0,,,,,,,,,,,,,,,,,,,,,
317677,万国郵便連合,55664,13197,False,1,,,,,,,,,,,,,,,,,,,,,
318410,欧州理事会,177949,33044,False,0,,,,,,,,,,,,,,,,,,,,,
328443,露仏同盟,40570,13968,False,0,,,,,,,,,,,,,,,,,,,,,
328730,神聖同盟,25036,7458,False,0,,,,,,,,,,,,,,,,,,,,,
330419,国際モーターサイクリズム連盟,44229,12191,False,0,,,,,,,,,,,,,,,,,,,,,
330808,国際決済銀行,73668,33096,False,0,167,51,1,5,0,36,38,0,1,9,0,3,0,0,1,2,10,6,0,3,1
334852,米州機構,108121,23600,False,1,,,,,,,,,,,,,,,,,,,,,
345199,国際連合経済社会理事会,89593,21647,False,1,125,11,1,1,15,16,54,2,0,1,0,1,0,10,4,1,5,2,0,0,1
345818,世界経済フォーラム,119190,46533,False,1,,,,,,,,,,,,,,,,,,,,,
346072,赤色労働組合インターナショナル,36028,12231,False,0,,,,,,,,,,,,,,,,,,,,,
349072,OASIS (組織),35340,10052,False,0,,,,,,,,,,,,,,,,,,,,,
351978,第一インターナショナル,357059,97264,False,1,,,,,,,,,,,,,,,,,,,,,
352168,中央同盟国,38423,9885,False,0,,,,,,,,,,,,,,,,,,,,,
353297,連邦最高裁判所,25693,7346,True,0,,,,,,,,,,,,,,,,,,,,,
353864,第二半インターナショナル,40283,10743,False,0,,,,,,,,,,,,,,,,,,,,,
355060,世界カイロプラクティック連合,94129,23197,False,1,,,,,,,,,,,,,,,,,,,,,
355694,コロンボ・プラン,25588,7198,False,0,36,0,0,0,0,1,28,0,0,0,0,1,0,0,2,1,0,1,0,2,0
363762,国際アイスホッケー連盟,91038,14797,False,1,,,,,,,,,,,,,,,,,,,,,
365985,国際ロータリー,38353,14814,False,1,,,,,,,,,,,,,,,,,,,,,
372325,欧州委員会,177296,54035,False,0,217,53,3,16,7,26,0,0,0,18,0,1,11,21,8,3,35,13,0,1,1
372491,第二インターナショナル,82364,17073,False,1,,,,,,,,,,,,,,,,,,,,,
372581,インターナショナル (社会主義),30442,8491,False,0,,,,,,,,,,,,,,,,,,,,,
372588,欧州安全保障協力機構,105580,18834,False,0,90,0,0,0,0,6,73,2,0,1,0,1,1,0,1,0,0,2,0,2,1
372623,欧州自由貿易連合,53951,13089,False,0,,,,,,,,,,,,,,,,,,,,,
372850,南アジア地域協力連合,77137,20632,False,0,109,20,0,0,0,8,41,0,0,4,0,3,0,0,5,2,17,1,0,7,1
373409,国境なき記者団,98982,25846,False,1,,,,,,,,,,,,,,,,,,,,,
376517,国際スキー連盟,59885,12221,False,1,,,,,,,,,,,,,,,,,,,,,
384871,対共産圏輸出統制委員会,33451,8578,False,0,37,0,0,0,0,5,19,1,0,1,0,2,0,0,1,1,2,1,1,2,1
385892,武装中立同盟,31478,9341,False,0,,,,,,,,,,,,,,,,,,,,,
393369,南アジアサッカー連盟,259857,19866,False,1,,,,,,,,,,,,,,,,,,,,,
393452,ASEAN+3,53879,13294,False,0,,,,,,,,,,,,,,,,,,,,,
393519,クリーン開発と気候に関するアジア太平洋パートナーシップ,47910,10996,False,0,,,,,,,,,,,,,,,,,,,,,
395451,G-14,47466,13399,False,0,,,,,,,,,,,,,,,,,,,,,
396599,スポーツ仲裁裁判所,28278,8158,False,0,18,0,1,1,0,4,0,0,0,0,0,1,0,5,1,1,1,1,0,1,1
397957,世界アンチ・ドーピング機関,35224,11287,False,0,,,,,,,,,,,,,,,,,,,,,
398203,欧州連合理事会,128592,38507,False,1,174,10,3,3,28,84,3,1,0,12,0,1,1,20,3,1,0,2,0,1,1
399064,欧州石炭鉄鋼共同体,101568,36768,False,1,227,41,0,0,22,28,54,0,0,16,8,4,2,0,7,0,29,3,6,6,1
399505,アラブ・マグレブ連合,47627,10648,False,0,,,,,,,,,,,,,,,,,,,,,
400666,国際ペンクラブ,41756,9842,False,1,,,,,,,,,,,,,,,,,,,,,
400821,欧州原子力共同体,88094,17646,False,1,59,3,1,4,0,12,4,0,0,10,0,3,0,13,2,0,2,1,0,3,1
403076,国際バレーボール連盟,308182,32497,False,1,,,,,,,,,,,,,,,,,,,,,
406160,国際現代音楽協会,100781,25405,False,0,,,,,,,,,,,,,,,,,,,,,
407681,国際スケート連盟,56723,11685,False,1,,,,,,,,,,,,,,,,,,,,,
419174,国際パラリンピック委員会,49277,10174,False,1,,,,,,,,,,,,,,,,,,,,,
421470,欧州司法裁判所,88457,25462,False,0,146,15,1,4,26,33,8,0,0,16,0,3,1,18,1,1,16,1,0,1,1
422620,国際度量衡局,44273,11418,False,1,,,,,,,,,,,,,,,,,,,,,
422642,国際度量衡委員会,47983,13622,False,0,,,,,,,,,,,,,,,,,,,,,
422720,トゥルー・ラブ・ウェイツ,22395,6243,False,0,,,,,,,,,,,,,,,,,,,,,
429689,国際建築家連合,21793,6135,False,0,,,,,,,,,,,,,,,,,,,,,
430794,連合国戦争犯罪委員会,22802,6377,False,0,,,,,,,,,,,,,,,,,,,,,
431681,世界産業労働組合,38857,11191,False,1,,,,,,,,,,,,,,,,,,,,,
436179,アブ・サヤフ,95070,23583,False,1,,,,,,,,,,,,,,,,,,,,,
436483,ヒューマン・ライツ・ウォッチ,67573,17553,False,1,,,,,,,,,,,,,,,,,,,,,
439107,ARIN,36393,8705,False,1,51,0,0,0,0,3,28,0,0,0,2,2,1,0,2,2,6,4,0,1,0
440929,世界の医療団,47579,17515,False,1,,,,,,,,,,,,,,,,,,,,,
442760,太平洋共同体,52874,11604,False,0,37,0,0,0,0,3,27,0,0,0,0,1,2,0,1,1,0,1,0,0,1
442785,東南アジア諸国連合地域フォーラム,59747,13019,False,0,66,7,0,0,0,5,40,1,1,0,0,3,0,3,0,0,1,2,0,2,1
442795,Metropolis,25335,6962,False,0,,,,,,,,,,,,,,,,,,,,,
448164,ハイルブロン同盟,30745,9672,False,0,,,,,,,,,,,,,,,,,,,,,
456603,ユダヤ防衛同盟,38434,10383,False,0,16,0,1,2,0,4,0,0,0,0,0,1,0,0,0,0,5,2,0,1,0
458326,世界カーリング連盟,52916,11196,False,1,,,,,,,,,,,,,,,,,,,,,
458877,南京安全区国際委員会,54985,18224,False,0,,,,,,,,,,,,,,,,,,,,,
459237,AQIM,81549,18251,False,0,,,,,,,,,,,,,,,,,,,,,
461838,国際電気標準会議,110911,29764,False,0,,,,,,,,,,,,,,,,,,,,,
462238,アジア開発銀行,81537,19734,False,1,189,15,2,4,1,9,99,2,3,1,0,4,0,2,3,3,35,3,0,2,1
470713,北海帝国,41828,9972,False,0,,,,,,,,,,,,,,,,,,,,,
470864,第一次対仏大同盟,32309,9613,False,0,,,,,,,,,,,,,,,,,,,,,
470866,第二次対仏大同盟,68321,14713,False,0,,,,,,,,,,,,,,,,,,,,,
470868,第三次対仏大同盟,64619,15359,False,0,,,,,,,,,,,,,,,,,,,,,
470871,第四次対仏大同盟,68855,15752,False,0,,,,,,,,,,,,,,,,,,,,,
470874,第五次対仏大同盟,67397,15728,False,0,,,,,,,,,,,,,,,,,,,,,
470877,第六次対仏大同盟,77834,19060,False,0,,,,,,,,,,,,,,,,,,,,,
470881,第七次対仏大同盟,58634,13206,False,0,,,,,,,,,,,,,,,,,,,,,
474136,国際バスケットボール連盟,92861,14276,False,1,,,,,,,,,,,,,,,,,,,,,
475675,アジア太平洋経済社会委員会,35233,8726,False,0,87,0,1,1,0,10,66,1,0,0,0,0,0,2,1,0,3,1,0,1,0
475696,アフリカ開発銀行,28616,7687,False,0,,,,,,,,,,,,,,,,,,,,,
475709,アフリカ経済委員会,21404,5847,False,0,24,5,0,0,0,4,6,0,0,0,0,1,0,3,1,1,1,1,0,0,1
475718,南部アフリカ開発共同体,53874,11345,False,0,33,0,0,0,0,4,14,1,0,0,0,2,3,0,1,1,3,1,0,2,1
475732,西欧同盟,70790,21794,False,1,,,,,,,,,,,,,,,,,,,,,
475753,米州開発銀行,42268,10090,False,0,,,,,,,,,,,,,,,,,,,,,
475761,ラテンアメリカ経済機構,41735,9619,False,0,39,0,0,0,0,3,29,1,0,0,0,1,0,0,1,1,0,1,0,1,1
478042,国際民主同盟,95645,16983,False,1,,,,,,,,,,,,,,,,,,,,,
479724,国際テニス連盟,69998,14440,False,1,,,,,,,,,,,,,,,,,,,,,
481389,国際連合人権理事会,76213,21446,False,1,,,,,,,,,,,,,,,,,,,,,
481412,国際連合人権委員会,79811,25376,False,1,60,8,0,0,0,21,0,0,0,1,7,2,0,7,0,0,7,3,2,1,1
482067,国際連合欧州経済委員会,30987,8301,False,1,40,0,0,0,0,11,15,1,0,0,0,2,0,4,2,0,2,1,0,1,1
482078,国際海事機関,64511,17957,False,1,122,34,4,2,0,15,42,1,0,1,0,3,2,2,5,1,4,2,0,3,1
482083,国際連合人口基金,41747,9168,False,1,,,,,,,,,,,,,,,,,,,,,
482094,国際連合世界食糧計画,47112,10819,False,1,31,1,0,0,0,12,3,0,0,1,0,2,0,3,2,0,3,2,0,1,1
482149,国際連合人権高等弁務官事務所,56476,13757,False,1,,,,,,,,,,,,,,,,,,,,,
483367,国際海洋法裁判所,32473,9034,False,1,,,,,,,,,,,,,,,,,,,,,
485065,湾岸協力会議,62595,14461,False,0,,,,,,,,,,,,,,,,,,,,,
489669,シオン修道会,40064,14732,False,1,,,,,,,,,,,,,,,,,,,,,
490341,国際危機グループ,37264,10384,False,0,,,,,,,,,,,,,,,,,,,,,
491436,国際卓球連盟,76681,15110,False,1,,,,,,,,,,,,,,,,,,,,,
493576,国際水泳連盟,59827,13018,False,1,,,,,,,,,,,,,,,,,,,,,
497113,極東委員会,45390,11299,False,1,,,,,,,,,,,,,,,,,,,,,
497120,対日理事会,59575,13102,False,1,,,,,,,,,,,,,,,,,,,,,
500381,KFOR,103369,19054,False,0,,,,,,,,,,,,,,,,,,,,,
501841,自由主義インターナショナル,105643,18653,False,1,,,,,,,,,,,,,,,,,,,,,
510770,グローバルグリーンズ,69607,12644,False,1,,,,,,,,,,,,,,,,,,,,,
519606,ワッセナー・アレンジメント,31565,10551,False,0,,,,,,,,,,,,,,,,,,,,,
523920,欧州刑事警察機構,33328,10289,False,1,,,,,,,,,,,,,,,,,,,,,
523975,対サイバーテロ国際多国間提携,66872,16834,False,1,33,6,0,0,0,13,0,0,0,0,0,2,0,0,1,2,4,2,0,2,1
527438,国際航空連盟,24229,7432,False,0,,,,,,,,,,,,,,,,,,,,,
529808,ジャーナリスト保護委員会,24775,6681,False,0,,,,,,,,,,,,,,,,,,,,,
533407,日本馬主協会連合会,32361,8743,False,0,,,,,,,,,,,,,,,,,,,,,
543318,対仏大同盟,36496,7975,False,0,,,,,,,,,,,,,,,,,,,,,
547140,国際アマチュア無線連合,245405,41403,False,1,,,,,,,,,,,,,,,,,,,,,
547161,国際社会主義青年同盟,48740,11477,False,0,,,,,,,,,,,,,,,,,,,,,
548091,GUAM,72795,18802,False,0,75,0,1,0,4,20,33,3,0,3,0,2,0,0,4,1,0,3,0,1,0
549726,国際チェス連盟,46186,12254,False,0,,,,,,,,,,,,,,,,,,,,,
554590,国際自転車競技連合,53478,15402,False,1,,,,,,,,,,,,,,,,,,,,,
555113,デンマーク＝ノルウェー,66521,21095,False,0,,,,,,,,,,,,,,,,,,,,,
558526,ITU-R,50966,10670,False,0,25,4,0,0,0,7,0,0,0,0,0,1,0,6,1,1,3,1,0,1,0
566725,国際平和ビューロー,60883,13351,False,2,,,,,,,,,,,,,,,,,,,,,
570163,代表なき国家民族機構,47931,11453,False,0,98,0,0,0,0,5,46,0,37,0,0,1,0,0,0,0,6,1,0,1,1
571068,世界連邦運動,71718,18086,False,0,,,,,,,,,,,,,,,,,,,,,
583207,コインブラ・グループ,61356,12365,False,0,,,,,,,,,,,,,,,,,,,,,
583330,ヨーロッパ研究大学連盟,59553,9931,False,1,,,,,,,,,,,,,,,,,,,,,
583417,北欧理事会,58573,13066,False,0,36,1,0,0,0,4,20,4,0,0,0,1,0,0,1,1,0,1,0,2,1
584281,Asia-Pacific Network Information Centre,52285,10884,False,1,82,0,0,0,0,6,59,1,3,0,0,2,0,0,2,2,3,3,0,1,0
586827,世界エスペラント協会,28259,7722,False,0,,,,,,,,,,,,,,,,,,,,,
588951,IFPI,21160,6337,False,0,,,,,,,,,,,,,,,,,,,,,
589971,五国同盟,24300,7369,False,0,,,,,,,,,,,,,,,,,,,,,
590294,東アジア研究型大学協会,34679,7909,False,0,,,,,,,,,,,,,,,,,,,,,
597231,国際相撲連盟,72181,13315,False,0,,,,,,,,,,,,,,,,,,,,,
597756,欧州投資銀行,81592,14613,False,0,,,,,,,,,,,,,,,,,,,,,
606880,プロチェス協会,38912,9655,False,0,,,,,,,,,,,,,,,,,,,,,
608331,日本海事協会,40243,12518,False,1,,,,,,,,,,,,,,,,,,,,,
617729,ヨーロッパボクシング連合,44865,8767,False,0,,,,,,,,,,,,,,,,,,,,,
619950,国際移住機関,40992,13892,False,0,,,,,,,,,,,,,,,,,,,,,
624173,ライン都市同盟,28770,8016,False,0,,,,,,,,,,,,,,,,,,,,,
626834,WOW (航空連合),39588,8449,False,1,,,,,,,,,,,,,,,,,,,,,
628769,欧州経済共同体,110126,35558,False,1,218,60,0,0,18,12,73,1,0,14,16,4,0,3,4,0,5,1,2,4,1
635398,三極特許庁,19764,5718,False,0,,,,,,,,,,,,,,,,,,,,,
635400,欧州特許庁,30825,8062,False,0,59,2,0,0,0,4,37,1,0,4,0,0,0,3,3,1,1,2,0,0,1
636404,アジアオリンピック評議会,57399,11545,False,1,,,,,,,,,,,,,,,,,,,,,
636407,パンアメリカンスポーツ機構,56401,11581,False,0,,,,,,,,,,,,,,,,,,,,,
636410,アフリカ国内オリンピック委員会連合,64387,13216,False,0,,,,,,,,,,,,,,,,,,,,,
637123,欧州放送連合,106678,23273,False,1,,,,,,,,,,,,,,,,,,,,,
637145,国際ゲーム開発者協会,22086,6982,False,0,,,,,,,,,,,,,,,,,,,,,
648537,世界ろう連盟,31358,9466,False,0,,,,,,,,,,,,,,,,,,,,,
651337,アジア排斥同盟,35796,12120,False,0,,,,,,,,,,,,,,,,,,,,,
655919,国際ソフトボール連盟,75266,13668,False,0,,,,,,,,,,,,,,,,,,,,,
665655,国際連合総会オブザーバー,47553,10745,False,0,,,,,,,,,,,,,,,,,,,,,
665679,軍事参謀委員会,30896,9281,False,1,27,0,0,0,0,3,0,0,0,4,0,2,0,10,1,0,3,1,0,2,1
666544,ヨーロッパオリンピック委員会,73125,15080,False,1,,,,,,,,,,,,,,,,,,,,,
682110,G10,26307,7000,False,0,,,,,,,,,,,,,,,,,,,,,
683389,国際エネルギー機関,33504,9313,False,0,52,1,2,1,0,2,29,2,1,0,0,2,0,0,1,1,4,1,0,4,1
695774,ワールドラグビー,56222,11367,False,1,,,,,,,,,,,,,,,,,,,,,
697078,国際開発協会,22991,6527,False,0,,,,,,,,,,,,,,,,,,,,,
699404,Econometric Society,51608,11886,False,0,,,,,,,,,,,,,,,,,,,,,
700722,国際東洋医学会,24811,6951,False,0,,,,,,,,,,,,,,,,,,,,,
709138,国際音楽コンクール世界連盟,39032,10254,False,0,,,,,,,,,,,,,,,,,,,,,
712296,国際金融公社,27760,8273,False,1,,,,,,,,,,,,,,,,,,,,,
712320,国際連合休戦監視機構,22848,6427,False,0,14,1,0,0,0,2,0,0,0,1,0,1,0,1,1,0,3,1,0,2,1
712331,多数国間投資保証機関,55140,11805,False,1,34,0,1,5,0,13,0,0,0,0,0,2,0,5,2,0,2,2,0,1,1
712457,国際会計基準審議会,28966,9380,False,0,,,,,,,,,,,,,,,,,,,,,
716917,国際女子スポーツ連盟,76884,30323,False,0,,,,,,,,,,,,,,,,,,,,,
718606,国際連合人間居住計画,47410,11028,False,1,46,7,2,1,0,12,0,0,0,2,0,2,9,2,3,3,0,2,0,0,1
729929,国際ジャーナリスト連盟,29844,7650,False,1,,,,,,,,,,,,,,,,,,,,,
729942,国際道路連盟,22347,6287,False,0,,,,,,,,,,,,,,,,,,,,,
729955,国際助産師連盟,19289,5532,False,0,,,,,,,,,,,,,,,,,,,,,
731103,世界バドミントン連盟,58441,11336,False,1,,,,,,,,,,,,,,,,,,,,,
731830,小島嶼国連合,35546,8551,False,0,48,0,0,0,0,2,38,1,0,0,0,1,0,0,0,0,3,1,0,1,1
732495,列国議会同盟,50674,13845,False,1,56,6,1,3,4,6,5,2,0,0,0,2,0,0,5,2,12,4,0,3,1
732645,NF-Board,91348,18364,False,0,,,,,,,,,,,,,,,,,,,,,
736457,UN/CEFACT,23304,7210,False,0,,,,,,,,,,,,,,,,,,,,,
739667,国際麻薬統制委員会,30782,11882,False,0,,,,,,,,,,,,,,,,,,,,,
745525,アメリカ人工知能学会,37161,12640,False,1,,,,,,,,,,,,,,,,,,,,,
746630,世界ダンス議会,24044,6563,False,0,,,,,,,,,,,,,,,,,,,,,
746998,国際コーヒー機関,94907,15855,False,2,104,0,1,1,6,5,75,1,1,4,0,2,0,0,2,1,1,2,0,2,0
747736,麻薬委員会,28607,11274,False,0,37,0,0,0,0,2,0,0,0,11,0,1,2,5,0,0,13,2,0,0,1
750506,AfriNIC,34246,8092,False,0,73,0,0,0,0,1,55,1,0,0,0,1,3,2,1,1,3,5,0,0,0
755222,国際法律家委員会,23054,6549,False,0,,,,,,,,,,,,,,,,,,,,,
758993,国際無線障害特別委員会,24740,7986,False,0,,,,,,,,,,,,,,,,,,,,,
760495,RIPE NCC,36610,8364,False,0,78,0,0,0,0,2,71,0,0,1,0,0,0,0,1,2,0,1,0,0,0
761151,植物新品種保護国際同盟,23036,6221,False,0,10,0,0,0,0,4,0,0,0,1,0,0,0,0,1,1,0,1,0,1,1
763104,Universitas 21,46044,9355,False,0,,,,,,,,,,,,,,,,,,,,,
764141,国際ボクシング協会 (AIBA),101385,24926,False,1,,,,,,,,,,,,,,,,,,,,,
765099,ワールドワイド・ケージネットワーク,23119,6407,False,0,,,,,,,,,,,,,,,,,,,,,
765877,世界医師会,31281,9320,False,0,,,,,,,,,,,,,,,,,,,,,
766779,Object Management Group,72511,18987,False,1,,,,,,,,,,,,,,,,,,,,,
778351,国際連合広報センター,33819,8271,False,0,10,0,0,0,0,4,0,0,0,0,0,0,0,3,0,0,1,0,0,1,1
786220,FIBAアジア,97140,12496,False,1,,,,,,,,,,,,,,,,,,,,,
791616,欧州経済協力機構,25951,7152,False,0,,,,,,,,,,,,,,,,,,,,,
795471,グリーンランド国際サンタクロース協会,25167,6656,False,0,8,0,0,0,0,1,0,0,0,0,0,0,0,0,1,1,4,1,0,0,0
802992,国際科学会議,27993,7548,False,0,,,,,,,,,,,,,,,,,,,,,
809245,国際連合エイズ合同計画,60210,10995,False,1,20,0,0,0,0,10,0,0,0,0,0,1,0,1,2,2,0,2,0,1,1
810494,サンフランシスコ・ベイエリア大学間連携ネットワーク,38054,10801,False,0,,,,,,,,,,,,,,,,,,,,,
814698,開発援助委員会,37832,9972,False,0,,,,,,,,,,,,,,,,,,,,,
819819,国際航路標識協会,22493,6688,False,0,,,,,,,,,,,,,,,,,,,,,
829614,イラクの聖戦アル＝カーイダ組織,66994,14847,False,1,,,,,,,,,,,,,,,,,,,,,
833954,ハーグ国際私法会議,54060,12675,False,0,80,0,0,0,0,3,62,1,0,4,0,1,0,0,0,0,6,1,0,1,1
834830,国際移動通信衛星機構,26515,7955,False,0,22,0,0,0,0,10,1,1,0,1,0,3,0,0,0,0,2,2,0,1,1
836530,欧州連合知的財産庁,30135,8490,False,1,25,0,0,0,0,12,0,0,0,1,0,2,0,3,2,2,0,1,0,1,1
839646,欧州ハンドボール連盟,48657,8309,False,0,,,,,,,,,,,,,,,,,,,,,
839677,国際ハンドボール連盟,59475,9377,False,1,,,,,,,,,,,,,,,,,,,,,
839787,国際ラクロス連盟,49168,10638,False,0,,,,,,,,,,,,,,,,,,,,,
840896,ラシュカレトイバ,67664,15743,False,0,,,,,,,,,,,,,,,,,,,,,
843689,国際鉄道連合,34778,9768,False,1,,,,,,,,,,,,,,,,,,,,,
844533,スカイチーム・カーゴ,37354,8808,False,1,,,,,,,,,,,,,,,,,,,,,
845059,アジア・アフリカ法律諮問機関,26464,8068,False,0,26,0,0,0,0,2,9,1,0,0,0,2,0,0,2,1,7,1,0,0,1
854745,FIBAアメリカ,77894,10865,False,0,,,,,,,,,,,,,,,,,,,,,
854824,東アジアEPA,47086,10934,False,0,,,,,,,,,,,,,,,,,,,,,
857784,国連緊急平和部隊,66557,20089,False,0,,,,,,,,,,,,,,,,,,,,,
866233,アラブ連合,49989,10465,False,0,,,,,,,,,,,,,,,,,,,,,
873317,日本紛争予防センター,31842,9463,False,1,,,,,,,,,,,,,,,,,,,,,
887756,ジュネーブ軍縮会議,55576,11899,False,0,,,,,,,,,,,,,,,,,,,,,
895107,国際連合ネパール支援団,32846,9711,False,1,,,,,,,,,,,,,,,,,,,,,
901415,ユーラシア特許庁,25907,8066,False,0,,,,,,,,,,,,,,,,,,,,,
902679,欧州バスケットボールリーグ連合,73107,11570,False,0,,,,,,,,,,,,,,,,,,,,,
906457,国際公務労連,28945,7887,False,1,,,,,,,,,,,,,,,,,,,,,
916809,情報社会・メディア総局,60514,11076,False,0,22,0,1,1,0,1,0,0,0,0,0,0,0,7,2,0,2,1,0,6,1
921098,東アジア酸性雨モニタリングネットワーク,35925,8246,False,0,,,,,,,,,,,,,,,,,,,,,
921700,平和のためのパートナーシップ,79959,15177,False,0,,,,,,,,,,,,,,,,,,,,,
930769,DOCOMOMO,23332,7155,False,0,,,,,,,,,,,,,,,,,,,,,
936456,欧州・大西洋パートナーシップ理事会,35657,8877,False,0,,,,,,,,,,,,,,,,,,,,,
948828,化学兵器禁止機関,64075,14027,False,2,31,2,2,1,0,7,0,1,0,3,0,3,0,0,3,3,2,1,0,2,1
962780,カリブ共同体,51643,12224,False,0,40,0,1,1,0,4,25,1,0,0,0,1,1,0,1,1,1,1,0,1,1
963479,Association to Advance Collegiate Schools of Business,62102,12489,False,1,,,,,,,,,,,,,,,,,,,,,
965936,欧州電気通信標準化機構,28820,8656,False,0,,,,,,,,,,,,,,,,,,,,,
969558,国際量子分子科学アカデミー,42682,10968,False,0,,,,,,,,,,,,,,,,,,,,,
974650,国際連合カンボジア暫定統治機構,52049,12308,False,2,,,,,,,,,,,,,,,,,,,,,
979114,Ecmaインターナショナル,38489,8104,False,0,,,,,,,,,,,,,,,,,,,,,
981001,ヴィシェグラード・グループ,76108,19530,False,0,,,,,,,,,,,,,,,,,,,,,
983333,ワールド・ダイヤモンド・カウンシル,23365,6995,False,0,,,,,,,,,,,,,,,,,,,,,
983476,侵略犯罪に関する特別作業部会,41232,17392,False,0,,,,,,,,,,,,,,,,,,,,,
987390,世界観光機関,49203,11808,False,1,,,,,,,,,,,,,,,,,,,,,
990368,難民教育基金,23495,6592,False,0,,,,,,,,,,,,,,,,,,,,,
994674,日米安全保障協議委員会,33949,9479,False,0,,,,,,,,,,,,,,,,,,,,,
995050,反差別国際運動,49765,12769,False,1,,,,,,,,,,,,,,,,,,,,,
998157,国際囲碁連盟,35533,9284,False,0,,,,,,,,,,,,,,,,,,,,,
999494,ボアオ・アジア・フォーラム,51003,14862,False,0,,,,,,,,,,,,,,,,,,,,,
1004780,バーゼル銀行監督委員会,33925,10826,False,0,64,0,2,2,0,7,27,0,0,7,0,1,0,0,1,1,7,5,0,3,1
1005050,国際セリ名簿基準委員会,37878,10676,False,0,,,,,,,,,,,,,,,,,,,,,
1009624,交通安全協会,59056,14196,False,0,,,,,,,,,,,,,,,,,,,,,
1010861,障害者インターナショナル,24817,7116,False,0,,,,,,,,,,,,,,,,,,,,,
1016660,AIESEC,31073,9198,False,0,,,,,,,,,,,,,,,,,,,,,
1022990,国際獣疫事務局,89721,16969,False,2,,,,,,,,,,,,,,,,,,,,,
1028906,経済社会評議会 (EU),73149,13422,False,0,,,,,,,,,,,,,,,,,,,,,
1037822,平和市長会議,84183,16326,False,1,24,0,0,0,0,4,1,1,0,0,0,3,0,3,1,1,4,4,0,1,1
1050560,世界水中連盟,28533,8937,False,0,,,,,,,,,,,,,,,,,,,,,
1053651,第一審裁判所 (EU),71229,14543,False,0,,,,,,,,,,,,,,,,,,,,,
1053652,欧州連合公務員裁判所,59724,9652,False,0,22,0,1,2,0,3,0,0,0,1,0,1,0,10,0,0,1,1,0,1,1
1061272,国際汎ヨーロッパ連合,27484,8248,False,0,16,0,2,2,0,1,0,0,0,3,0,1,0,0,1,0,3,1,0,1,1
1064756,欧州家電機器委員会,21969,6280,False,0,,,,,,,,,,,,,,,,,,,,,
1066066,国際体操連盟,65094,9807,False,1,,,,,,,,,,,,,,,,,,,,,
1067503,国際ホッケー連盟,48648,8934,False,1,,,,,,,,,,,,,,,,,,,,,
1068395,世界遺産委員会,197967,53886,False,0,12,0,0,0,0,0,0,1,0,2,0,0,0,1,0,0,5,1,0,1,1
1070119,国際馬術連盟,41402,9271,False,1,,,,,,,,,,,,,,,,,,,,,
1070418,国際柔道連盟,174190,21351,False,2,,,,,,,,,,,,,,,,,,,,,
1074812,コモンウェルスゲームズ連盟,37098,8263,False,0,,,,,,,,,,,,,,,,,,,,,
1086860,欧州経済領域,56387,13235,False,0,,,,,,,,,,,,,,,,,,,,,
1091651,欧州環境機関,31706,9719,False,1,,,,,,,,,,,,,,,,,,,,,
1093611,世界自然保全モニタリングセンター,38614,11388,False,1,,,,,,,,,,,,,,,,,,,,,
1094739,欧州不正対策局,72942,18562,False,0,53,0,1,2,0,4,0,0,0,0,0,1,3,22,0,0,11,6,0,2,1
1104639,アフリカ連合ダルフール派遣団,39491,13675,False,0,,,,,,,,,,,,,,,,,,,,,
1121593,国際連合パレスチナ難民救済事業機関,53185,14225,False,1,59,0,0,0,0,24,0,0,0,0,0,2,0,4,4,2,17,4,0,1,1
1126993,国際モーターボート連盟,23734,6350,False,0,,,,,,,,,,,,,,,,,,,,,
1127225,ラグビーヨーロッパ,59352,11132,False,0,,,,,,,,,,,,,,,,,,,,,
1127261,アジア野球連盟,65971,11602,False,1,,,,,,,,,,,,,,,,,,,,,
1131934,反スウェーデン同盟,41504,12117,False,0,,,,,,,,,,,,,,,,,,,,,
1132386,アジア陸上競技連盟,65467,12441,False,0,,,,,,,,,,,,,,,,,,,,,
1134131,欧州野球連盟,97084,16841,False,1,,,,,,,,,,,,,,,,,,,,,
1152969,欧州気象衛星開発機構,47948,13938,False,1,60,1,0,0,0,9,35,3,0,0,0,2,0,0,2,2,3,1,0,1,1
1158385,国際畜犬連盟,25524,7533,False,0,,,,,,,,,,,,,,,,,,,,,
1163439,国際放射線防護委員会,77463,21077,False,0,,,,,,,,,,,,,,,,,,,,,
1165238,国際生化学・分子生物学連合,23205,6888,False,0,,,,,,,,,,,,,,,,,,,,,
1170648,EPCglobal,18137,5320,False,0,,,,,,,,,,,,,,,,,,,,,
1172646,国際競技連盟,22753,6316,False,0,,,,,,,,,,,,,,,,,,,,,
1175663,ルブリン合同,64661,21950,False,0,,,,,,,,,,,,,,,,,,,,,
1176047,国際弓道連盟,29777,7913,False,0,,,,,,,,,,,,,,,,,,,,,
1176142,国際連合工業開発機関,47132,9997,False,1,,,,,,,,,,,,,,,,,,,,,
1177664,国連アフガニスタン支援ミッション,71288,20694,False,0,,,,,,,,,,,,,,,,,,,,,
1183177,欧州中央銀行制度,83577,18267,False,0,,,,,,,,,,,,,,,,,,,,,
1183213,国際研究型大学連合,32476,7531,False,0,,,,,,,,,,,,,,,,,,,,,
1183301,環太平洋大学協会,57801,10290,False,0,,,,,,,,,,,,,,,,,,,,,
1183318,インターナショナル・カラー・コンソーシアム,31519,9554,False,0,,,,,,,,,,,,,,,,,,,,,
1187750,国際周波数登録委員会,23551,6793,False,0,,,,,,,,,,,,,,,,,,,,,
1187773,アムステルダム・インターナショナル,22713,6171,False,0,,,,,,,,,,,,,,,,,,,,,
1198413,国際ウエイトリフティング連盟,35291,7909,False,1,,,,,,,,,,,,,,,,,,,,,
1201716,連邦同盟,60191,19514,False,0,,,,,,,,,,,,,,,,,,,,,
1206969,ハルシュタイン委員会,61654,16049,False,0,,,,,,,,,,,,,,,,,,,,,
1206970,レイ委員会,45174,10094,False,0,16,0,2,3,0,0,0,0,0,0,1,1,1,0,0,0,5,1,1,0,1
1206971,マルファッティ委員会,39216,8407,False,0,17,0,2,2,0,0,0,0,0,0,1,1,1,3,0,0,4,1,1,0,1
1206972,マンスホルト委員会,38021,8095,False,0,9,0,2,2,0,0,0,0,0,0,0,1,0,0,0,0,1,1,1,0,1
1206974,オルトリ委員会,43048,8738,False,0,,,,,,,,,,,,,,,,,,,,,
1206976,ジェンキンス委員会,43020,8894,False,0,11,0,2,3,0,0,0,0,0,0,0,1,0,0,0,0,2,1,1,0,1
1206977,トルン委員会,42874,9338,False,0,,,,,,,,,,,,,,,,,,,,,
1206978,ドロール委員会,132598,25542,False,0,30,0,9,5,0,0,0,0,0,0,0,2,0,5,0,0,1,5,2,0,1
1206979,サンテール委員会,111681,25225,False,0,25,0,2,2,0,0,0,0,0,0,0,1,0,7,0,0,6,5,1,0,1
1206980,マリン暫定委員会,34401,7849,False,0,13,0,3,2,0,0,0,0,0,0,0,2,3,0,0,0,0,1,1,0,1
1206981,プローディ委員会,105114,16795,False,0,33,0,2,3,0,0,0,0,0,2,2,5,0,8,0,0,5,2,3,0,1
1206983,バローゾ委員会,241619,62707,False,0,68,0,4,20,0,0,0,0,0,0,0,6,0,21,0,0,10,2,4,0,1
1218181,国際海事局,19714,5685,False,0,13,0,0,0,0,3,0,0,0,0,0,1,0,2,0,0,2,2,0,2,1
1219925,英葡永久同盟,34622,10173,False,0,,,,,,,,,,,,,,,,,,,,,
1235235,国際連合西サハラ住民投票ミッション,47371,9982,False,1,,,,,,,,,,,,,,,,,,,,,
1235918,ストレーザ戦線,26461,6887,False,0,,,,,,,,,,,,,,,,,,,,,
1245666,ISACA,25673,8385,False,0,,,,,,,,,,,,,,,,,,,,,
1248872,国際バイアスロン連合,34292,7803,False,0,,,,,,,,,,,,,,,,,,,,,
1250274,世界スカッシュ連盟,20408,5542,False,0,,,,,,,,,,,,,,,,,,,,,
1250277,国際剣道連盟,22624,6057,False,0,,,,,,,,,,,,,,,,,,,,,
1250288,国際アメリカンフットボール連盟,30172,8139,False,0,,,,,,,,,,,,,,,,,,,,,
1251921,マネーロンダリングに関する金融活動作業部会,58359,16103,False,0,59,0,0,0,0,7,35,0,2,1,0,2,0,0,1,0,5,2,0,3,1
1251961,国際ケア機構,31250,9671,False,0,,,,,,,,,,,,,,,,,,,,,
1252607,国際クリケット評議会,31014,8085,False,1,,,,,,,,,,,,,,,,,,,,,
1258704,エノキアン協会,46424,13558,False,0,,,,,,,,,,,,,,,,,,,,,
1260262,欧州電気標準化委員会,27652,7524,False,0,,,,,,,,,,,,,,,,,,,,,
1263842,ドイツ＝オーストリア電信連合,34854,14026,False,0,,,,,,,,,,,,,,,,,,,,,
1265079,国際リュージュ連盟,34107,7622,False,0,,,,,,,,,,,,,,,,,,,,,
1268188,連合国 (第一次世界大戦),107830,21496,False,0,,,,,,,,,,,,,,,,,,,,,
1274509,国際射撃連盟,30753,7101,False,0,,,,,,,,,,,,,,,,,,,,,
1274520,世界アーチェリー連盟,39102,8222,False,0,,,,,,,,,,,,,,,,,,,,,
1274795,日米欧三極委員会,41748,13966,False,0,,,,,,,,,,,,,,,,,,,,,
1275257,鉄道国際協力機構,68340,23220,False,1,161,10,0,0,4,15,34,3,78,0,0,2,0,0,2,2,8,2,0,0,1
1284376,OW2 Consortium,37829,13298,False,0,,,,,,,,,,,,,,,,,,,,,
1288375,ASEAN自由貿易地域,47578,12813,False,0,16,0,0,0,0,7,0,0,0,3,0,0,0,0,0,0,1,2,0,3,0
1289999,欧州民主同盟,40212,8973,False,0,41,0,0,0,0,3,0,0,33,0,0,0,2,1,0,0,0,1,0,0,1
1293957,国際スポーツ・フォア・オール協議会,26464,7047,False,0,,,,,,,,,,,,,,,,,,,,,
1297810,東アフリカ共同体,53583,11533,False,0,32,0,0,0,0,2,21,0,0,0,0,2,0,0,1,1,0,2,1,1,1
1298607,国際連合宇宙局,51869,9334,False,1,28,0,0,0,0,4,0,0,0,0,0,2,0,6,3,2,5,2,0,3,1
1300766,アジアハンドボール連盟,85012,11459,False,0,,,,,,,,,,,,,,,,,,,,,
1309469,世界教会協議会,49962,11323,False,0,,,,,,,,,,,,,,,,,,,,,
1311513,国際会計基準委員会,21803,7033,False,0,,,,,,,,,,,,,,,,,,,,,
1317142,アメリカ変光星観測者協会,24368,7543,False,0,,,,,,,,,,,,,,,,,,,,,
1324776,国際産業遺産保存委員会,22144,6810,False,0,,,,,,,,,,,,,,,,,,,,,
1344768,欧州司法機構,30584,9380,False,1,,,,,,,,,,,,,,,,,,,,,
1347948,MIDI Manufacturers Association,23532,6399,False,0,,,,,,,,,,,,,,,,,,,,,
1356978,国際ボート連盟,48398,10240,False,0,,,,,,,,,,,,,,,,,,,,,
1359976,アメリカ公衆衛生局,59497,11550,False,1,,,,,,,,,,,,,,,,,,,,,
1362541,経済協力開発機構原子力機関,38057,10363,False,0,,,,,,,,,,,,,,,,,,,,,
1373966,アラブ航空会社機構,55497,10676,False,0,,,,,,,,,,,,,,,,,,,,,
1375209,アラベスク航空アライアンス,34871,7920,False,0,,,,,,,,,,,,,,,,,,,,,
1377228,中東カルテット,33173,9029,False,0,,,,,,,,,,,,,,,,,,,,,
1379396,欧州連合理事会議長国,140308,24706,False,0,46,0,0,1,0,1,33,0,0,0,0,0,0,6,0,0,2,1,0,1,1
1380367,共産主義者同盟 (1847年),32525,9906,False,0,,,,,,,,,,,,,,,,,,,,,
1386242,アフリカ・カリブ海・太平洋諸国,52014,13356,False,0,,,,,,,,,,,,,,,,,,,,,
1395466,欧州政治協力,28638,9376,False,0,,,,,,,,,,,,,,,,,,,,,
1405733,大日本産業報国会,56763,12229,False,0,,,,,,,,,,,,,,,,,,,,,
1412351,国際アマチュアムエタイ連盟,41791,8667,False,0,,,,,,,,,,,,,,,,,,,,,
1422830,常設仲裁裁判所,32631,9138,False,1,22,2,0,0,3,3,0,1,0,0,0,2,0,0,5,2,0,2,0,1,1
1425482,国際開発金融機関,25637,7140,False,0,,,,,,,,,,,,,,,,,,,,,
1432067,プロシア連合,32566,9537,False,0,,,,,,,,,,,,,,,,,,,,,
1445009,地球規模問題に取組む国際議員連盟,37352,10558,False,0,,,,,,,,,,,,,,,,,,,,,
1446849,アンデス共同体,57234,12581,False,0,44,0,1,1,3,9,15,3,0,1,0,2,0,0,2,2,2,1,0,1,1
1447320,国際連合スーダン派遣団,33625,9928,False,1,,,,,,,,,,,,,,,,,,,,,
1460365,世界ウイグル会議,72110,22077,False,0,,,,,,,,,,,,,,,,,,,,,
1464801,国際統計協会,22558,6940,False,0,,,,,,,,,,,,,,,,,,,,,
1465224,マラヤ連合,30237,8507,False,0,,,,,,,,,,,,,,,,,,,,,
1468817,ラテン連合,44166,10785,False,0,,,,,,,,,,,,,,,,,,,,,
1474265,国際プロサッカー選手会,120185,22800,False,1,,,,,,,,,,,,,,,,,,,,,
1476885,グリーンピース (NGO),141061,57221,False,1,,,,,,,,,,,,,,,,,,,,,
1478774,国際生物多様性センター,29980,10068,False,0,,,,,,,,,,,,,,,,,,,,,
1479495,持続可能な開発のための経済人会議,50227,17644,False,0,,,,,,,,,,,,,,,,,,,,,
1479508,国際文民事務所,29416,8876,False,0,47,19,2,13,0,2,0,0,0,4,0,0,3,0,0,0,1,1,0,2,0
1484518,セリーズ,28975,8267,False,0,,,,,,,,,,,,,,,,,,,,,
1490528,ワールド・モニュメント財団,52036,14333,False,0,,,,,,,,,,,,,,,,,,,,,
1493491,南東欧協力プロセス,54949,14048,False,0,30,0,0,0,0,4,13,0,0,0,0,1,0,0,0,0,5,3,0,3,1
1494971,日朝文化交流協会,36149,12415,False,0,,,,,,,,,,,,,,,,,,,,,
1499960,地中海連合,104567,29426,False,0,125,0,0,0,0,3,112,0,0,0,0,2,0,0,0,0,0,4,0,3,1
1503228,GAVIアライアンス,30604,10838,False,0,,,,,,,,,,,,,,,,,,,,,
1505468,金融安定化フォーラム,26859,7189,False,0,21,1,1,3,0,2,0,0,6,0,0,1,0,0,2,1,0,1,0,2,1
1506622,EUREKA,38358,9149,False,0,,,,,,,,,,,,,,,,,,,,,
1515695,世界遺産都市機構,77246,18451,False,0,,,,,,,,,,,,,,,,,,,,,
1516044,知的所有権保護合同国際事務局,24903,6879,False,0,,,,,,,,,,,,,,,,,,,,,
1516058,国際著作権法学会,22630,6300,False,0,,,,,,,,,,,,,,,,,,,,,
1523985,ヨーロッパ反資本主義左翼,42006,8688,False,1,,,,,,,,,,,,,,,,,,,,,
1526864,欧州自由民主同盟,56610,14719,False,1,97,0,1,0,0,13,0,0,48,0,0,1,0,6,0,0,0,15,0,12,1
1528021,国際フェンシング連盟,76880,13596,False,1,,,,,,,,,,,,,,,,,,,,,
1529931,世界レスリング連合,49179,11471,False,1,,,,,,,,,,,,,,,,,,,,,
1531549,中部アフリカ諸国経済共同体,54742,11188,False,0,21,2,0,0,0,4,10,0,0,0,0,1,0,0,1,1,0,1,0,0,1
1533336,経済協力機構,54254,12861,False,1,50,3,0,0,1,5,23,2,0,2,0,2,3,0,2,2,1,2,0,1,1
1536606,欧州国家憲兵隊,29422,7916,False,1,,,,,,,,,,,,,,,,,,,,,
1538481,国際青年会議所,25595,6791,False,1,,,,,,,,,,,,,,,,,,,,,
1540111,プロスノーボーダーズ アソシエイション アジア,42082,14218,False,1,,,,,,,,,,,,,,,,,,,,,
1542617,国際スノーボード連盟,49256,19779,False,0,,,,,,,,,,,,,,,,,,,,,
1545045,南東欧協力イニシアティヴ,38240,8955,False,0,33,0,0,0,0,3,24,0,0,0,0,1,0,0,1,1,0,1,0,1,1
1547679,国際連合グルジア監視団,31757,9399,False,1,,,,,,,,,,,,,,,,,,,,,
1548215,PICMG,22240,6537,False,0,,,,,,,,,,,,,,,,,,,,,
1549117,世界スノーボード連盟,33944,9914,False,0,,,,,,,,,,,,,,,,,,,,,
1550569,原子力供給国グループ,36674,10153,False,0,,,,,,,,,,,,,,,,,,,,,
1552840,欧州会計監査院,63800,12695,False,0,27,0,1,1,0,0,0,0,0,5,0,1,0,8,1,0,7,1,0,1,1
1552841,地域委員会 (EU),71836,14782,False,0,,,,,,,,,,,,,,,,,,,,,
1552844,欧州復興開発銀行,59881,14754,False,1,104,4,3,5,0,3,61,1,4,0,0,2,0,0,3,2,9,3,0,3,1
1556858,国際ライフセービング連盟,24795,6416,False,0,,,,,,,,,,,,,,,,,,,,,
1558583,国際スポーツクライミング連盟,35214,10578,False,0,,,,,,,,,,,,,,,,,,,,,
1564820,欧州近隣政策,43429,15322,False,0,,,,,,,,,,,,,,,,,,,,,
1564821,欧州・地中海パートナーシップ,54877,17835,False,0,,,,,,,,,,,,,,,,,,,,,
1577108,国際マインドスポーツ協会,32189,8400,False,0,,,,,,,,,,,,,,,,,,,,,
1582325,欧州開発基金,58503,9433,False,0,,,,,,,,,,,,,,,,,,,,,
1590867,エクパット,40817,13433,False,0,,,,,,,,,,,,,,,,,,,,,
1592593,欧州郵便電気通信主管庁会議,31696,8305,False,1,67,6,0,0,0,5,48,2,0,0,0,2,0,0,0,0,2,1,0,0,1
1595621,世界仏教徒連盟,30376,8565,False,1,,,,,,,,,,,,,,,,,,,,,
1595828,欧州政治共同体,24864,7365,False,0,,,,,,,,,,,,,,,,,,,,,
1600270,国際測地学・地球物理学連合,53211,12122,False,1,,,,,,,,,,,,,,,,,,,,,
1603208,連合国救済復興機関,69346,22546,False,0,,,,,,,,,,,,,,,,,,,,,
1605144,国際取引所連合,22874,6294,False,0,,,,,,,,,,,,,,,,,,,,,
1607914,欧州防衛機関,32215,9374,False,1,,,,,,,,,,,,,,,,,,,,,
1615914,国際鉱物学連合,29799,8402,False,0,,,,,,,,,,,,,,,,,,,,,
1617156,国際地質科学連合,29783,8058,False,0,,,,,,,,,,,,,,,,,,,,,
1618745,G20,120133,20836,False,0,,,,,,,,,,,,,,,,,,,,,
1625816,アジア競馬連盟,25326,6894,False,0,,,,,,,,,,,,,,,,,,,,,
1628135,欧州諸共同体,58194,16453,False,0,,,,,,,,,,,,,,,,,,,,,
1630180,Special Interest Group on Management of Data,31530,9146,False,0,,,,,,,,,,,,,,,,,,,,,
1636401,欧州連合・法の支配ミッション,123907,23045,False,0,,,,,,,,,,,,,,,,,,,,,
1637909,世界労働組合連盟,27223,7674,False,1,,,,,,,,,,,,,,,,,,,,,
1638075,国際運輸労連,30961,8054,False,1,,,,,,,,,,,,,,,,,,,,,
1638085,国際労働組合総連合,27726,7777,False,1,,,,,,,,,,,,,,,,,,,,,
1643272,国際セーリング連盟,36176,8102,False,1,,,,,,,,,,,,,,,,,,,,,
1643276,国際トライアスロン連合,34094,7750,False,0,,,,,,,,,,,,,,,,,,,,,
1646942,常設国際司法裁判所,123389,32460,False,1,56,0,2,4,0,9,0,0,0,2,6,3,0,7,4,4,5,8,2,0,0
1649629,国際大学スポーツ連盟,24185,6745,False,0,,,,,,,,,,,,,,,,,,,,,
1655606,北米の安全と繁栄のためのパートナーシップ,25658,6772,False,0,,,,,,,,,,,,,,,,,,,,,
1658060,健康都市連合,56670,13759,False,0,,,,,,,,,,,,,,,,,,,,,
1659255,SITA,24429,7235,False,0,,,,,,,,,,,,,,,,,,,,,
1662189,国際火山学及び地球内部化学協会,33439,9906,False,0,,,,,,,,,,,,,,,,,,,,,
1664315,国際カヌー連盟,32068,7190,False,0,,,,,,,,,,,,,,,,,,,,,
1672967,世界鉄鋼協会,31375,8438,False,1,,,,,,,,,,,,,,,,,,,,,
1674469,国際ろう者スポーツ委員会,26215,7953,False,0,,,,,,,,,,,,,,,,,,,,,
1675200,アジア太平洋統計研修所,25720,6854,False,0,,,,,,,,,,,,,,,,,,,,,
1679766,堆積地質学会,25770,7452,False,0,,,,,,,,,,,,,,,,,,,,,
1679859,国際再生可能エネルギー機関,35528,9706,False,0,19,0,0,0,0,3,3,1,0,4,0,2,0,0,1,1,0,1,0,2,1
1681227,アフリカ中央銀行,23979,6557,False,0,,,,,,,,,,,,,,,,,,,,,
1684597,国際認定フォーラム,33536,9812,False,0,,,,,,,,,,,,,,,,,,,,,
1685263,国際法定計量機関,22334,6212,False,0,12,0,0,0,0,2,0,1,0,4,0,1,0,0,0,0,0,2,0,1,1
1697823,アジア・太平洋国会議員連合,30986,7856,False,0,46,0,1,1,0,7,28,1,0,0,0,1,0,0,1,0,3,1,0,1,1
1701580,情報処理国際連合,25312,6704,False,0,,,,,,,,,,,,,,,,,,,,,
1702405,国際連合ナミビア独立支援グループ,30921,9280,False,1,,,,,,,,,,,,,,,,,,,,,
1702432,国際連合イラク・クウェート監視団,28743,7469,False,1,,,,,,,,,,,,,,,,,,,,,
1704176,国際連合イラン・イラク軍事監視団,30346,7985,False,1,,,,,,,,,,,,,,,,,,,,,
1704296,国際オリンピック・アカデミー,29981,7840,False,0,,,,,,,,,,,,,,,,,,,,,
1707299,国際連合イエメン監視団,28215,8007,False,1,,,,,,,,,,,,,,,,,,,,,
1707404,国際連合カンボジア先遣隊,27949,7664,False,1,,,,,,,,,,,,,,,,,,,,,
1707576,国際連合エルサルバドル監視団,26787,7981,False,1,,,,,,,,,,,,,,,,,,,,,
1708953,国際連合アフガニスタン・パキスタン仲介ミッション,29149,8805,False,1,,,,,,,,,,,,,,,,,,,,,
1709327,国際連合エチオピア・エリトリア派遣団,27330,7841,False,1,,,,,,,,,,,,,,,,,,,,,
1710359,国際連合中央アフリカ共和国ミッション,29286,8447,False,1,,,,,,,,,,,,,,,,,,,,,
1713974,国際連合ハイチ・ミッション,29810,10139,False,1,,,,,,,,,,,,,,,,,,,,,
1718532,国際連合ハイチ支援団,28250,7802,False,1,,,,,,,,,,,,,,,,,,,,,
1718544,国際連合ハイチ暫定ミッション,25374,7050,False,1,,,,,,,,,,,,,,,,,,,,,
1718631,国際連合ハイチ文民警察ミッション,26491,7323,False,1,,,,,,,,,,,,,,,,,,,,,
1718785,国際連合リベリア監視団,27976,8553,False,1,,,,,,,,,,,,,,,,,,,,,
1718859,国際連合グアテマラ人権監視団,27097,7921,False,1,,,,,,,,,,,,,,,,,,,,,
1719711,国際視覚障害者スポーツ連盟,28104,7532,False,0,,,,,,,,,,,,,,,,,,,,,
1720877,国際連合ハイチ安定化ミッション,35317,10493,False,1,,,,,,,,,,,,,,,,,,,,,
1721713,太平洋問題調査会,93157,32233,False,0,,,,,,,,,,,,,,,,,,,,,
1726261,国際連合レバノン監視団,29590,9249,False,1,,,,,,,,,,,,,,,,,,,,,
1730078,国際連合タジキスタン監視団,28256,8668,False,1,,,,,,,,,,,,,,,,,,,,,
1730097,国際連合インド・パキスタン軍事監視団,29726,7878,False,1,,,,,,,,,,,,,,,,,,,,,
1730130,国際連合インド・パキスタン監視団,30962,8860,False,1,,,,,,,,,,,,,,,,,,,,,
1734394,国際競馬統括機関連盟,23109,6296,False,0,,,,,,,,,,,,,,,,,,,,,
1735484,オセアニア野球連盟,59413,10846,False,1,,,,,,,,,,,,,,,,,,,,,
1735698,ユーロスタット,66670,13340,False,0,,,,,,,,,,,,,,,,,,,,,
1736769,東カリブ諸国機構,46135,10623,False,0,24,0,0,0,0,3,12,0,0,0,0,1,0,0,1,1,3,1,0,1,1
1736892,中米統合機構,58479,12856,False,0,25,0,0,0,2,4,14,0,0,1,0,0,2,0,0,0,0,1,0,1,0
1737306,地域安全保障システム (東カリブ),32218,7227,False,0,,,,,,,,,,,,,,,,,,,,,
1737402,国際連合アオゾウ帯監視団,29712,8338,False,1,,,,,,,,,,,,,,,,,,,,,
1742747,国際連合ウガンダ・ルワンダ監視団,30740,9232,False,1,,,,,,,,,,,,,,,,,,,,,
1742855,国際連合ルワンダ支援団,45926,11737,False,1,,,,,,,,,,,,,,,,,,,,,
1748780,国際連合シエラレオネ監視団,30957,10117,False,1,,,,,,,,,,,,,,,,,,,,,
1748859,国際連合シエラレオネ派遣団,29541,9631,False,1,,,,,,,,,,,,,,,,,,,,,
1748960,国際船級協会連合,21122,5938,False,0,,,,,,,,,,,,,,,,,,,,,
1755319,トランスペアレンシー・インターナショナル,33957,11488,False,0,,,,,,,,,,,,,,,,,,,,,
1756632,国際商業会議所,22908,6418,False,0,,,,,,,,,,,,,,,,,,,,,
1756888,国際純粋・応用物理学連合,28403,8601,False,0,,,,,,,,,,,,,,,,,,,,,
1759832,ユーラシア経済共同体,59635,13704,False,0,45,4,0,0,0,3,29,1,0,0,3,1,0,0,0,0,2,1,1,0,0
1760214,国連薬物犯罪事務所,45501,9966,False,1,,,,,,,,,,,,,,,,,,,,,
1765114,国際レズビアン・ゲイ協会,55586,18887,False,0,,,,,,,,,,,,,,,,,,,,,
1770876,国際知的財産保護協会,21326,6335,False,0,,,,,,,,,,,,,,,,,,,,,
1772205,東方パートナーシップ,47929,12011,False,0,,,,,,,,,,,,,,,,,,,,,
1775076,レヒ,103744,47218,False,0,,,,,,,,,,,,,,,,,,,,,
1778733,国際連合中米監視団,28159,7981,False,1,,,,,,,,,,,,,,,,,,,,,
1779023,ベラルーシ共和国青年団,25039,6828,False,0,,,,,,,,,,,,,,,,,,,,,
1781246,GS1,26649,7961,False,0,,,,,,,,,,,,,,,,,,,,,
1784880,金融監督管理委員会,36113,7533,False,1,,,,,,,,,,,,,,,,,,,,,
1790745,第一次国際連合アンゴラ検証団,29373,7880,False,1,,,,,,,,,,,,,,,,,,,,,
1790787,第二次国際連合アンゴラ検証団,28430,8754,False,1,,,,,,,,,,,,,,,,,,,,,
1790816,第三次国際連合アンゴラ検証団,28575,8402,False,1,,,,,,,,,,,,,,,,,,,,,
1791831,オックスファム,37386,12749,False,0,,,,,,,,,,,,,,,,,,,,,
1793570,国際応用地質学会,33373,9405,False,1,,,,,,,,,,,,,,,,,,,,,
1793888,南東欧安定化協定,66298,15449,False,0,,,,,,,,,,,,,,,,,,,,,
1794582,欧州連合,374339,106135,False,1,,,,,,,,,,,,,,,,,,,,,
1795494,世界税関機構,27536,7921,False,0,29,5,2,2,0,7,0,1,0,1,0,2,0,0,1,1,4,1,0,1,1
1796258,国際連合コソボ暫定行政ミッション,195389,48147,False,0,,,,,,,,,,,,,,,,,,,,,
1796427,欧州ロケット開発機構,35505,10765,False,0,,,,,,,,,,,,,,,,,,,,,
1802330,国際連合東ティモール統合ミッション,32078,9550,False,1,,,,,,,,,,,,,,,,,,,,,
1802355,国際連合アンゴラ監視団,25857,7777,False,1,,,,,,,,,,,,,,,,,,,,,
1802419,国際連合東ティモール・ミッション,31603,9813,False,1,,,,,,,,,,,,,,,,,,,,,
1802500,国際連合リベリア・ミッション,28898,8887,False,1,,,,,,,,,,,,,,,,,,,,,
1807536,フォーミュラ・ワン・チームズ・アソシエーション,84876,25824,False,1,,,,,,,,,,,,,,,,,,,,,
1809851,国際連合文民警察サポート・グループ,99577,17224,False,1,,,,,,,,,,,,,,,,,,,,,
1810673,国際連合東スラヴォニア・バラニャおよび西スレム暫定統治機構,103074,18101,False,1,,,,,,,,,,,,,,,,,,,,,
1811651,国際連合プレヴラカ監視団,98158,16444,False,1,,,,,,,,,,,,,,,,,,,,,
1814380,国際連合ジュネーブ事務局,56921,12050,False,1,,,,,,,,,,,,,,,,,,,,,
1814958,国際連合ボスニア・ヘルツェゴヴィナ・ミッション,28095,7724,False,1,,,,,,,,,,,,,,,,,,,,,
1815649,国際連合中央アフリカ・チャド・ミッション,28214,8569,False,1,,,,,,,,,,,,,,,,,,,,,
1823758,国際環境NGO FoE Japan,28157,9595,False,0,,,,,,,,,,,,,,,,,,,,,
1826395,国際連合東ティモール暫定行政機構,31351,9066,False,1,,,,,,,,,,,,,,,,,,,,,
1826462,国際連合東ティモール支援団,28599,8188,False,1,,,,,,,,,,,,,,,,,,,,,
1826655,国際教育到達度評価学会,30475,8086,False,0,,,,,,,,,,,,,,,,,,,,,
1829424,国際復興支援プラットフォーム,28696,9015,False,0,,,,,,,,,,,,,,,,,,,,,
1832264,西イリアン国際連合保安隊,29861,8918,False,1,,,,,,,,,,,,,,,,,,,,,
1832985,アフリカ自由ネットワーク,57138,11625,False,1,69,0,0,0,0,5,22,1,27,0,0,1,0,0,0,0,0,4,0,8,1
1833257,朝鮮文化建設中央協議会,28730,8236,False,1,,,,,,,,,,,,,,,,,,,,,
1841344,世界原子力協会,30085,10911,False,0,,,,,,,,,,,,,,,,,,,,,
1842162,国際スポーツカイロプラクティック連盟,43108,10774,False,0,,,,,,,,,,,,,,,,,,,,,
1857152,中央アジア協力機構,46525,10765,False,0,,,,,,,,,,,,,,,,,,,,,
1858642,アフリカ広域知的財産機関,38968,9827,False,0,41,0,0,0,0,6,18,0,0,9,0,1,0,0,2,2,1,1,0,0,1
1858643,アフリカ知的財産機関,33576,8969,False,0,,,,,,,,,,,,,,,,,,,,,
1861936,アフリカ野球・ソフトボール協会,64631,11494,False,1,,,,,,,,,,,,,,,,,,,,,
1867264,イクオリティ・ナウ,25134,7782,False,0,,,,,,,,,,,,,,,,,,,,,
1871059,女子差別撤廃委員会,51782,14726,False,0,,,,,,,,,,,,,,,,,,,,,
1873595,Online Computer Library Center,50257,14783,False,0,32,6,0,0,0,13,0,0,0,0,0,1,0,0,1,1,8,1,0,1,0
1886900,ヨーロッパ剣道連盟,26794,7640,False,0,,,,,,,,,,,,,,,,,,,,,
1901698,世界吹奏楽協会,37572,10755,False,0,,,,,,,,,,,,,,,,,,,,,
1909688,米州ボリバル同盟,32721,9065,False,0,,,,,,,,,,,,,,,,,,,,,
1909882,北大西洋海産哺乳動物委員会,39695,12195,False,0,51,6,0,0,0,11,19,1,0,1,0,3,2,0,0,0,2,3,0,2,1
1912724,アムネスティ・インターナショナル,124599,42355,False,2,,,,,,,,,,,,,,,,,,,,,
1916750,在日本大韓民国民団,201340,48141,False,1,,,,,,,,,,,,,,,,,,,,,
1916797,IET,21682,7329,False,0,,,,,,,,,,,,,,,,,,,,,
1917437,旗章学協会国際連盟,37380,11627,False,0,,,,,,,,,,,,,,,,,,,,,
1928629,国際共産主義潮流,61163,11269,False,0,,,,,,,,,,,,,,,,,,,,,
1928740,第五インターナショナル,92949,14903,False,0,,,,,,,,,,,,,,,,,,,,,
1928922,国際カイロプラクティック教育評議会,68369,18993,False,0,,,,,,,,,,,,,,,,,,,,,
1929802,著作権協会国際連合,48327,12756,False,0,,,,,,,,,,,,,,,,,,,,,
1930756,動物命名法国際審議会,56618,18621,False,0,,,,,,,,,,,,,,,,,,,,,
1935536,被抑圧民族協会,22377,6874,False,0,,,,,,,,,,,,,,,,,,,,,
1935583,エリトリア解放戦線,54914,15364,False,0,,,,,,,,,,,,,,,,,,,,,
1946577,労働者インターナショナルのための委員会,48487,10473,False,0,,,,,,,,,,,,,,,,,,,,,
1946597,国際マルクス主義潮流,48788,10686,False,0,,,,,,,,,,,,,,,,,,,,,
1948267,国際サッカー評議会,66699,19266,False,0,,,,,,,,,,,,,,,,,,,,,
1950425,77ヶ国グループ,22387,6312,False,0,12,0,0,0,0,4,0,1,0,0,0,1,0,0,0,0,2,2,0,1,1
1958085,核不拡散・核軍縮に関する国際委員会,67096,15763,False,1,,,,,,,,,,,,,,,,,,,,,
1958263,インド洋委員会,31430,7943,False,0,,,,,,,,,,,,,,,,,,,,,
1959709,対ハプスブルク同盟,33669,10442,False,0,,,,,,,,,,,,,,,,,,,,,
1962958,国際児童図書評議会,40551,10030,False,0,17,0,0,0,0,6,0,1,0,0,0,1,0,0,1,2,4,1,0,0,1
1963438,国際ボブスレー・トボガニング連盟,38374,8875,False,0,,,,,,,,,,,,,,,,,,,,,
1963718,欧州連合軍最高司令部,83564,23981,False,1,,,,,,,,,,,,,,,,,,,,,
1964400,四国二期会,26594,7277,False,0,,,,,,,,,,,,,,,,,,,,,
1968084,マノ川同盟,28174,7710,False,0,,,,,,,,,,,,,,,,,,,,,
1977239,仏瑞同盟,34004,10914,False,0,,,,,,,,,,,,,,,,,,,,,
1978388,世界ブールスポーツ連合,24744,7050,False,1,,,,,,,,,,,,,,,,,,,,,
1997667,モジャーヘディーネ・ハルグ,42152,11274,False,1,,,,,,,,,,,,,,,,,,,,,
2002197,中央アジア連合,161631,18176,False,0,,,,,,,,,,,,,,,,,,,,,
2004387,ヨーロッパ中期予報センター,46406,9686,False,0,,,,,,,,,,,,,,,,,,,,,
2008137,日米学生会議,32441,10258,False,0,,,,,,,,,,,,,,,,,,,,,
2009182,グローバル作物多様性トラスト,31351,10972,False,0,59,12,2,2,0,5,16,1,0,2,0,1,0,0,1,1,12,2,0,2,0
2009290,ルーム・トゥ・リード,38309,14540,False,1,,,,,,,,,,,,,,,,,,,,,
2025232,ラテンアメリカ統合連合,44137,9879,False,0,22,0,0,0,0,4,12,0,0,1,0,1,0,0,1,0,0,1,0,1,1
2025248,ラテンアメリカ議会,45583,10166,False,0,49,0,0,0,0,1,22,22,0,0,0,1,0,0,0,0,0,2,0,0,1
2026310,国際映画製作者連盟,53378,11602,False,0,,,,,,,,,,,,,,,,,,,,,
2036943,常設国際アルタイ学会,38733,15360,False,0,,,,,,,,,,,,,,,,,,,,,
2039335,国際スワップデリバティブ協会,22497,6181,False,0,,,,,,,,,,,,,,,,,,,,,
2040387,ユーログループ,139703,27912,False,0,51,0,4,9,0,23,0,0,0,7,0,1,0,0,0,0,3,2,0,2,0
2050696,海賊党インターナショナル,62250,14148,False,1,,,,,,,,,,,,,,,,,,,,,
2051326,国際解剖学会連合,39151,9630,False,0,,,,,,,,,,,,,,,,,,,,,
2052132,ワールド・ビジョン,65417,13377,False,1,,,,,,,,,,,,,,,,,,,,,
2055552,オリンピック冬季大会競技団体連合,38732,8546,False,0,,,,,,,,,,,,,,,,,,,,,
2056678,コード会,85386,20534,False,0,,,,,,,,,,,,,,,,,,,,,
2062398,中道民主インターナショナル,56046,12421,False,1,,,,,,,,,,,,,,,,,,,,,
2064284,欧州対外行動局,109376,31563,False,1,,,,,,,,,,,,,,,,,,,,,
2071084,国際宇宙空間研究委員会,52387,9456,False,0,,,,,,,,,,,,,,,,,,,,,
2071262,アジア太平洋宇宙協力機構,62544,11886,False,0,,,,,,,,,,,,,,,,,,,,,
2075856,ポルトガル語公用語アフリカ諸国,31172,8615,False,0,,,,,,,,,,,,,,,,,,,,,
2079266,オリンピック夏季大会競技団体連合,46983,9838,False,0,,,,,,,,,,,,,,,,,,,,,
2079775,インタースプートニク,32663,8032,False,0,43,0,0,0,0,1,36,1,0,0,0,1,0,0,0,0,2,1,0,1,0
2082619,イスラム開発銀行,23514,6612,False,0,23,0,0,0,0,2,10,1,0,2,0,2,0,0,1,1,2,1,0,1,0
2088578,国際宇宙航行連盟,21612,6403,False,0,,,,,,,,,,,,,,,,,,,,,
2095300,G15,49815,11070,False,1,59,0,0,0,0,2,42,3,0,0,0,3,0,0,0,0,3,1,0,4,1
2100942,世界ユダヤ人会議,34969,8900,False,0,,,,,,,,,,,,,,,,,,,,,
2101240,世界麻雀組織,32006,8735,False,1,,,,,,,,,,,,,,,,,,,,,
2107434,国際社会科学協議会,26015,7052,False,0,,,,,,,,,,,,,,,,,,,,,
2108834,シェンゲン圏,188392,85948,False,1,,,,,,,,,,,,,,,,,,,,,
2109783,欧州麻雀協会,29895,8728,False,1,,,,,,,,,,,,,,,,,,,,,
2131081,パンアメリカン柔道連盟,127351,15805,False,0,,,,,,,,,,,,,,,,,,,,,
2131083,アフリカ柔道連盟,123459,14012,False,0,,,,,,,,,,,,,,,,,,,,,
2131087,オセアニア柔道連盟,116571,13047,False,0,,,,,,,,,,,,,,,,,,,,,
2131103,ヨーロッパ柔道連盟,128325,15032,False,0,,,,,,,,,,,,,,,,,,,,,
2131105,アジア柔道連盟,122160,14586,False,0,,,,,,,,,,,,,,,,,,,,,
2152311,欧州航空航法安全機構,53113,14686,False,1,107,29,0,0,0,11,46,2,0,0,0,2,0,0,2,2,8,3,0,1,1
2154937,北朝鮮による拉致問題等に関する特別委員会,57520,15991,False,0,,,,,,,,,,,,,,,,,,,,,
2156372,国連宇宙空間平和利用委員会,74890,12557,False,0,,,,,,,,,,,,,,,,,,,,,
2158011,世界平和評議会,41544,11120,False,1,,,,,,,,,,,,,,,,,,,,,
2165832,国際連合イラク支援ミッション,22628,6830,False,0,,,,,,,,,,,,,,,,,,,,,
2168342,北海道弁護士会連合会,42645,8119,False,1,,,,,,,,,,,,,,,,,,,,,
2168374,近畿弁護士会連合会,41987,7671,False,1,,,,,,,,,,,,,,,,,,,,,
2178017,国連国際防災戦略,49783,13673,False,1,52,1,0,0,0,7,0,0,0,14,0,3,2,1,2,1,11,1,0,8,1
2185901,日本国際民間協力会,53781,19257,False,1,,,,,,,,,,,,,,,,,,,,,
2200695,国際宇宙航行アカデミー,26064,7470,False,0,,,,,,,,,,,,,,,,,,,,,
2209894,国際ジェンダー学会,27172,6816,False,0,,,,,,,,,,,,,,,,,,,,,
2215938,ロシア・プロレタリア音楽家同盟,23073,6617,False,0,,,,,,,,,,,,,,,,,,,,,
2220064,国際ゴルフ連盟,24357,6783,False,0,,,,,,,,,,,,,,,,,,,,,
2220360,国家社会主義者世界連合,46655,11648,False,0,,,,,,,,,,,,,,,,,,,,,
2223042,国際連合婦人開発基金,21062,5815,False,0,,,,,,,,,,,,,,,,,,,,,
2223288,ワールド・ダーツ・フェデレイション,91586,20088,False,0,,,,,,,,,,,,,,,,,,,,,
2223547,カリブ諸国連合,65917,12367,False,0,7,0,0,0,0,1,2,0,0,0,0,0,0,0,1,1,0,1,0,0,1
2258727,国際ビジネスコミュニケーション学会,25870,6682,False,0,,,,,,,,,,,,,,,,,,,,,
2260863,世界政治学会,30512,8035,False,0,,,,,,,,,,,,,,,,,,,,,
2262503,国際看護師協会,27119,7471,False,1,,,,,,,,,,,,,,,,,,,,,
2262598,ヨーロッパ学生連盟,30445,10644,False,1,,,,,,,,,,,,,,,,,,,,,
2266814,UNウィメン,65857,10438,False,1,20,0,1,1,0,1,0,0,0,0,0,3,8,2,1,1,0,1,0,1,0
2277353,アノニマス (集団),113955,31298,False,1,,,,,,,,,,,,,,,,,,,,,
2278758,民主主義者連盟,62079,12311,False,1,,,,,,,,,,,,,,,,,,,,,
2279961,国際連合地域開発センター,25328,7368,False,0,21,3,0,0,0,2,0,0,0,0,0,2,0,1,2,2,4,3,0,1,1
2284629,IOC承認国際競技団体連合,48755,11199,False,0,,,,,,,,,,,,,,,,,,,,,
2293668,アルジェリア宇宙庁,48852,8750,False,0,,,,,,,,,,,,,,,,,,,,,
2299968,Software Freedom Law Center,111826,23675,False,0,,,,,,,,,,,,,,,,,,,,,
2303278,国際オリエンテーリング連盟,30071,7777,False,1,,,,,,,,,,,,,,,,,,,,,
2303999,欧州クラブ協会,50209,15198,False,0,,,,,,,,,,,,,,,,,,,,,
2305941,国際歯科連盟,29559,8265,False,0,,,,,,,,,,,,,,,,,,,,,
2307667,プログラミング自由連盟,35795,9159,False,0,,,,,,,,,,,,,,,,,,,,,
2310925,自由権規約人権委員会,56164,15051,False,0,,,,,,,,,,,,,,,,,,,,,
2312794,オセアニア国内オリンピック委員会,46652,10146,False,0,,,,,,,,,,,,,,,,,,,,,
2316790,国際連合ウィーン事務局,52203,11960,False,1,,,,,,,,,,,,,,,,,,,,,
2317859,世界歴史都市連盟,51898,11449,False,1,,,,,,,,,,,,,,,,,,,,,
2318064,国際連合ナイロビ事務局,46460,10175,False,1,,,,,,,,,,,,,,,,,,,,,
2322852,国際農業開発基金,38000,8270,False,0,,,,,,,,,,,,,,,,,,,,,
2324483,クリラッド,24707,7531,False,0,,,,,,,,,,,,,,,,,,,,,
2324916,日本プロレタリア文化連盟,56335,11782,False,0,,,,,,,,,,,,,,,,,,,,,
2326989,国際協同組合同盟,139507,35342,False,0,,,,,,,,,,,,,,,,,,,,,
2330254,欧州連合衛星センター,33171,8640,False,1,,,,,,,,,,,,,,,,,,,,,
2330424,世界脳神経外科学会連盟,38731,11233,False,0,,,,,,,,,,,,,,,,,,,,,
2352788,神聖同盟 (1684年),27505,7399,False,0,,,,,,,,,,,,,,,,,,,,,
2354078,マクタブ・アル＝ヒダマト,28608,8607,False,0,,,,,,,,,,,,,,,,,,,,,
2357144,G4諸国,28832,9059,False,0,26,0,0,0,0,3,17,1,0,0,0,0,0,0,0,0,3,1,0,1,0
2361219,原子放射線の影響に関する国連科学委員会,61003,14785,False,1,38,1,1,0,0,17,0,0,0,0,0,2,1,4,2,1,4,2,0,3,0
2362250,国際裁判所,66289,14109,False,0,,,,,,,,,,,,,,,,,,,,,
2362420,フランス連合,45030,8833,False,0,7,0,0,0,0,1,1,0,0,1,1,0,0,0,0,0,0,2,0,0,1
2362475,国際薬剤師・薬学連合,24215,6622,False,0,,,,,,,,,,,,,,,,,,,,,
2362903,世界新聞協会,32546,11561,False,0,,,,,,,,,,,,,,,,,,,,,
2363037,国際新聞編集者協会,41412,11978,False,1,,,,,,,,,,,,,,,,,,,,,
2371604,国際法委員会,69892,21795,False,1,,,,,,,,,,,,,,,,,,,,,
2374132,国際連合国際商取引法委員会,64265,17694,False,1,,,,,,,,,,,,,,,,,,,,,
2374531,国際インディアン条約会議,28001,8693,False,0,,,,,,,,,,,,,,,,,,,,,
2377429,国際自由労働組合総連盟,27539,8842,False,0,,,,,,,,,,,,,,,,,,,,,
2382363,国際救急医学連盟,27542,7850,False,0,,,,,,,,,,,,,,,,,,,,,
2389828,国際近代五種連合,34602,7822,False,1,,,,,,,,,,,,,,,,,,,,,
2408814,政府間開発機構,25965,7135,False,0,20,0,0,0,0,2,8,1,0,0,0,2,1,0,0,1,1,1,0,2,1
2410383,ノーニュークス・アジア・フォーラム,68480,15152,False,0,,,,,,,,,,,,,,,,,,,,,
2414041,中部アフリカ経済通貨共同体,29274,8018,False,0,,,,,,,,,,,,,,,,,,,,,
2414224,リビア連絡調整グループ,101209,18514,False,0,17,0,0,0,0,6,0,0,0,0,0,1,0,0,0,0,6,1,0,2,1
2436818,国際連合南スーダン派遣団,51334,14162,False,1,,,,,,,,,,,,,,,,,,,,,
2443422,ユーラシア連合,96798,22866,False,0,,,,,,,,,,,,,,,,,,,,,
2445532,世界がん研究基金,22386,6572,False,0,,,,,,,,,,,,,,,,,,,,,
2447915,国際難民機関,44495,10876,False,0,20,0,2,1,0,7,0,0,0,1,2,1,0,1,0,0,0,1,2,1,1
2450016,国際バンディ連盟,43777,9415,False,0,,,,,,,,,,,,,,,,,,,,,
2460026,国際K-1連盟,28476,8814,False,0,,,,,,,,,,,,,,,,,,,,,
2465181,黒海経済協力機構,68859,16463,False,1,,,,,,,,,,,,,,,,,,,,,
2472926,先住民作業部会,23528,6901,False,0,,,,,,,,,,,,,,,,,,,,,
2476925,ラテンアメリカ・カリブ諸国共同体,64434,14224,False,0,,,,,,,,,,,,,,,,,,,,,
2488406,国際学生連盟,32500,8735,False,0,,,,,,,,,,,,,,,,,,,,,
2505191,北極評議会,34516,9407,False,0,36,0,0,0,0,4,13,2,6,2,0,1,3,0,1,1,0,1,0,1,1
2511957,地域特別気象中枢,108243,26705,False,0,,,,,,,,,,,,,,,,,,,,,
2512223,国際医学生連盟,32315,11151,False,0,,,,,,,,,,,,,,,,,,,,,
2512678,世界空域予報中枢,41133,9602,False,0,,,,,,,,,,,,,,,,,,,,,
2512685,世界気象中枢,39218,8904,False,0,,,,,,,,,,,,,,,,,,,,,
2525893,経済的、社会的及び文化的権利委員会,122380,40412,False,1,,,,,,,,,,,,,,,,,,,,,
2549186,ジェロントロジー・リサーチ・グループ,58574,16254,False,0,,,,,,,,,,,,,,,,,,,,,
2553084,国際合気道連盟,23678,6366,False,0,,,,,,,,,,,,,,,,,,,,,
2569155,金融安定理事会,44898,9689,False,0,93,1,1,2,0,2,0,0,79,0,0,1,2,0,0,1,1,2,0,0,1
2571614,国際博物館会議,35137,11392,False,0,,,,,,,,,,,,,,,,,,,,,
2573060,日中経営者フォーラム,45660,15409,False,0,,,,,,,,,,,,,,,,,,,,,
2575486,欧州食品安全機関,27628,7828,False,1,17,0,0,0,0,5,0,0,0,0,0,2,0,2,2,2,1,2,0,0,1
2579351,北アメリカサッカー連合,116198,13397,False,0,,,,,,,,,,,,,,,,,,,,,
2579357,カリブ海サッカー連合,129505,15180,False,0,,,,,,,,,,,,,,,,,,,,,
2580575,国際ピアノ製造技師調律師協会,34778,9721,False,0,,,,,,,,,,,,,,,,,,,,,
2582412,国際人権連盟,47502,12378,False,1,,,,,,,,,,,,,,,,,,,,,
2584585,アジア福音同盟,43690,9053,False,0,,,,,,,,,,,,,,,,,,,,,
2586948,ヨーロピアン・スポーツ・メディア,108974,19705,False,0,,,,,,,,,,,,,,,,,,,,,
2590747,国際造園家連盟,27105,11122,False,0,,,,,,,,,,,,,,,,,,,,,
2594888,欧州宇宙運用センター,38868,9839,False,1,,,,,,,,,,,,,,,,,,,,,
2595828,欧州水泳連盟,46179,11349,False,0,,,,,,,,,,,,,,,,,,,,,
2600013,北アフリカサッカー連合,151260,15916,False,1,,,,,,,,,,,,,,,,,,,,,
2600032,西アフリカサッカー連合,155836,16411,False,1,,,,,,,,,,,,,,,,,,,,,
2600039,南部アフリカサッカー協会評議会,152393,16027,False,1,,,,,,,,,,,,,,,,,,,,,
2600151,東部・中部アフリカサッカー協会評議会,147321,15045,False,1,,,,,,,,,,,,,,,,,,,,,
2610541,国際コーフボール連盟,24829,6613,False,0,,,,,,,,,,,,,,,,,,,,,
2610543,国際サーフィン連盟,22578,6110,False,0,,,,,,,,,,,,,,,,,,,,,
2616231,台風委員会,31313,7703,False,0,,,,,,,,,,,,,,,,,,,,,
2619456,国際赤色救援会,33773,9717,False,0,,,,,,,,,,,,,,,,,,,,,
2619892,世界民主青年連盟,44348,13118,False,1,,,,,,,,,,,,,,,,,,,,,
2621964,世界新教育連盟,37179,14002,False,0,,,,,,,,,,,,,,,,,,,,,
2626111,欧州職業訓練開発センター,83068,17114,False,1,29,1,0,0,0,7,0,0,0,0,0,3,0,1,3,3,7,1,0,2,1
2626113,欧州薬物・薬物依存監視センター,30388,9512,False,1,,,,,,,,,,,,,,,,,,,,,
2631739,労働社会主義インターナショナル,101654,19055,False,1,,,,,,,,,,,,,,,,,,,,,
2635151,アジア学術会議,41343,13911,False,0,28,0,1,3,0,4,1,1,2,0,0,2,0,0,0,1,6,2,0,5,0
2638872,欧州連合軍事参謀部,38978,11862,False,1,,,,,,,,,,,,,,,,,,,,,
2643316,欧州警察大学校,24957,8099,False,1,29,2,2,4,0,5,0,0,0,0,0,3,0,4,3,2,1,1,0,1,1
2643317,欧州医薬品庁,24528,7358,False,1,,,,,,,,,,,,,,,,,,,,,
2647374,オセアニア大陸ハンドボール連盟,70899,10442,False,1,,,,,,,,,,,,,,,,,,,,,
2647483,アフリカハンドボール連盟,158245,18170,False,1,,,,,,,,,,,,,,,,,,,,,
2647522,パンアメリカンハンドボール連盟,92964,12000,False,1,,,,,,,,,,,,,,,,,,,,,
2651697,国際フロアボール連盟,20807,5600,False,0,,,,,,,,,,,,,,,,,,,,,
2653601,SOS子供の村,40142,11713,False,0,,,,,,,,,,,,,,,,,,,,,
2655527,欧州海上保安機関,27671,8863,False,1,,,,,,,,,,,,,,,,,,,,,
2655528,欧州航空安全機関,32330,10432,False,1,32,0,0,0,0,6,0,0,0,2,0,2,2,2,2,2,11,1,0,1,1
2655529,欧州全地球航法衛星システム監督庁,26179,7450,False,1,,,,,,,,,,,,,,,,,,,,,
2660984,共産主義青年インターナショナル,31007,8779,False,1,,,,,,,,,,,,,,,,,,,,,
2667302,欧州対外国境管理協力機関,39128,12612,False,1,37,0,0,0,0,5,0,0,0,1,0,1,0,7,2,2,11,7,0,0,1
2667319,コモンウェルス戦争墓地委員会,129690,46863,False,1,,,,,,,,,,,,,,,,,,,,,
2671365,国際連合シリア監視団,34095,8716,False,1,,,,,,,,,,,,,,,,,,,,,
2675560,欧州化学機関,32518,10571,False,1,,,,,,,,,,,,,,,,,,,,,
2675562,欧州基本権機関,31331,9654,False,1,29,0,0,0,0,5,0,0,0,1,0,2,5,3,2,2,3,2,0,3,1
2677311,コミンテルン執行委員会,30583,9607,False,0,,,,,,,,,,,,,,,,,,,,,
2690659,Rec.Sport.Soccer Statistics Foundation,32569,8994,False,0,,,,,,,,,,,,,,,,,,,,,
2690953,欧州システミックリスク理事会,28574,8808,False,1,,,,,,,,,,,,,,,,,,,,,
2690954,欧州銀行監督局,27352,7859,False,1,,,,,,,,,,,,,,,,,,,,,
2690955,欧州証券市場監督局,27341,7929,False,1,,,,,,,,,,,,,,,,,,,,,
2690956,欧州保険・企業年金監督局,29397,9193,False,1,,,,,,,,,,,,,,,,,,,,,
2723000,国際空港評議会,36336,10229,False,0,,,,,,,,,,,,,,,,,,,,,
2726018,大西洋まぐろ類保存国際委員会,34944,8521,False,0,,,,,,,,,,,,,,,,,,,,,
2732955,ユニ・グローバル・ユニオン,37072,11458,False,1,,,,,,,,,,,,,,,,,,,,,
2747974,テュルク評議会,49545,12461,False,1,,,,,,,,,,,,,,,,,,,,,
2760275,バルト海諸国理事会,38989,10249,False,1,,,,,,,,,,,,,,,,,,,,,
2764494,世界野球ソフトボール連盟,254923,44969,False,1,,,,,,,,,,,,,,,,,,,,,
2769424,高麗共産青年会,26967,7746,False,0,,,,,,,,,,,,,,,,,,,,,
2775134,国際連合マリ多元統合安定化ミッション,32444,8916,False,1,,,,,,,,,,,,,,,,,,,,,
2780142,OSGeo財団,28928,8365,False,1,,,,,,,,,,,,,,,,,,,,,
2780306,Flags of the World,37273,11186,False,1,,,,,,,,,,,,,,,,,,,,,
2782927,三国協力事務局,43872,11237,False,0,29,0,1,1,0,5,6,1,0,1,0,2,0,0,1,0,8,1,0,1,1
2790859,ABDA司令部,27619,7752,False,0,,,,,,,,,,,,,,,,,,,,,
2791629,国際科学技術センター,30050,7867,False,0,22,0,0,0,0,4,12,0,1,0,0,0,0,0,0,1,0,1,0,2,1
2792936,世界躰道連盟,22283,6277,False,0,,,,,,,,,,,,,,,,,,,,,
2806365,中央アメリカ大共和国,30790,8162,False,0,,,,,,,,,,,,,,,,,,,,,
2808803,アジアバドミントン連盟,54759,10364,False,1,,,,,,,,,,,,,,,,,,,,,
2817435,国際アラブ競馬連盟,36527,9017,False,0,,,,,,,,,,,,,,,,,,,,,
2818373,国際測地学協会,29919,7976,False,1,,,,,,,,,,,,,,,,,,,,,
2833237,世界自由民主連盟,75851,17811,False,0,,,,,,,,,,,,,,,,,,,,,
2845257,アラブ国家連合,33301,9751,False,0,,,,,,,,,,,,,,,,,,,,,
2848062,フランス共同体,50608,10226,False,0,,,,,,,,,,,,,,,,,,,,,
2854805,世界遺産センター,39890,13741,False,0,,,,,,,,,,,,,,,,,,,,,
2859042,グラナダ連合,35345,8830,False,0,,,,,,,,,,,,,,,,,,,,,
2869172,シリアの友人たち,81505,16573,False,0,48,0,0,0,0,4,32,0,10,0,0,1,0,0,0,0,1,0,0,0,0
2888992,アフリカ諸国連合,30868,8989,False,0,57,0,0,0,3,6,31,1,0,0,0,6,0,0,0,0,1,3,4,1,1
2892617,MISCA,23949,6958,False,0,,,,,,,,,,,,,,,,,,,,,
2901873,国際図書館連盟,27546,7517,False,0,,,,,,,,,,,,,,,,,,,,,
2918014,国際なぎなた連盟,34760,10711,False,1,,,,,,,,,,,,,,,,,,,,,
2920024,米国コヤマダ国際機構,84701,23346,False,1,,,,,,,,,,,,,,,,,,,,,
2922569,ザンガー委員会,38981,12881,False,0,73,0,1,5,0,2,48,2,2,2,0,1,0,0,1,0,5,2,0,1,1
2924002,ABC強国,23061,6213,False,0,,,,,,,,,,,,,,,,,,,,,
2927952,欧州通貨機構,29161,8999,False,0,29,0,1,1,0,3,0,0,0,0,4,2,0,0,1,1,11,1,0,3,1
2929883,国際海底機構,27783,7732,False,0,14,0,0,0,0,2,0,0,0,3,0,1,0,0,1,1,3,1,0,1,1
2936769,国際グラフィック連盟,21791,6009,False,0,,,,,,,,,,,,,,,,,,,,,
2960382,民主主義と民族の権利のための共同体,42176,10228,False,0,21,0,0,0,0,2,15,0,0,0,0,1,0,0,0,0,2,1,0,0,0
2965853,国際会議協会,24838,7122,False,0,,,,,,,,,,,,,,,,,,,,,
2965932,国際団体連合,42439,10221,False,0,,,,,,,,,,,,,,,,,,,,,
2985222,大陸棚限界委員会,22669,7131,False,0,14,0,0,0,0,2,0,0,0,5,0,0,0,1,0,0,3,2,0,0,1
2993714,アジア相互協力信頼醸成措置会議,66068,14390,False,0,42,0,0,0,0,4,28,1,0,1,0,1,0,0,2,1,0,2,0,1,1
3003959,文明の同盟,69701,25735,False,1,,,,,,,,,,,,,,,,,,,,,
3027461,新開発銀行,69075,16772,False,1,,,,,,,,,,,,,,,,,,,,,
3032262,アジア生産性機構,33750,10045,False,1,,,,,,,,,,,,,,,,,,,,,
3033942,中央アメリカ・カリブ陸上競技連盟,69051,12187,False,1,,,,,,,,,,,,,,,,,,,,,
3033943,中央アメリカ陸上競技連盟,54689,9566,False,1,,,,,,,,,,,,,,,,,,,,,
3036075,国内人権機関,24566,7790,False,0,,,,,,,,,,,,,,,,,,,,,
3041865,進歩のための同盟,70970,21565,False,0,,,,,,,,,,,,,,,,,,,,,
3046203,ユーラシア関税同盟,57643,14891,False,0,,,,,,,,,,,,,,,,,,,,,
3051446,国際輸出管理レジーム,36501,12041,False,0,,,,,,,,,,,,,,,,,,,,,
3053972,国際マルクス＝エンゲルス財団,32951,8607,False,0,,,,,,,,,,,,,,,,,,,,,
3062879,国際マラソン・ロードレース協会,34105,10510,False,1,,,,,,,,,,,,,,,,,,,,,
3068368,国際民主婦人連盟,29180,7884,False,0,,,,,,,,,,,,,,,,,,,,,
3071822,フリーダム・ハウス,27175,7200,False,1,,,,,,,,,,,,,,,,,,,,,
3084757,国際ソロプチミスト,20927,5693,False,0,,,,,,,,,,,,,,,,,,,,,
3089290,ユーラシア経済連合,96947,18481,False,0,34,0,0,0,4,8,15,0,0,0,0,3,1,0,0,0,1,1,0,0,1
3122151,世界司厨士協会連盟,52549,12278,False,0,,,,,,,,,,,,,,,,,,,,,
3136626,中央アジアサッカー協会,281101,23996,False,1,,,,,,,,,,,,,,,,,,,,,
3144903,国際革命作家同盟,34116,9117,False,0,,,,,,,,,,,,,,,,,,,,,
3152479,ヨーロッパ動物園・水族館協会,40432,9574,False,1,,,,,,,,,,,,,,,,,,,,,
3152953,アジアインフラ投資銀行,272943,57390,False,1,,,,,,,,,,,,,,,,,,,,,
3154303,トルコ赤新月社,126699,28102,False,0,,,,,,,,,,,,,,,,,,,,,
3190691,駐日外国政府観光局協議会,48692,14101,False,1,,,,,,,,,,,,,,,,,,,,,
3208646,アジア太平洋ジオパークネットワーク,27400,7565,False,0,,,,,,,,,,,,,,,,,,,,,
3214593,世界動物園水族館協会,34119,8416,False,1,,,,,,,,,,,,,,,,,,,,,
3224712,CrossRef,36348,11468,False,0,,,,,,,,,,,,,,,,,,,,,
3256858,外相理事会,30127,10158,False,0,34,0,0,0,0,1,12,0,0,2,0,0,0,0,0,0,14,5,0,0,0
3259818,薬物政策国際委員会,44738,10829,False,0,,,,,,,,,,,,,,,,,,,,,
3262230,世界ボウリング連盟,24228,6906,False,0,,,,,,,,,,,,,,,,,,,,,
3268359,国際連合法務部,41891,9562,False,0,26,12,1,2,0,3,0,0,0,0,0,1,0,2,0,0,3,1,0,0,1
3289648,ラテン通貨同盟,67587,21650,False,0,,,,,,,,,,,,,,,,,,,,,
3294957,世界宗教者平和会議,39890,9218,False,1,,,,,,,,,,,,,,,,,,,,,
3300573,世界モータースポーツ評議会,24347,6769,False,0,,,,,,,,,,,,,,,,,,,,,
3324557,国際連合広報局,44985,10109,False,1,29,10,0,0,0,4,0,0,0,0,0,0,0,4,1,1,4,2,0,2,1
3338180,国際ローラースポーツ連盟,27313,7411,False,0,,,,,,,,,,,,,,,,,,,,,
3361134,東南部アフリカ市場共同体,65704,13707,False,0,54,0,0,0,0,7,30,1,0,0,0,2,2,2,1,1,2,5,0,0,1
3364754,国際会計士連盟,27753,7945,False,1,,,,,,,,,,,,,,,,,,,,,
3371114,在日航空会社代表者協議会,26747,7707,False,0,,,,,,,,,,,,,,,,,,,,,
3404526,国際かんがい排水委員会,44023,11611,False,0,,,,,,,,,,,,,,,,,,,,,
3405818,証券監督者国際機構,32379,10068,False,1,43,0,2,1,4,9,0,0,16,0,0,1,0,0,2,2,2,2,0,2,0
3426681,ヨーロッパ支払同盟,30913,10087,False,0,,,,,,,,,,,,,,,,,,,,,
3441544,国際法曹協会,26442,7423,False,0,,,,,,,,,,,,,,,,,,,,,
3447980,共産党・労働者党国際会議,89969,14129,False,1,,,,,,,,,,,,,,,,,,,,,
3455991,ヴァルダイ・クラブ,58715,22761,False,0,,,,,,,,,,,,,,,,,,,,,
3463021,国際医学団体協議会,29315,8958,False,0,,,,,,,,,,,,,,,,,,,,,
3465172,国際熱帯木材機関,54715,11407,False,1,,,,,,,,,,,,,,,,,,,,,
3478929,東アジア文化交渉学会,33793,8241,False,0,,,,,,,,,,,,,,,,,,,,,
3509544,国際政党組織,42743,9855,False,0,,,,,,,,,,,,,,,,,,,,,
3513315,MIKTA,31014,8053,False,0,,,,,,,,,,,,,,,,,,,,,
3522271,三国同盟 (1668年),29905,7789,False,0,,,,,,,,,,,,,,,,,,,,,
3543709,国際ラグビーリーグ連盟,32598,8495,False,1,,,,,,,,,,,,,,,,,,,,,
3543786,国際年齢評価連合,25434,7395,False,0,,,,,,,,,,,,,,,,,,,,,
3546558,ユンケル委員会,72364,14490,False,0,26,0,10,4,0,1,1,0,0,0,0,2,0,6,0,0,0,1,1,0,0
3562976,世界エネルギー会議,29611,8041,False,0,13,0,1,2,0,6,0,0,0,0,0,1,0,0,0,0,1,1,0,0,1
3575685,万国電信連合,53451,15527,False,0,55,0,1,2,1,2,22,1,0,0,6,3,7,0,2,2,1,3,1,0,1
3575729,北大西洋理事会,33949,8274,False,0,19,3,0,0,0,5,0,0,0,1,0,0,0,3,0,0,2,2,0,2,1
3611828,ヒト遺伝子解析機構,27831,7681,False,1,,,,,,,,,,,,,,,,,,,,,
3616702,露普同盟,52754,13142,False,0,,,,,,,,,,,,,,,,,,,,,
3619559,国際報時局,22553,6987,False,0,21,0,0,0,0,2,0,0,0,0,6,1,0,6,1,0,3,1,0,0,1
3629165,投資紛争解決国際センター,32238,8171,False,0,15,0,0,0,0,4,1,1,0,1,0,1,0,2,1,1,1,1,0,1,0
3648783,ラテンアメリカ・カリブ政党常設会議,61902,10978,False,1,,,,,,,,,,,,,,,,,,,,,
3683313,ラティウム同盟,33255,10223,False,1,,,,,,,,,,,,,,,,,,,,,
3685455,核兵器廃絶国際キャンペーン,49115,12315,False,2,,,,,,,,,,,,,,,,,,,,,
