page_id,title,html_file_size,text_file_size,is_disambiguation_page,infobox_count,num_annotations,公園,別名,動物,名前の謂れ,周囲長,国,国内位置,島,幅,平均水深,座標・経度,座標・緯度,形成時期,成因,所在地,最大水深,植物,構成する湖沼,橋・トンネル,水深,水質（淡水・汽水）,水面標高,流入・流出河川,湖岸の地域区分,産業,種類,観光地,読み,貯水量,透明度,長さ,面積
1522,佐鳴湖,88446,24320,False,1,102,7,0,40,0,1,1,0,0,0,2,6,6,1,2,3,2,2,0,0,1,1,1,8,0,2,3,9,1,1,1,0,1
2616,田沢湖,99277,26820,False,1,,,,,,,,,,,,,,,,,,,,,,,,,,,,,,,,,
9322,琵琶湖,153227,39302,False,1,,,,,,,,,,,,,,,,,,,,,,,,,,,,,,,,,
13159,芦ノ湖,107724,17761,False,1,51,0,0,15,0,1,1,0,0,0,1,4,4,1,2,3,1,0,0,0,0,1,1,2,7,1,3,0,1,0,1,0,1
25559,浜名湖,86674,20218,False,1,,,,,,,,,,,,,,,,,,,,,,,,,,,,,,,,,
26756,河北潟,69842,14162,False,1,,,,,,,,,,,,,,,,,,,,,,,,,,,,,,,,,
26847,富士五湖,56511,14633,False,1,,,,,,,,,,,,,,,,,,,,,,,,,,,,,,,,,
26853,山中湖,89099,17359,False,1,,,,,,,,,,,,,,,,,,,,,,,,,,,,,,,,,
27096,阿寒湖,99073,21770,False,1,,,,,,,,,,,,,,,,,,,,,,,,,,,,,,,,,
27133,屈斜路湖,95407,24109,False,1,,,,,,,,,,,,,,,,,,,,,,,,,,,,,,,,,
27152,サロマ湖,75718,18809,False,1,67,1,2,7,2,1,0,0,0,0,1,4,4,1,3,3,1,3,0,0,0,1,1,17,3,2,5,0,1,1,1,0,2
27167,支笏湖,92729,20711,False,1,,,,,,,,,,,,,,,,,,,,,,,,,,,,,,,,,
27168,洞爺湖,102355,24419,False,1,,,,,,,,,,,,,,,,,,,,,,,,,,,,,,,,,
30075,五色沼 (仙台市),42167,10611,False,2,,,,,,,,,,,,,,,,,,,,,,,,,,,,,,,,,
35385,湖山池,64062,12611,False,1,,,,,,,,,,,,,,,,,,,,,,,,,,,,,,,,,
35386,十三湖,102109,25071,False,1,,,,,,,,,,,,,,,,,,,,,,,,,,,,,,,,,
41060,摩周湖,109779,25614,False,1,,,,,,,,,,,,,,,,,,,,,,,,,,,,,,,,,
41077,五大湖,121436,40911,False,0,,,,,,,,,,,,,,,,,,,,,,,,,,,,,,,,,
50919,渡良瀬遊水地,129133,34416,False,1,89,0,4,3,0,0,0,0,0,0,0,1,1,1,0,5,0,5,27,0,0,0,0,10,25,0,3,0,1,1,0,0,2
54796,カスピ海,144703,51455,False,1,,,,,,,,,,,,,,,,,,,,,,,,,,,,,,,,,
56095,霞ヶ浦,144096,48362,False,1,297,0,4,126,1,2,1,0,0,0,3,4,4,1,3,11,2,11,45,5,0,2,1,6,33,15,7,4,1,2,1,0,2
57117,スペリオル湖,57255,12719,False,1,,,,,,,,,,,,,,,,,,,,,,,,,,,,,,,,,
65887,梁山泊,28097,9511,False,0,13,0,2,0,1,0,1,0,0,0,0,2,2,0,0,2,0,0,0,0,0,0,0,1,0,0,1,0,1,0,0,0,0
66374,死海,87881,25037,False,1,,,,,,,,,,,,,,,,,,,,,,,,,,,,,,,,,
68561,尾瀬沼,64626,11846,False,0,,,,,,,,,,,,,,,,,,,,,,,,,,,,,,,,,
71073,諏訪湖,128207,35360,False,1,192,3,0,123,0,1,1,0,2,0,1,4,4,1,3,3,1,4,0,0,0,1,1,1,0,7,6,20,1,2,1,0,1
71807,河口湖,94111,19107,False,1,,,,,,,,,,,,,,,,,,,,,,,,,,,,,,,,,
77298,モエレ沼,57390,11494,False,1,38,3,0,0,1,1,0,0,0,0,1,4,4,0,2,2,1,0,0,4,0,1,2,3,1,1,2,1,1,0,1,0,2
84160,網走湖,68583,14033,False,1,49,1,0,9,0,1,0,0,0,0,1,2,3,1,2,3,1,2,0,0,0,1,2,8,1,3,2,3,1,0,1,0,1
93629,八郎潟,82942,19520,False,1,83,0,3,7,1,1,1,0,0,0,0,4,4,0,2,3,1,1,12,0,0,1,1,26,5,2,5,0,1,0,1,0,1
95555,チチカカ湖,52620,16551,False,1,,,,,,,,,,,,,,,,,,,,,,,,,,,,,,,,,
97785,オンタリオ湖,56627,11525,False,1,,,,,,,,,,,,,,,,,,,,,,,,,,,,,,,,,
105598,ヴィクトリア湖,106356,42973,False,1,,,,,,,,,,,,,,,,,,,,,,,,,,,,,,,,,
110495,タンガニーカ湖,107830,47272,False,1,,,,,,,,,,,,,,,,,,,,,,,,,,,,,,,,,
110908,コモ湖,43313,14018,False,1,,,,,,,,,,,,,,,,,,,,,,,,,,,,,,,,,
110928,マッジョーレ湖,37840,8706,False,1,,,,,,,,,,,,,,,,,,,,,,,,,,,,,,,,,
118189,マラカイボ湖,38479,10280,False,1,46,0,1,0,0,0,4,1,0,2,0,6,6,0,1,0,1,2,0,0,0,2,1,8,0,2,2,0,1,1,0,3,2
120711,倶多楽湖,100804,18618,False,1,,,,,,,,,,,,,,,,,,,,,,,,,,,,,,,,,
122277,テスココ湖,29928,8083,False,0,,,,,,,,,,,,,,,,,,,,,,,,,,,,,,,,,
132628,ウトナイ湖,80848,16408,False,1,,,,,,,,,,,,,,,,,,,,,,,,,,,,,,,,,
134839,風蓮湖,87601,15336,False,1,,,,,,,,,,,,,,,,,,,,,,,,,,,,,,,,,
135689,瓢湖,47526,11332,False,1,,,,,,,,,,,,,,,,,,,,,,,,,,,,,,,,,
137632,大沼 (七飯町),105696,18861,False,1,,,,,,,,,,,,,,,,,,,,,,,,,,,,,,,,,
141157,加茂湖,60491,11132,False,1,,,,,,,,,,,,,,,,,,,,,,,,,,,,,,,,,
141263,鷹架沼,82432,19654,False,1,,,,,,,,,,,,,,,,,,,,,,,,,,,,,,,,,
143182,木崎湖,86174,21565,False,1,,,,,,,,,,,,,,,,,,,,,,,,,,,,,,,,,
145483,十和田湖,127395,28554,False,1,95,2,1,28,0,1,1,0,0,0,1,6,6,0,3,6,3,2,8,0,1,1,1,2,3,4,3,8,1,1,1,0,1
145876,猪苗代湖,93925,18986,False,1,,,,,,,,,,,,,,,,,,,,,,,,,,,,,,,,,
148257,知床五湖,64149,15266,False,0,,,,,,,,,,,,,,,,,,,,,,,,,,,,,,,,,
148930,バイカル湖,168305,45616,False,2,,,,,,,,,,,,,,,,,,,,,,,,,,,,,,,,,
153095,アラル海,155652,42220,False,1,175,0,5,30,1,0,21,0,8,0,0,4,4,2,0,4,0,2,37,0,0,3,0,25,6,16,4,0,1,0,0,0,2
153274,野尻湖,104236,27338,False,1,,,,,,,,,,,,,,,,,,,,,,,,,,,,,,,,,
153479,チャド湖,36439,10789,False,0,,,,,,,,,,,,,,,,,,,,,,,,,,,,,,,,,
157817,厚岸湖,74556,13908,False,1,,,,,,,,,,,,,,,,,,,,,,,,,,,,,,,,,
158111,クッチャロ湖,79652,15646,False,1,,,,,,,,,,,,,,,,,,,,,,,,,,,,,,,,,
158333,大沼 (稚内市),64778,12798,False,1,,,,,,,,,,,,,,,,,,,,,,,,,,,,,,,,,
158403,オコタンペ湖,63632,12546,False,1,,,,,,,,,,,,,,,,,,,,,,,,,,,,,,,,,
158592,オンネトー,77424,17030,False,1,,,,,,,,,,,,,,,,,,,,,,,,,,,,,,,,,
159207,エリー湖,58998,13424,False,1,90,1,2,6,0,1,2,0,24,0,2,4,4,0,1,6,1,0,0,0,0,1,1,14,10,1,3,0,1,2,1,0,2
159245,ミシガン湖,55555,11729,False,1,,,,,,,,,,,,,,,,,,,,,,,,,,,,,,,,,
159251,ヒューロン湖,52327,10772,False,1,,,,,,,,,,,,,,,,,,,,,,,,,,,,,,,,,
159763,コムケ湖,61619,11798,False,1,,,,,,,,,,,,,,,,,,,,,,,,,,,,,,,,,
160597,然別湖,72741,15576,False,1,,,,,,,,,,,,,,,,,,,,,,,,,,,,,,,,,
161728,油ヶ淵,61953,11883,False,1,,,,,,,,,,,,,,,,,,,,,,,,,,,,,,,,,
165996,北潟湖,71777,14986,False,1,,,,,,,,,,,,,,,,,,,,,,,,,,,,,,,,,
172318,チミケップ湖,65557,13254,False,1,,,,,,,,,,,,,,,,,,,,,,,,,,,,,,,,,
172780,鳥屋野潟,73956,16002,False,1,,,,,,,,,,,,,,,,,,,,,,,,,,,,,,,,,
173836,ガルダ湖,39919,9919,False,1,,,,,,,,,,,,,,,,,,,,,,,,,,,,,,,,,
175644,トンネウス沼,24722,7824,False,0,,,,,,,,,,,,,,,,,,,,,,,,,,,,,,,,,
182074,宍道湖,101907,22650,False,1,107,0,2,30,0,2,1,0,2,1,1,4,4,1,3,3,1,2,0,1,0,1,1,10,1,2,7,21,1,1,2,1,1
183004,ネス湖,34419,8559,False,1,,,,,,,,,,,,,,,,,,,,,,,,,,,,,,,,,
183867,中禅寺湖,87395,20206,False,1,,,,,,,,,,,,,,,,,,,,,,,,,,,,,,,,,
184084,佐潟,69844,12527,False,1,,,,,,,,,,,,,,,,,,,,,,,,,,,,,,,,,
185500,加賀三湖,79884,17317,False,3,,,,,,,,,,,,,,,,,,,,,,,,,,,,,,,,,
189813,忍野八海,100207,21838,False,0,61,0,4,0,1,0,0,0,0,0,0,0,0,0,2,1,0,1,27,0,0,0,0,0,0,2,1,21,1,0,0,0,0
192149,ペケレット湖,54914,10148,False,1,19,0,2,0,1,0,1,0,0,0,0,4,4,0,0,2,1,0,0,0,0,0,1,0,0,0,1,0,1,0,0,0,1
192531,ヴァン湖,62425,18006,False,1,,,,,,,,,,,,,,,,,,,,,,,,,,,,,,,,,
192607,バルハシ湖,29075,7870,False,0,21,0,2,0,0,0,1,1,0,1,1,0,0,0,0,2,1,0,0,0,0,1,1,1,3,0,3,0,0,1,0,1,1
192615,ザイサン湖,28988,7404,False,1,,,,,,,,,,,,,,,,,,,,,,,,,,,,,,,,,
192643,タナ湖,24669,6954,False,0,12,0,0,0,0,0,1,1,0,0,0,1,1,0,0,0,1,0,0,0,0,1,1,1,0,1,2,0,0,0,0,0,1
192660,アルバート湖,37573,9521,False,1,,,,,,,,,,,,,,,,,,,,,,,,,,,,,,,,,
193471,イシク・クル,36513,9907,False,1,,,,,,,,,,,,,,,,,,,,,,,,,,,,,,,,,
194209,洗足池,75477,16533,False,1,,,,,,,,,,,,,,,,,,,,,,,,,,,,,,,,,
194422,オルーミーイェ湖,31817,8330,False,1,24,0,1,0,0,0,4,1,0,0,1,4,4,0,0,0,2,0,0,0,0,1,0,0,2,0,1,0,0,1,0,0,2
196415,片野鴨池,63801,12474,False,1,,,,,,,,,,,,,,,,,,,,,,,,,,,,,,,,,
196428,印旛沼,89914,21216,False,1,,,,,,,,,,,,,,,,,,,,,,,,,,,,,,,,,
196689,手賀沼,101509,24492,False,1,,,,,,,,,,,,,,,,,,,,,,,,,,,,,,,,,
197195,ラドガ湖,37014,8962,False,1,42,0,4,1,0,1,11,0,0,0,1,4,4,0,1,4,1,0,0,0,0,1,1,3,0,0,1,0,1,1,1,0,1
197883,ヴィシュティーティス湖,32014,8213,False,0,18,0,6,0,0,0,5,0,0,0,0,2,2,0,0,1,0,0,0,0,0,0,0,0,0,0,1,0,0,0,0,0,1
197920,オネガ湖,35122,8648,False,1,48,0,4,0,0,0,5,1,4,0,0,6,6,0,1,2,2,0,0,0,2,1,1,1,3,0,2,4,0,1,0,0,2
199080,牛久沼,65029,12342,False,1,,,,,,,,,,,,,,,,,,,,,,,,,,,,,,,,,
204596,ロプノール,65274,24741,False,0,,,,,,,,,,,,,,,,,,,,,,,,,,,,,,,,,
208481,セントクレア湖 (北米),51013,10530,False,1,,,,,,,,,,,,,,,,,,,,,,,,,,,,,,,,,
208546,グレートベア湖,31899,8249,False,1,,,,,,,,,,,,,,,,,,,,,,,,,,,,,,,,,
208552,グレートスレーブ湖,38503,9556,False,1,36,0,4,0,2,1,3,0,0,1,1,0,0,0,1,4,2,0,0,0,0,1,1,4,4,1,1,0,1,1,0,1,2
208762,アサバスカ湖,32262,10223,False,0,23,0,1,0,2,0,3,0,0,0,1,3,3,0,0,1,1,0,0,0,0,0,1,2,2,0,1,0,0,1,0,0,1
209360,グレートソルト湖,54617,10556,False,1,,,,,,,,,,,,,,,,,,,,,,,,,,,,,,,,,
209383,ユタ湖,42850,16197,False,1,,,,,,,,,,,,,,,,,,,,,,,,,,,,,,,,,
210970,アッパークラマス湖,22881,6034,False,0,,,,,,,,,,,,,,,,,,,,,,,,,,,,,,,,,
211198,余呉湖,76389,15793,False,1,,,,,,,,,,,,,,,,,,,,,,,,,,,,,,,,,
211779,ボルセーナ湖,31795,8129,False,1,,,,,,,,,,,,,,,,,,,,,,,,,,,,,,,,,
211894,小川原湖,73168,15181,False,1,,,,,,,,,,,,,,,,,,,,,,,,,,,,,,,,,
213351,ウィニペグ湖,25870,7095,False,0,,,,,,,,,,,,,,,,,,,,,,,,,,,,,,,,,
213438,セントルイス湖,22337,6132,False,0,,,,,,,,,,,,,,,,,,,,,,,,,,,,,,,,,
213499,シャンプレーン湖,48743,14854,False,1,69,0,1,0,0,2,5,0,3,3,2,4,4,0,0,6,2,0,0,0,0,1,2,20,4,0,2,0,0,2,0,3,3
213523,ジョージ湖 (ニューヨーク州),24087,6797,False,0,,,,,,,,,,,,,,,,,,,,,,,,,,,,,,,,,
213524,ジョージ湖,21137,5969,True,0,,,,,,,,,,,,,,,,,,,,,,,,,,,,,,,,,
214124,福島潟,56559,11347,False,0,,,,,,,,,,,,,,,,,,,,,,,,,,,,,,,,,
217892,青海湖,73927,12254,False,1,,,,,,,,,,,,,,,,,,,,,,,,,,,,,,,,,
219911,バエ湖,37177,12274,False,1,45,0,7,0,1,1,3,1,0,0,2,6,6,0,1,3,1,0,0,0,0,0,0,1,6,0,3,0,0,1,0,0,2
219947,イタスカ湖,25223,6671,False,1,,,,,,,,,,,,,,,,,,,,,,,,,,,,,,,,,
222410,ウォーカー湖,31355,7592,False,1,,,,,,,,,,,,,,,,,,,,,,,,,,,,,,,,,
222499,ピラミッド湖,25355,6623,False,1,,,,,,,,,,,,,,,,,,,,,,,,,,,,,,,,,
224412,ボストーク湖,34295,10037,False,1,,,,,,,,,,,,,,,,,,,,,,,,,,,,,,,,,
228860,バラトン湖,49535,14748,False,1,,,,,,,,,,,,,,,,,,,,,,,,,,,,,,,,,
230513,湯ノ湖,57019,10568,False,1,15,0,0,0,0,1,0,0,0,0,0,1,1,0,2,2,1,0,0,0,0,1,1,1,0,0,2,0,1,0,0,0,1
233137,満濃池,100510,21357,False,1,,,,,,,,,,,,,,,,,,,,,,,,,,,,,,,,,
245656,トンレサップ,35707,10469,False,0,27,0,3,4,1,0,1,0,0,0,0,3,3,0,1,1,0,1,0,0,2,1,0,0,1,1,2,0,0,0,0,0,2
246327,メリット湖,23129,6248,False,0,,,,,,,,,,,,,,,,,,,,,,,,,,,,,,,,,
247105,バッドウォーター,23474,6704,False,0,,,,,,,,,,,,,,,,,,,,,,,,,,,,,,,,,
251095,宮島沼,63546,11325,False,0,8,0,0,4,0,0,0,0,0,0,0,0,0,0,0,1,0,0,0,0,0,0,0,0,0,0,2,0,1,0,0,0,0
251989,松川浦,71324,13825,False,1,,,,,,,,,,,,,,,,,,,,,,,,,,,,,,,,,
252336,多々良沼,30344,8709,False,0,,,,,,,,,,,,,,,,,,,,,,,,,,,,,,,,,
254767,チャーゴグガゴグマンチャウグガゴグチャウバナガンガマウグ,31433,9346,False,0,22,0,10,0,1,0,2,0,0,0,0,0,0,0,0,1,0,0,0,0,0,0,0,0,0,0,6,0,1,0,0,0,1
260544,穂高湖,41281,9182,False,0,11,1,0,0,1,0,0,0,0,0,0,2,2,0,0,2,0,0,0,0,0,0,1,0,0,0,1,0,1,0,0,0,0
260661,ルガーノ湖,34829,8612,False,1,37,0,2,0,0,0,4,0,0,0,1,6,6,0,0,1,1,0,0,0,0,1,1,1,10,0,1,0,0,1,0,0,1
272308,不忍池,89801,22359,False,1,,,,,,,,,,,,,,,,,,,,,,,,,,,,,,,,,
278852,震生湖,61255,11906,False,1,,,,,,,,,,,,,,,,,,,,,,,,,,,,,,,,,
280200,椿海,33397,10410,False,0,,,,,,,,,,,,,,,,,,,,,,,,,,,,,,,,,
281571,西湖 (富士五湖),79990,16223,False,1,,,,,,,,,,,,,,,,,,,,,,,,,,,,,,,,,
282985,キーム湖,30025,8073,False,1,,,,,,,,,,,,,,,,,,,,,,,,,,,,,,,,,
300123,放生津潟,34922,10151,False,1,,,,,,,,,,,,,,,,,,,,,,,,,,,,,,,,,
306851,能取湖,64060,12310,False,1,47,1,0,5,1,1,1,0,0,0,1,6,6,0,2,5,1,4,0,0,0,2,1,0,1,1,4,0,2,0,1,0,1
307090,ボーデン湖,39500,10101,False,1,52,0,2,0,0,0,9,0,4,2,2,4,4,0,1,1,2,1,0,0,0,0,2,3,4,1,2,1,0,2,0,2,3
308439,洞庭湖,78802,14688,False,0,,,,,,,,,,,,,,,,,,,,,,,,,,,,,,,,,
308685,バトゥール湖,30215,7439,False,1,25,0,2,0,0,0,1,0,0,0,0,4,4,0,1,3,1,0,0,0,0,1,1,0,4,0,1,1,0,0,0,0,1
312243,ベール湖,31971,8413,False,1,,,,,,,,,,,,,,,,,,,,,,,,,,,,,,,,,
312388,桜ヶ池 (御前崎市),34030,9193,False,0,,,,,,,,,,,,,,,,,,,,,,,,,,,,,,,,,
313879,西湖 (杭州市),98941,18014,False,1,,,,,,,,,,,,,,,,,,,,,,,,,,,,,,,,,
315048,イゼーオ湖,31491,7841,False,1,,,,,,,,,,,,,,,,,,,,,,,,,,,,,,,,,
324870,本栖湖,82416,17009,False,1,,,,,,,,,,,,,,,,,,,,,,,,,,,,,,,,,
331018,雲場池,31795,8020,False,1,,,,,,,,,,,,,,,,,,,,,,,,,,,,,,,,,
332114,児島湖,43035,11183,False,1,,,,,,,,,,,,,,,,,,,,,,,,,,,,,,,,,
333845,ガトゥン湖,33091,8514,False,1,,,,,,,,,,,,,,,,,,,,,,,,,,,,,,,,,
340601,精進湖,85810,18231,False,1,,,,,,,,,,,,,,,,,,,,,,,,,,,,,,,,,
342425,五色沼 (北塩原村),63104,12696,False,1,,,,,,,,,,,,,,,,,,,,,,,,,,,,,,,,,
344043,大正池 (松本市),69937,13065,False,0,,,,,,,,,,,,,,,,,,,,,,,,,,,,,,,,,
346012,ハンカ湖,40655,11399,False,1,68,0,8,5,0,1,9,1,0,0,2,6,6,0,0,5,2,0,0,0,0,1,1,4,5,3,2,0,1,3,0,0,3
346176,レマン湖,50457,12783,False,1,74,0,19,0,2,0,8,0,0,0,1,6,6,1,2,9,1,0,0,0,0,1,1,2,7,0,3,2,1,1,0,0,1
348436,ゆかし潟,25148,6567,False,0,12,0,0,0,1,1,0,0,0,0,0,0,0,0,0,2,0,0,0,0,0,1,0,0,0,0,2,4,1,0,0,0,0
349571,伊佐沼,56426,11390,False,0,25,4,0,3,1,0,0,0,0,1,0,0,0,1,0,4,0,1,0,0,0,0,0,3,0,0,3,2,1,0,0,1,0
369840,仁科三湖,28956,8225,False,0,,,,,,,,,,,,,,,,,,,,,,,,,,,,,,,,,
374602,青木湖,70962,13992,False,1,,,,,,,,,,,,,,,,,,,,,,,,,,,,,,,,,
376231,中綱湖,60563,10959,False,1,,,,,,,,,,,,,,,,,,,,,,,,,,,,,,,,,
377799,鳥の海,73076,15252,False,1,,,,,,,,,,,,,,,,,,,,,,,,,,,,,,,,,
379604,中海,95682,22057,False,1,69,1,5,11,0,1,1,0,4,0,1,4,4,1,4,5,1,3,0,1,0,1,1,3,0,1,9,2,2,1,1,0,1
382603,シュコダル湖,39041,9646,False,1,,,,,,,,,,,,,,,,,,,,,,,,,,,,,,,,,
388591,門池,30269,9468,False,0,19,1,2,1,0,0,0,0,3,0,0,1,1,2,1,2,0,1,0,0,0,0,0,0,1,0,2,0,1,0,0,0,0
391547,見沼,72317,22030,False,0,,,,,,,,,,,,,,,,,,,,,,,,,,,,,,,,,
392449,美鈴湖,44566,13219,False,1,,,,,,,,,,,,,,,,,,,,,,,,,,,,,,,,,
392996,サイマー湖,31393,7838,False,1,,,,,,,,,,,,,,,,,,,,,,,,,,,,,,,,,
392998,メーラレン湖,42994,12018,False,1,,,,,,,,,,,,,,,,,,,,,,,,,,,,,,,,,
392999,ムウェル湖,33320,8388,False,1,,,,,,,,,,,,,,,,,,,,,,,,,,,,,,,,,
394829,エドワード湖,29474,7806,False,0,17,2,3,1,0,0,3,0,0,0,0,0,0,0,0,0,1,0,0,0,0,0,0,2,0,2,1,0,1,0,0,0,1
399336,ヴェルター湖,27048,7256,False,1,,,,,,,,,,,,,,,,,,,,,,,,,,,,,,,,,
400938,雄蛇ヶ池,24592,7286,False,0,,,,,,,,,,,,,,,,,,,,,,,,,,,,,,,,,
401795,ミョーサ湖,33036,8562,False,1,,,,,,,,,,,,,,,,,,,,,,,,,,,,,,,,,
406040,浮島沼,35936,10247,False,0,,,,,,,,,,,,,,,,,,,,,,,,,,,,,,,,,
407071,池田湖,67927,13781,False,1,,,,,,,,,,,,,,,,,,,,,,,,,,,,,,,,,
407959,ニカラグア湖,30566,8429,False,1,,,,,,,,,,,,,,,,,,,,,,,,,,,,,,,,,
408894,アイセル湖,33103,9437,False,1,33,0,6,0,0,0,2,0,0,0,1,2,2,1,2,1,0,0,0,0,1,1,1,2,7,0,1,0,1,0,0,0,2
411740,チョマトー,56575,11602,False,1,23,0,4,1,1,0,0,0,0,0,0,6,6,0,0,4,0,0,0,0,0,0,0,0,0,0,1,0,0,0,0,0,0
412943,宇曽利湖,71162,15580,False,1,,,,,,,,,,,,,,,,,,,,,,,,,,,,,,,,,
423540,朱鞠内湖,37743,10320,False,1,,,,,,,,,,,,,,,,,,,,,,,,,,,,,,,,,
427667,フラ湖,27320,7547,False,1,,,,,,,,,,,,,,,,,,,,,,,,,,,,,,,,,
435623,河内貯水池,41098,10697,False,1,,,,,,,,,,,,,,,,,,,,,,,,,,,,,,,,,
435939,大瀬明神の神池,41093,10346,False,0,,,,,,,,,,,,,,,,,,,,,,,,,,,,,,,,,
436407,明神池 (松本市),38270,9389,False,0,,,,,,,,,,,,,,,,,,,,,,,,,,,,,,,,,
436539,アヴェルヌス湖,33396,9312,False,1,,,,,,,,,,,,,,,,,,,,,,,,,,,,,,,,,
443223,トバ湖,81943,16723,False,1,,,,,,,,,,,,,,,,,,,,,,,,,,,,,,,,,
456343,三島池,59670,12701,False,1,,,,,,,,,,,,,,,,,,,,,,,,,,,,,,,,,
456735,多来加湖,29571,7458,False,1,,,,,,,,,,,,,,,,,,,,,,,,,,,,,,,,,
470196,御池,68812,12502,False,1,,,,,,,,,,,,,,,,,,,,,,,,,,,,,,,,,
470232,八鶴湖,29419,8797,False,0,,,,,,,,,,,,,,,,,,,,,,,,,,,,,,,,,
478488,入鹿池,103040,34345,False,1,,,,,,,,,,,,,,,,,,,,,,,,,,,,,,,,,
486835,イマンドラ湖,29111,7087,False,1,,,,,,,,,,,,,,,,,,,,,,,,,,,,,,,,,
487637,ガリラヤ湖,40751,14098,False,1,59,0,12,2,1,2,8,0,0,1,0,3,3,0,0,3,2,1,0,0,0,0,2,1,8,4,2,0,1,0,0,1,2
492080,常盤池,26219,6974,False,0,,,,,,,,,,,,,,,,,,,,,,,,,,,,,,,,,
502922,サーペンタイン・レイク,29165,8332,False,0,16,1,4,3,1,0,1,0,0,0,0,0,0,1,1,1,0,0,1,0,1,0,0,0,0,0,1,0,0,0,0,0,0
505563,桧原湖,72717,17033,False,1,,,,,,,,,,,,,,,,,,,,,,,,,,,,,,,,,
512545,千波湖,52601,13100,False,1,,,,,,,,,,,,,,,,,,,,,,,,,,,,,,,,,
513139,巨椋池,52785,20688,False,0,,,,,,,,,,,,,,,,,,,,,,,,,,,,,,,,,
513505,沼沢湖,81786,14161,False,1,,,,,,,,,,,,,,,,,,,,,,,,,,,,,,,,,
519140,菅生沼,57845,10840,False,1,20,0,0,2,0,0,1,0,0,1,0,0,0,0,0,2,1,1,3,1,0,0,0,2,2,0,1,0,1,0,0,1,1
530328,雄国沼,61039,13116,False,0,16,0,0,0,0,0,0,0,0,0,0,1,1,0,1,2,0,5,0,0,0,0,1,0,0,0,2,2,1,0,0,0,0
530446,小野川湖,62035,10995,False,1,,,,,,,,,,,,,,,,,,,,,,,,,,,,,,,,,
530799,深泥池,102465,27073,False,0,,,,,,,,,,,,,,,,,,,,,,,,,,,,,,,,,
536433,津軽富士見湖,61781,13049,False,1,,,,,,,,,,,,,,,,,,,,,,,,,,,,,,,,,
538709,坂田池,33756,10297,False,0,21,1,2,1,0,0,0,0,0,0,0,1,1,1,1,1,0,6,0,0,0,0,0,0,0,0,1,4,1,0,0,0,0
549708,猿沢池,32449,9584,False,0,,,,,,,,,,,,,,,,,,,,,,,,,,,,,,,,,
561768,大沼 (赤城山),57855,10529,False,1,,,,,,,,,,,,,,,,,,,,,,,,,,,,,,,,,
569096,神の子池,33391,9115,False,1,,,,,,,,,,,,,,,,,,,,,,,,,,,,,,,,,
569950,池の平 (浜松市),39412,11214,False,0,,,,,,,,,,,,,,,,,,,,,,,,,,,,,,,,,
580133,伊豆沼,84338,16922,False,1,,,,,,,,,,,,,,,,,,,,,,,,,,,,,,,,,
581435,河内湖,31829,9120,False,0,27,0,3,0,0,0,0,0,0,0,0,0,0,1,1,2,0,0,2,0,0,3,0,12,0,0,2,0,1,0,0,0,0
589801,ナムツォ,78292,16295,False,1,,,,,,,,,,,,,,,,,,,,,,,,,,,,,,,,,
604174,美女池,25309,7223,False,0,,,,,,,,,,,,,,,,,,,,,,,,,,,,,,,,,
615695,榛名湖,365355,104301,False,1,,,,,,,,,,,,,,,,,,,,,,,,,,,,,,,,,
624116,ラホンタン湖,26192,7113,False,0,,,,,,,,,,,,,,,,,,,,,,,,,,,,,,,,,
625128,タール湖,57137,14993,False,1,27,0,2,0,0,2,2,0,8,0,1,0,0,0,1,2,1,0,0,0,0,1,1,0,0,0,2,1,1,0,0,0,2
632629,白馬大池,64973,12248,False,1,30,0,0,1,0,1,1,0,0,0,1,4,4,0,2,2,1,3,0,0,0,1,2,0,0,0,3,0,2,0,1,0,1
641793,千塚池,22010,6174,False,0,,,,,,,,,,,,,,,,,,,,,,,,,,,,,,,,,
644078,光明池,51119,13673,False,0,,,,,,,,,,,,,,,,,,,,,,,,,,,,,,,,,
656841,タホ湖,105381,15413,False,1,42,0,3,0,1,1,2,0,0,0,1,6,6,0,0,3,2,0,0,0,0,1,1,1,6,2,2,2,0,1,0,0,1
666291,天池,36947,12117,False,1,,,,,,,,,,,,,,,,,,,,,,,,,,,,,,,,,
666576,宍塚大池,59801,11584,False,1,,,,,,,,,,,,,,,,,,,,,,,,,,,,,,,,,
673089,トゥーン湖,27445,7305,False,1,,,,,,,,,,,,,,,,,,,,,,,,,,,,,,,,,
673091,ブリエンツ湖,35470,12211,False,1,,,,,,,,,,,,,,,,,,,,,,,,,,,,,,,,,
675810,エトーシャ塩湖,26442,7391,False,0,24,1,0,3,0,0,1,1,0,1,0,2,2,0,0,1,0,3,0,0,0,1,0,3,0,0,3,0,0,0,0,1,1
679269,ルツェルン湖,29943,7601,False,1,,,,,,,,,,,,,,,,,,,,,,,,,,,,,,,,,
685939,夜叉ヶ池,68550,19731,False,1,,,,,,,,,,,,,,,,,,,,,,,,,,,,,,,,,
687963,藺牟田池,78986,16284,False,1,,,,,,,,,,,,,,,,,,,,,,,,,,,,,,,,,
691882,大浪池,69063,13012,False,1,,,,,,,,,,,,,,,,,,,,,,,,,,,,,,,,,
691887,住吉池,87488,17294,False,1,,,,,,,,,,,,,,,,,,,,,,,,,,,,,,,,,
692276,バングウェウル湖,32631,8098,False,1,38,0,2,1,1,1,3,1,0,0,1,6,6,0,1,2,1,0,0,0,0,1,1,3,2,1,1,0,1,1,0,0,1
693002,マラウイ湖,56954,19028,False,1,,,,,,,,,,,,,,,,,,,,,,,,,,,,,,,,,
695828,田貫湖,59821,12271,False,1,,,,,,,,,,,,,,,,,,,,,,,,,,,,,,,,,
697445,多鯰ヶ池,66754,13789,False,1,,,,,,,,,,,,,,,,,,,,,,,,,,,,,,,,,
700487,みどり湖 (山梨県),27818,7117,False,0,11,0,0,0,0,0,0,0,0,0,0,1,1,0,1,2,0,0,0,0,0,0,0,0,0,1,3,0,1,1,0,0,0
707131,城沼,32254,8721,False,1,,,,,,,,,,,,,,,,,,,,,,,,,,,,,,,,,
718740,茂林寺沼,34539,8288,False,0,,,,,,,,,,,,,,,,,,,,,,,,,,,,,,,,,
721306,洞庭湖 (千葉県),55454,12421,False,0,32,1,0,0,3,0,0,0,0,0,0,1,1,2,1,6,0,3,2,0,0,0,0,3,4,0,2,1,1,0,0,0,1
721748,日月潭,48692,12326,False,2,66,0,5,24,1,1,5,0,2,0,0,4,4,1,0,2,1,1,0,0,0,1,1,0,0,0,1,2,9,0,0,0,1
730437,ハ陽湖,33120,8357,False,1,50,0,7,4,0,1,3,0,0,0,1,7,7,0,0,2,1,0,0,0,0,1,1,6,0,1,3,0,2,1,0,0,2
733142,ヴォルタ湖,31863,7999,False,1,,,,,,,,,,,,,,,,,,,,,,,,,,,,,,,,,
744253,八丁池,62047,13145,False,0,,,,,,,,,,,,,,,,,,,,,,,,,,,,,,,,,
745573,タウポ湖,67698,11502,False,1,,,,,,,,,,,,,,,,,,,,,,,,,,,,,,,,,
750364,イナリ湖,21862,6307,False,0,,,,,,,,,,,,,,,,,,,,,,,,,,,,,,,,,
751631,鰻池,58882,10880,False,1,,,,,,,,,,,,,,,,,,,,,,,,,,,,,,,,,
757254,オキーチョビー湖,41036,12359,False,1,,,,,,,,,,,,,,,,,,,,,,,,,,,,,,,,,
757255,桶ヶ谷沼,40664,12892,False,1,,,,,,,,,,,,,,,,,,,,,,,,,,,,,,,,,
758569,モレーン湖,31072,9062,False,1,,,,,,,,,,,,,,,,,,,,,,,,,,,,,,,,,
764166,アマー湖,26751,6935,False,1,,,,,,,,,,,,,,,,,,,,,,,,,,,,,,,,,
776357,イリメニ湖,28066,7295,False,1,,,,,,,,,,,,,,,,,,,,,,,,,,,,,,,,,
777062,秋元湖,89606,20705,False,2,,,,,,,,,,,,,,,,,,,,,,,,,,,,,,,,,
780447,ミズリーナ湖,29893,7584,False,1,,,,,,,,,,,,,,,,,,,,,,,,,,,,,,,,,
786112,三好池,60200,14613,False,1,,,,,,,,,,,,,,,,,,,,,,,,,,,,,,,,,
790679,トゥルカナ湖,39847,10934,False,1,48,4,8,9,1,0,5,0,0,0,1,2,2,0,0,1,1,0,0,0,0,1,1,2,2,0,4,1,0,1,0,0,2
794712,神西湖,64180,12998,False,1,,,,,,,,,,,,,,,,,,,,,,,,,,,,,,,,,
798978,箕和田湖,31708,9071,False,0,17,1,1,1,0,0,0,0,0,0,0,0,0,2,0,1,0,5,0,0,0,0,0,0,0,1,3,0,1,1,0,0,0
832067,ミーヴァトン湖,30669,9776,False,0,,,,,,,,,,,,,,,,,,,,,,,,,,,,,,,,,
834693,濤沸湖,81486,15273,False,1,,,,,,,,,,,,,,,,,,,,,,,,,,,,,,,,,
835195,ニオス湖,58606,18636,False,1,,,,,,,,,,,,,,,,,,,,,,,,,,,,,,,,,
837222,トゥズ湖,25858,8201,False,0,30,0,2,6,1,0,2,0,0,1,0,2,2,0,0,2,0,0,0,0,1,1,1,0,3,3,1,0,0,0,0,1,1
838605,ナクル湖,31466,10561,False,1,,,,,,,,,,,,,,,,,,,,,,,,,,,,,,,,,
838764,野依新池,50723,10534,False,1,,,,,,,,,,,,,,,,,,,,,,,,,,,,,,,,,
841129,於玉ヶ池,25988,7982,False,0,,,,,,,,,,,,,,,,,,,,,,,,,,,,,,,,,
843852,オカナガン湖,29535,7448,False,1,21,0,1,0,0,1,2,0,0,1,1,0,0,0,1,1,1,0,0,0,0,1,1,1,4,0,1,0,0,1,0,1,2
845296,ロトルア湖,31373,9497,False,1,,,,,,,,,,,,,,,,,,,,,,,,,,,,,,,,,
854835,エーア湖,25316,7183,False,0,,,,,,,,,,,,,,,,,,,,,,,,,,,,,,,,,
861504,シンクヴァトラヴァトン湖,37033,12508,False,1,31,2,2,0,0,0,4,1,0,0,2,4,4,0,0,0,3,0,0,0,0,0,0,2,0,0,2,0,0,2,0,0,3
864323,八丁湖,24010,6834,False,0,,,,,,,,,,,,,,,,,,,,,,,,,,,,,,,,,
868236,行幸湖,28758,8183,False,0,32,1,3,0,0,0,0,0,0,0,0,1,1,1,0,2,0,0,0,5,0,0,0,4,6,0,4,0,1,1,0,1,1
871135,達古武湖,68191,13194,False,1,61,2,1,22,1,1,0,0,0,0,1,6,6,0,2,5,1,1,0,0,0,2,1,3,0,0,3,0,1,1,0,0,1
871968,ヴェーネルン湖,37691,12975,False,0,,,,,,,,,,,,,,,,,,,,,,,,,,,,,,,,,
875795,原市沼,53539,10198,False,0,,,,,,,,,,,,,,,,,,,,,,,,,,,,,,,,,
881742,ヴェッテルン湖,33747,10926,False,0,,,,,,,,,,,,,,,,,,,,,,,,,,,,,,,,,
882888,万代池,34403,10399,False,1,,,,,,,,,,,,,,,,,,,,,,,,,,,,,,,,,
889233,鏡泊湖,72117,11854,False,0,14,0,1,0,0,0,1,0,0,1,0,0,0,1,2,2,0,0,0,0,0,0,0,0,1,0,1,0,3,0,0,1,0
896365,黒浜沼,64498,12974,False,0,,,,,,,,,,,,,,,,,,,,,,,,,,,,,,,,,
901286,湧玉池,33799,9770,False,0,15,0,0,1,0,0,0,0,0,0,0,3,3,0,0,4,0,0,0,0,0,0,0,2,0,0,1,0,1,0,0,0,0
901351,アティトラン湖,65484,11005,False,1,,,,,,,,,,,,,,,,,,,,,,,,,,,,,,,,,
913263,別所沼,76033,17403,False,1,,,,,,,,,,,,,,,,,,,,,,,,,,,,,,,,,
915041,キブ湖,34152,9704,False,0,,,,,,,,,,,,,,,,,,,,,,,,,,,,,,,,,
917056,イシュケル湖,37746,8917,False,1,,,,,,,,,,,,,,,,,,,,,,,,,,,,,,,,,
919770,ラナオ湖,24266,6755,False,1,,,,,,,,,,,,,,,,,,,,,,,,,,,,,,,,,
922859,鳥羽井沼,56243,10774,False,1,27,1,0,3,0,0,1,0,0,0,1,4,4,0,2,3,0,0,0,0,0,0,0,0,0,0,3,3,1,0,0,0,1
933580,富内湖,28302,7194,False,1,,,,,,,,,,,,,,,,,,,,,,,,,,,,,,,,,
933601,遠淵湖,25258,6650,False,1,,,,,,,,,,,,,,,,,,,,,,,,,,,,,,,,,
933635,和愛湖,26595,6770,False,1,10,0,1,0,0,0,0,0,0,0,0,0,0,0,1,4,0,0,0,0,0,0,0,0,0,0,3,0,1,0,0,0,0
936439,遠幌湖,26037,6835,False,1,,,,,,,,,,,,,,,,,,,,,,,,,,,,,,,,,
936451,恩洞湖,26449,6952,False,1,,,,,,,,,,,,,,,,,,,,,,,,,,,,,,,,,
936852,波志江沼,22867,6493,False,0,,,,,,,,,,,,,,,,,,,,,,,,,,,,,,,,,
938207,トラジメーノ湖,35430,8601,False,1,,,,,,,,,,,,,,,,,,,,,,,,,,,,,,,,,
939918,ミクリガ池,71272,14339,False,1,31,0,3,1,0,2,0,0,0,0,0,4,4,0,1,2,2,1,0,0,0,1,2,0,0,0,3,2,1,0,0,0,2
940347,メルビル湖,29314,7902,False,1,,,,,,,,,,,,,,,,,,,,,,,,,,,,,,,,,
943942,レイク・ルイーズ,27671,8005,False,0,,,,,,,,,,,,,,,,,,,,,,,,,,,,,,,,,
945410,志高湖,54403,10890,False,0,,,,,,,,,,,,,,,,,,,,,,,,,,,,,,,,,
945411,神楽女湖,22879,6613,False,0,,,,,,,,,,,,,,,,,,,,,,,,,,,,,,,,,
951230,泡瀬干潟,78005,28770,False,0,,,,,,,,,,,,,,,,,,,,,,,,,,,,,,,,,
960251,ポンチャートレイン湖,24521,6681,False,0,,,,,,,,,,,,,,,,,,,,,,,,,,,,,,,,,
967825,太良池,28948,8063,False,0,,,,,,,,,,,,,,,,,,,,,,,,,,,,,,,,,
985221,ジョージ湖 (ウガンダ),25012,6833,False,0,,,,,,,,,,,,,,,,,,,,,,,,,,,,,,,,,
985671,大池 (沖縄県),62824,12106,False,1,,,,,,,,,,,,,,,,,,,,,,,,,,,,,,,,,
995396,夢の泉,54298,12037,False,0,,,,,,,,,,,,,,,,,,,,,,,,,,,,,,,,,
997841,サリム湖,73534,11340,False,1,,,,,,,,,,,,,,,,,,,,,,,,,,,,,,,,,
1003573,ペイプシ湖,29206,7882,False,0,,,,,,,,,,,,,,,,,,,,,,,,,,,,,,,,,
1006078,十六沼,30432,8361,False,0,,,,,,,,,,,,,,,,,,,,,,,,,,,,,,,,,
1012247,金鱗湖,29835,8997,False,0,,,,,,,,,,,,,,,,,,,,,,,,,,,,,,,,,
1014896,小堤西池,39619,11276,False,1,,,,,,,,,,,,,,,,,,,,,,,,,,,,,,,,,
1019473,北竜湖,58254,12069,False,0,,,,,,,,,,,,,,,,,,,,,,,,,,,,,,,,,
1024623,奥池,37103,8445,False,0,,,,,,,,,,,,,,,,,,,,,,,,,,,,,,,,,
1033471,太湖,85430,18314,False,1,90,3,4,0,0,2,2,0,9,0,2,3,3,0,1,2,2,1,6,1,0,1,2,2,20,3,4,13,2,0,0,0,2
1035739,鯉魚潭,27819,8104,False,0,,,,,,,,,,,,,,,,,,,,,,,,,,,,,,,,,
1038574,猫ヶ洞池,38618,10636,False,1,,,,,,,,,,,,,,,,,,,,,,,,,,,,,,,,,
1047880,苧ヶ瀬池,34139,8870,False,1,,,,,,,,,,,,,,,,,,,,,,,,,,,,,,,,,
1050701,一碧湖,76311,15108,False,2,,,,,,,,,,,,,,,,,,,,,,,,,,,,,,,,,
1054775,チャウバナガンガマウグ湖,39116,10644,False,1,,,,,,,,,,,,,,,,,,,,,,,,,,,,,,,,,
1071767,ウヴス・ヌール,63060,14093,False,2,,,,,,,,,,,,,,,,,,,,,,,,,,,,,,,,,
1079315,古利根沼,51767,10210,False,0,,,,,,,,,,,,,,,,,,,,,,,,,,,,,,,,,
1089477,東雲湖,62416,12059,False,1,43,1,2,2,0,2,1,0,0,0,0,6,6,0,1,5,1,7,0,0,0,1,1,0,0,0,5,0,1,0,0,0,1
1092012,江津湖,114172,20872,False,1,182,6,0,107,0,1,1,0,1,0,0,6,6,1,3,3,1,3,28,5,0,1,0,0,5,0,2,0,1,0,0,0,1
1096642,荒川第一調節池,53498,14796,False,0,,,,,,,,,,,,,,,,,,,,,,,,,,,,,,,,,
1114313,蓋沼,62850,12852,False,1,,,,,,,,,,,,,,,,,,,,,,,,,,,,,,,,,
1114951,ジ海,35497,9744,False,1,,,,,,,,,,,,,,,,,,,,,,,,,,,,,,,,,
1121325,シュンクシタカラ湖,64739,13556,False,1,,,,,,,,,,,,,,,,,,,,,,,,,,,,,,,,,
1124878,松尾池 (岐阜市),26257,7783,False,0,14,1,0,1,1,0,0,0,0,0,0,0,0,2,1,3,0,1,0,0,0,0,0,0,0,0,2,1,1,0,0,0,0
1131241,蓼の海,25502,7362,False,0,9,1,0,0,0,0,0,0,0,0,0,2,2,0,0,1,0,0,0,0,0,0,1,0,0,0,1,0,1,0,0,0,0
1131853,小田の池,21835,6002,False,0,,,,,,,,,,,,,,,,,,,,,,,,,,,,,,,,,
1131854,山下湖,34573,8950,False,1,27,1,2,0,0,2,0,0,0,0,0,4,4,0,1,3,0,2,0,0,0,1,0,0,0,2,2,0,1,0,0,0,2
1136563,ノイジードル湖,70919,19402,False,2,,,,,,,,,,,,,,,,,,,,,,,,,,,,,,,,,
1137893,湧洞沼,57906,10735,False,1,,,,,,,,,,,,,,,,,,,,,,,,,,,,,,,,,
1137910,生花苗沼,57012,10800,False,1,,,,,,,,,,,,,,,,,,,,,,,,,,,,,,,,,
1144196,オウル湖,21337,6183,False,0,,,,,,,,,,,,,,,,,,,,,,,,,,,,,,,,,
1146080,ネシ湖,26790,7144,False,1,22,0,0,0,0,0,2,2,0,0,0,2,2,0,1,1,1,0,0,0,0,1,2,2,1,1,2,0,0,0,0,0,2
1146256,ピエリネン湖,21675,6139,False,0,,,,,,,,,,,,,,,,,,,,,,,,,,,,,,,,,
1146425,荒川調節池,22647,6085,False,0,,,,,,,,,,,,,,,,,,,,,,,,,,,,,,,,,
1147522,白幡沼,58237,11124,False,1,,,,,,,,,,,,,,,,,,,,,,,,,,,,,,,,,
1151473,みたらしの池,24699,6878,False,0,5,0,0,0,0,0,0,0,0,0,0,0,0,0,0,2,0,0,0,0,0,0,0,0,0,0,1,1,1,0,0,0,0
1154671,五色沼 (福島市),57911,11117,False,1,,,,,,,,,,,,,,,,,,,,,,,,,,,,,,,,,
1163585,鴻沼,30388,9392,False,0,,,,,,,,,,,,,,,,,,,,,,,,,,,,,,,,,
1173385,マナグア湖,29535,7500,False,1,,,,,,,,,,,,,,,,,,,,,,,,,,,,,,,,,
1175933,陽澄湖,26232,6936,False,0,,,,,,,,,,,,,,,,,,,,,,,,,,,,,,,,,
1176190,シラルトロ沼,64460,11668,False,1,,,,,,,,,,,,,,,,,,,,,,,,,,,,,,,,,
1176230,塘路湖,66131,12251,False,1,,,,,,,,,,,,,,,,,,,,,,,,,,,,,,,,,
1176363,カムイト沼,59689,11046,False,1,,,,,,,,,,,,,,,,,,,,,,,,,,,,,,,,,
1183182,モケウニ沼,58969,10954,False,1,,,,,,,,,,,,,,,,,,,,,,,,,,,,,,,,,
1186616,オーエンズ湖,22176,6774,False,0,,,,,,,,,,,,,,,,,,,,,,,,,,,,,,,,,
1186654,クローリー湖,30440,7321,False,1,,,,,,,,,,,,,,,,,,,,,,,,,,,,,,,,,
1187933,モノ湖,36074,9692,False,1,,,,,,,,,,,,,,,,,,,,,,,,,,,,,,,,,
1189058,ミード湖,52582,10098,False,0,,,,,,,,,,,,,,,,,,,,,,,,,,,,,,,,,
1196267,カリバ湖,34478,9428,False,1,,,,,,,,,,,,,,,,,,,,,,,,,,,,,,,,,
1198778,ナトロン湖,50358,16276,False,1,,,,,,,,,,,,,,,,,,,,,,,,,,,,,,,,,
1200239,キオガ湖,31731,8895,False,1,,,,,,,,,,,,,,,,,,,,,,,,,,,,,,,,,
1204234,呪泉郷,56503,19307,False,0,,,,,,,,,,,,,,,,,,,,,,,,,,,,,,,,,
1208559,グレートビター湖,51326,13547,False,1,,,,,,,,,,,,,,,,,,,,,,,,,,,,,,,,,
1209446,ホアンキエム湖,32895,9349,False,0,,,,,,,,,,,,,,,,,,,,,,,,,,,,,,,,,
1222960,松原湖,68770,14223,False,1,64,0,10,2,0,1,0,0,0,0,0,6,6,1,3,2,2,0,17,0,0,1,1,0,0,2,3,4,1,0,1,0,1
1228235,神之池,78265,19428,False,0,37,3,4,15,0,0,0,0,0,0,1,0,0,1,1,1,1,3,0,1,0,1,0,0,0,0,2,1,1,0,0,0,1
1233482,りんどう湖,25714,7040,False,0,,,,,,,,,,,,,,,,,,,,,,,,,,,,,,,,,
1250740,ミラックス湖,25521,7158,False,0,,,,,,,,,,,,,,,,,,,,,,,,,,,,,,,,,
1254884,ネイ湖,51159,11830,False,1,,,,,,,,,,,,,,,,,,,,,,,,,,,,,,,,,
1254912,ヌーシャテル湖,32310,8219,False,1,50,0,2,0,0,0,3,1,0,1,1,4,4,0,0,8,2,0,0,0,0,1,2,5,10,0,1,0,1,1,0,1,2
1254921,ゼンパハ湖,25940,6605,False,1,,,,,,,,,,,,,,,,,,,,,,,,,,,,,,,,,
1255727,ダーグ湖,27011,7576,False,1,23,0,2,0,0,0,1,0,0,0,0,0,0,0,0,3,1,0,0,0,0,1,0,1,10,1,1,0,0,1,0,0,1
1255754,コリブ湖,26564,7538,False,1,19,0,2,2,1,0,3,1,0,0,0,0,0,0,0,2,0,1,0,0,0,1,0,3,0,0,2,0,0,0,0,0,1
1272769,昭和湖,28598,7410,False,1,,,,,,,,,,,,,,,,,,,,,,,,,,,,,,,,,
1284433,ローモンド湖,32521,9460,False,1,,,,,,,,,,,,,,,,,,,,,,,,,,,,,,,,,
1284504,オフリド湖,34379,8872,False,1,29,0,3,5,0,1,4,0,0,1,2,0,0,0,0,2,2,0,0,0,0,1,1,1,0,0,2,1,0,1,0,1,1
1286166,武周ヶ池,39385,9813,False,2,,,,,,,,,,,,,,,,,,,,,,,,,,,,,,,,,
1289008,メリン湖,26395,7694,False,1,,,,,,,,,,,,,,,,,,,,,,,,,,,,,,,,,
1294504,テカポ湖,36714,10613,False,1,,,,,,,,,,,,,,,,,,,,,,,,,,,,,,,,,
1303518,テ・アナウ湖,30133,9198,False,1,,,,,,,,,,,,,,,,,,,,,,,,,,,,,,,,,
1303795,マナポウリ湖,23402,6758,False,0,,,,,,,,,,,,,,,,,,,,,,,,,,,,,,,,,
1304430,プカキ湖,36999,9485,False,1,,,,,,,,,,,,,,,,,,,,,,,,,,,,,,,,,
1304764,オハウ湖,23241,6523,False,0,,,,,,,,,,,,,,,,,,,,,,,,,,,,,,,,,
1305932,ハウェア湖,33768,12656,False,1,,,,,,,,,,,,,,,,,,,,,,,,,,,,,,,,,
1312989,通り池,36562,12589,False,0,,,,,,,,,,,,,,,,,,,,,,,,,,,,,,,,,
1314316,蕪栗沼,69588,13067,False,0,5,0,0,1,0,0,0,0,0,0,0,0,0,0,0,2,0,0,0,0,0,0,0,0,0,0,1,0,1,0,0,0,0
1323857,姉沼,62033,12027,False,1,29,0,0,1,1,1,1,0,0,0,1,4,4,0,1,3,1,0,0,0,0,1,1,3,1,0,2,0,1,0,1,0,1
1327281,トプリッツ湖,31114,8683,False,1,27,0,1,0,0,0,3,1,0,1,0,6,6,0,0,3,1,0,0,0,0,1,1,0,0,0,1,0,1,0,0,1,0
1342658,海老ヶ池,65993,15600,False,1,26,3,0,0,0,1,0,0,0,0,1,4,4,2,1,3,1,0,0,0,0,0,0,0,0,0,2,0,1,1,0,0,2
1354907,アッサル湖,31498,8117,False,1,29,0,1,0,0,0,2,1,0,1,2,2,2,0,1,3,1,0,0,0,0,1,2,0,0,1,2,0,1,3,0,1,2
1359898,作沢沼,52054,9972,False,0,,,,,,,,,,,,,,,,,,,,,,,,,,,,,,,,,
1360381,セリゲル湖,29023,7551,False,1,20,0,3,0,0,1,1,0,0,0,2,0,0,0,0,3,1,0,0,0,0,1,2,1,2,0,1,0,0,0,0,0,2
1364675,長嶺大池,21526,5984,False,0,,,,,,,,,,,,,,,,,,,,,,,,,,,,,,,,,
1371603,ポオポ湖,45169,15084,False,1,57,0,3,15,0,0,3,2,0,1,2,2,2,0,0,3,0,0,0,0,0,3,2,5,0,7,3,0,1,0,0,1,2
1386463,テレツコイェ湖,29088,7699,False,1,,,,,,,,,,,,,,,,,,,,,,,,,,,,,,,,,
1392047,涸沼,83430,16040,False,1,,,,,,,,,,,,,,,,,,,,,,,,,,,,,,,,,
1392440,ペンケトー,61040,11940,False,1,,,,,,,,,,,,,,,,,,,,,,,,,,,,,,,,,
1392445,パンケトー,62843,12096,False,1,42,1,0,4,1,1,0,0,0,0,1,6,6,0,2,5,1,0,0,0,0,1,1,4,0,0,6,0,0,1,0,0,1
1408931,阿蘇海,68616,15914,False,1,29,0,0,3,0,1,1,0,0,0,1,0,0,0,1,2,1,0,0,0,0,1,1,3,4,1,4,0,2,1,1,0,1
1412516,ミドリガ池,57148,10686,False,1,21,0,1,0,1,0,0,0,0,0,1,4,4,0,1,3,0,0,0,0,0,1,0,0,0,0,3,0,1,0,1,0,0
1412609,仏沼,43759,10564,False,0,27,0,0,16,0,0,0,0,0,0,0,0,0,0,1,1,0,6,0,0,0,0,0,0,1,0,1,0,1,0,0,0,0
1413206,リンドウ池,62542,11552,False,1,,,,,,,,,,,,,,,,,,,,,,,,,,,,,,,,,
1413279,血の池 (富山県),54973,10294,False,1,23,0,1,0,1,0,0,0,0,0,0,6,6,0,1,2,0,0,0,0,0,1,0,0,0,0,4,0,1,0,0,0,0
1425759,シリヤン,31312,8426,False,1,38,0,4,0,0,0,3,1,2,0,0,4,4,2,2,2,2,0,0,0,0,1,2,0,5,0,1,0,0,1,0,0,2
1427572,仁田沼,48843,9601,False,0,,,,,,,,,,,,,,,,,,,,,,,,,,,,,,,,,
1427627,女沼,50754,10086,False,0,16,0,0,2,0,2,0,0,0,0,0,1,1,0,1,3,1,0,0,0,0,0,1,0,0,0,1,2,1,0,0,0,0
1428170,マガディ湖,37007,10459,False,1,,,,,,,,,,,,,,,,,,,,,,,,,,,,,,,,,
1437880,弁天沼 (北海道),29739,8217,False,1,34,0,0,9,0,0,1,0,0,0,0,6,6,0,0,6,0,0,0,0,0,0,0,0,0,0,3,0,1,0,0,0,2
1442967,アルバーノ湖,32155,7866,False,1,28,0,5,0,0,1,2,0,0,1,0,4,4,0,1,4,1,0,0,0,0,0,0,0,0,0,3,0,0,0,0,1,1
1446766,チューリッヒ湖,36333,8952,False,1,23,0,0,0,0,0,2,0,0,1,1,0,0,0,0,4,1,0,0,0,0,1,1,2,5,0,2,0,0,1,0,1,1
1452758,ラグナ・ベルデ,25274,7008,False,0,,,,,,,,,,,,,,,,,,,,,,,,,,,,,,,,,
1456513,セヴァン湖,27221,7713,False,0,,,,,,,,,,,,,,,,,,,,,,,,,,,,,,,,,
1463539,平池 (和歌山県),33564,8581,False,1,,,,,,,,,,,,,,,,,,,,,,,,,,,,,,,,,
1475914,東郷池,66486,12228,False,1,,,,,,,,,,,,,,,,,,,,,,,,,,,,,,,,,
1476087,五色沼 (日光市),55519,10125,False,1,20,0,0,0,0,0,1,0,0,0,0,4,4,0,1,2,2,0,0,0,0,0,2,0,0,0,1,0,1,0,0,0,2
1480534,イムジャ湖,29142,7924,False,1,18,0,1,0,0,0,3,1,0,0,0,1,1,0,2,3,0,0,0,0,0,0,2,0,0,0,4,0,0,0,0,0,0
1481260,なまこ池,65994,13694,False,1,21,0,1,5,1,1,0,0,0,0,0,0,0,0,2,2,2,0,0,0,0,1,1,0,0,0,3,0,1,0,0,0,1
1481859,蓼科湖,32814,7830,False,1,,,,,,,,,,,,,,,,,,,,,,,,,,,,,,,,,
1483939,アルヘンティーノ湖,46928,13244,False,1,,,,,,,,,,,,,,,,,,,,,,,,,,,,,,,,,
1483954,ビエドマ湖,25855,7000,False,0,,,,,,,,,,,,,,,,,,,,,,,,,,,,,,,,,
1485098,巣湖,80986,16208,False,1,58,0,4,3,2,1,7,0,3,0,1,0,0,0,0,12,0,1,0,0,0,1,0,3,8,1,3,3,2,1,0,0,2
1492639,大幡池,59819,10614,False,1,19,0,1,0,0,1,0,0,0,0,0,0,0,1,2,4,1,1,0,0,0,1,1,0,0,0,3,0,1,0,0,1,1
1495258,ペテシュバトゥン湖,27184,7358,False,0,,,,,,,,,,,,,,,,,,,,,,,,,,,,,,,,,
1514785,カラクル湖 (タジキスタン),26211,7165,False,1,,,,,,,,,,,,,,,,,,,,,,,,,,,,,,,,,
1515123,カラクリ湖,25194,7072,False,0,,,,,,,,,,,,,,,,,,,,,,,,,,,,,,,,,
1528628,パトス湖,27556,7694,False,1,24,0,2,0,0,0,2,1,2,1,0,2,2,0,1,2,0,0,0,0,0,1,0,1,2,0,2,0,0,0,0,1,2
1534832,八郎沼,36387,9545,False,1,,,,,,,,,,,,,,,,,,,,,,,,,,,,,,,,,
1551514,テン池,69638,11769,False,0,,,,,,,,,,,,,,,,,,,,,,,,,,,,,,,,,
1555659,チョルトニン湖,23172,6321,False,0,,,,,,,,,,,,,,,,,,,,,,,,,,,,,,,,,
1564352,大鳥池,59501,11320,False,1,,,,,,,,,,,,,,,,,,,,,,,,,,,,,,,,,
1564436,バンダ湖,29188,9249,False,1,,,,,,,,,,,,,,,,,,,,,,,,,,,,,,,,,
1568679,ベロエ湖,24226,6668,False,1,,,,,,,,,,,,,,,,,,,,,,,,,,,,,,,,,
1570369,バリンゴ湖,35441,10816,False,1,,,,,,,,,,,,,,,,,,,,,,,,,,,,,,,,,
1578966,不動池,61880,11238,False,1,,,,,,,,,,,,,,,,,,,,,,,,,,,,,,,,,
1585321,六観音御池,66723,12451,False,1,31,0,2,0,1,1,0,0,0,0,1,3,3,1,2,2,1,4,0,0,0,1,1,0,0,0,3,0,1,1,1,1,1
1593108,万石浦,64203,11360,False,1,,,,,,,,,,,,,,,,,,,,,,,,,,,,,,,,,
1594389,風吹大池,57410,10667,False,1,,,,,,,,,,,,,,,,,,,,,,,,,,,,,,,,,
1604601,潟沼,62582,12479,False,1,,,,,,,,,,,,,,,,,,,,,,,,,,,,,,,,,
1606188,長老湖,24397,6759,False,0,,,,,,,,,,,,,,,,,,,,,,,,,,,,,,,,,
1608357,バーリー・グリフィン湖,22585,6097,False,0,,,,,,,,,,,,,,,,,,,,,,,,,,,,,,,,,
1629256,マニトバ湖,29582,7697,False,1,,,,,,,,,,,,,,,,,,,,,,,,,,,,,,,,,
1630093,パイエンネ湖,22659,6605,False,0,16,0,2,0,0,0,1,0,8,0,0,0,0,0,0,0,1,0,0,0,0,0,0,2,0,0,1,0,0,0,0,0,1
1630131,ボドム湖,31738,8137,False,1,,,,,,,,,,,,,,,,,,,,,,,,,,,,,,,,,
1637350,ネロ湖,27242,8329,False,1,,,,,,,,,,,,,,,,,,,,,,,,,,,,,,,,,
1644286,大相模調節池,30149,9199,False,0,17,0,0,0,0,0,0,0,0,0,0,1,1,1,2,1,1,0,0,0,0,0,0,0,0,0,5,0,1,2,0,0,2
1645903,アヌシー湖,35337,9817,False,1,,,,,,,,,,,,,,,,,,,,,,,,,,,,,,,,,
1652035,ナイバシャ湖,40310,12066,False,1,,,,,,,,,,,,,,,,,,,,,,,,,,,,,,,,,
1654717,エルメンテイタ湖,40402,12058,False,1,,,,,,,,,,,,,,,,,,,,,,,,,,,,,,,,,
1655523,エヤシ湖,32966,8976,False,1,40,0,1,7,0,0,2,0,0,1,1,3,3,0,2,3,0,2,0,0,0,2,1,4,0,0,5,0,1,0,0,1,1
1655879,マニャラ湖,32541,8464,False,1,37,1,2,14,1,0,3,1,0,0,0,3,3,0,2,2,0,0,0,0,0,2,0,0,0,0,1,0,1,0,0,0,1
1660024,ボゴリア湖,40023,11048,False,1,,,,,,,,,,,,,,,,,,,,,,,,,,,,,,,,,
1664150,澄清湖,31265,7673,False,2,,,,,,,,,,,,,,,,,,,,,,,,,,,,,,,,,
1672408,キジ湖,29018,7998,False,1,,,,,,,,,,,,,,,,,,,,,,,,,,,,,,,,,
1681249,マルケル湖,29331,8281,False,1,,,,,,,,,,,,,,,,,,,,,,,,,,,,,,,,,
1681299,アイ湖,26930,7508,False,1,,,,,,,,,,,,,,,,,,,,,,,,,,,,,,,,,
1681443,ビール湖,25925,6714,False,1,10,0,1,0,0,0,2,0,0,0,0,0,0,0,0,2,1,0,0,0,0,1,1,0,0,0,1,0,0,0,0,0,1
1681666,ツーク湖,27229,7090,False,1,,,,,,,,,,,,,,,,,,,,,,,,,,,,,,,,,
1682153,ヴァレン湖,26970,6980,False,1,,,,,,,,,,,,,,,,,,,,,,,,,,,,,,,,,
1688757,シュタルンベルク湖,33599,7888,False,1,,,,,,,,,,,,,,,,,,,,,,,,,,,,,,,,,
1688773,ヴァン湖 (ドイツ),32206,8271,False,1,14,0,4,0,0,0,2,0,0,0,0,0,0,0,0,2,1,0,0,0,0,1,1,0,0,0,1,0,1,0,0,0,1
1688994,アッター湖,30240,7557,False,1,,,,,,,,,,,,,,,,,,,,,,,,,,,,,,,,,
1689908,ケーニヒス湖,25481,7099,False,1,,,,,,,,,,,,,,,,,,,,,,,,,,,,,,,,,
1690143,トラウン湖,32451,7635,False,1,,,,,,,,,,,,,,,,,,,,,,,,,,,,,,,,,
1690214,ハルシュタット湖,24646,6633,False,1,,,,,,,,,,,,,,,,,,,,,,,,,,,,,,,,,
1690362,ヴォルフガング湖,24986,6734,False,1,,,,,,,,,,,,,,,,,,,,,,,,,,,,,,,,,
1690873,モンド湖,31825,7560,False,1,34,0,1,0,0,1,4,0,0,1,1,6,6,0,0,4,1,0,0,0,0,1,1,1,1,0,1,0,1,1,0,1,1
1692789,御釜 (蔵王連峰),86332,18944,False,2,,,,,,,,,,,,,,,,,,,,,,,,,,,,,,,,,
1696462,曽原湖,58212,10478,False,1,,,,,,,,,,,,,,,,,,,,,,,,,,,,,,,,,
1718939,大池 (岡山県),24560,6678,False,1,,,,,,,,,,,,,,,,,,,,,,,,,,,,,,,,,
1719055,中池 (玉野市),24534,6555,False,1,,,,,,,,,,,,,,,,,,,,,,,,,,,,,,,,,
1719069,天王池 (玉野市),24140,6506,False,1,,,,,,,,,,,,,,,,,,,,,,,,,,,,,,,,,
1736120,阿左美沼,22900,6166,False,0,,,,,,,,,,,,,,,,,,,,,,,,,,,,,,,,,
1741249,加瀬沼,61037,12918,False,1,59,2,1,16,0,1,1,0,0,0,0,4,4,3,3,2,0,12,0,0,0,1,0,3,0,0,3,0,1,1,0,0,1
1743360,松花湖,68841,11098,False,0,,,,,,,,,,,,,,,,,,,,,,,,,,,,,,,,,
1772259,薩摩湖,58016,11689,False,1,,,,,,,,,,,,,,,,,,,,,,,,,,,,,,,,,
1772665,エリギギトギン湖,24525,6995,False,0,,,,,,,,,,,,,,,,,,,,,,,,,,,,,,,,,
1777844,デレン湖,22161,6429,False,0,,,,,,,,,,,,,,,,,,,,,,,,,,,,,,,,,
1779665,広沢の池,27169,7586,False,0,12,0,0,0,0,0,0,0,0,1,0,1,1,0,0,4,0,0,0,0,1,0,0,1,0,0,1,0,1,0,0,1,0
1780030,深野池,32480,10091,False,0,27,0,0,0,0,0,0,0,0,0,0,0,0,0,0,3,0,0,1,0,0,0,0,1,18,0,2,0,2,0,0,0,0
1789923,広沢池,55505,11891,False,1,,,,,,,,,,,,,,,,,,,,,,,,,,,,,,,,,
1803535,豊似湖,60433,10994,False,1,34,0,2,1,0,2,1,0,0,0,0,6,6,0,1,5,1,0,0,0,0,1,2,0,0,0,5,0,1,0,0,0,0
1814726,洪沢湖,33508,8716,False,2,42,0,3,0,0,0,3,0,0,0,1,6,6,0,1,3,1,0,0,0,0,1,0,6,2,0,2,2,3,1,0,0,1
1824689,月湖,24215,7291,False,0,17,0,3,0,1,0,1,0,1,0,0,2,2,1,1,1,0,0,0,0,0,0,0,0,0,0,1,1,2,0,0,0,0
1826400,砂沼,52840,11076,False,1,,,,,,,,,,,,,,,,,,,,,,,,,,,,,,,,,
1835826,せの海,46875,12852,False,0,15,0,9,0,0,0,1,0,0,0,0,0,0,0,0,2,0,0,0,0,0,0,0,0,0,0,1,0,2,0,0,0,0
1843588,月不見の池,27507,7589,False,0,,,,,,,,,,,,,,,,,,,,,,,,,,,,,,,,,
1846456,大沼池,52862,9834,False,0,,,,,,,,,,,,,,,,,,,,,,,,,,,,,,,,,
1855309,フルン湖,38279,12251,False,1,,,,,,,,,,,,,,,,,,,,,,,,,,,,,,,,,
1861745,ハサン湖,26074,6695,False,1,,,,,,,,,,,,,,,,,,,,,,,,,,,,,,,,,
1862304,大柏川第一調節池緑地,46799,14918,False,0,,,,,,,,,,,,,,,,,,,,,,,,,,,,,,,,,
1867664,琵琶池,51063,9798,False,0,,,,,,,,,,,,,,,,,,,,,,,,,,,,,,,,,
1890087,アイディン湖,38848,10347,False,1,,,,,,,,,,,,,,,,,,,,,,,,,,,,,,,,,
1901187,白駒の池,72606,18066,False,1,39,0,5,0,1,2,0,0,0,0,0,4,4,0,2,4,2,3,0,0,0,1,2,1,0,0,3,0,1,0,2,0,2
1918894,十二社池,23579,6695,False,0,9,0,0,0,0,0,0,0,0,0,0,1,1,2,0,2,0,0,0,0,0,0,0,0,0,0,1,1,1,0,0,0,0
1930330,田光沼,32141,8314,False,1,17,0,0,0,0,1,0,0,0,0,0,2,2,0,2,2,0,0,0,0,0,1,1,0,0,0,3,0,1,0,1,0,1
1933579,ジェリド湖,30700,7888,False,1,36,0,2,0,0,0,3,0,0,1,0,6,6,0,1,2,0,0,0,0,0,4,1,0,1,1,4,0,1,0,0,1,2
1938677,白竜湖,37821,9957,False,1,,,,,,,,,,,,,,,,,,,,,,,,,,,,,,,,,
1954629,マレボ湖,28557,8247,False,0,,,,,,,,,,,,,,,,,,,,,,,,,,,,,,,,,
1966541,大山上池・下池,60800,11430,False,1,,,,,,,,,,,,,,,,,,,,,,,,,,,,,,,,,
1974047,チウタ湖,28865,7717,False,1,,,,,,,,,,,,,,,,,,,,,,,,,,,,,,,,,
1974049,チルワ湖,29339,8112,False,1,,,,,,,,,,,,,,,,,,,,,,,,,,,,,,,,,
1974823,マロンベ湖,29461,7570,False,1,,,,,,,,,,,,,,,,,,,,,,,,,,,,,,,,,
1978252,ブイル湖,33343,9414,False,1,,,,,,,,,,,,,,,,,,,,,,,,,,,,,,,,,
1978717,瀘沽湖,29373,7474,False,1,23,0,3,0,0,0,2,1,0,0,0,2,2,0,0,2,2,0,0,0,0,1,2,1,0,0,1,0,2,0,0,0,2
1990840,フブスグル湖,44778,13043,False,1,,,,,,,,,,,,,,,,,,,,,,,,,,,,,,,,,
2003416,四尾連湖,66339,12664,False,1,,,,,,,,,,,,,,,,,,,,,,,,,,,,,,,,,
2014989,久種湖,60694,11457,False,1,36,1,0,6,1,1,1,0,0,0,1,4,4,0,0,4,1,1,0,0,0,1,0,2,0,0,4,1,1,1,0,0,1
2032404,ピッチ湖,35808,8906,False,1,,,,,,,,,,,,,,,,,,,,,,,,,,,,,,,,,
2032816,ラ・ブレア・タールピット,30170,8776,False,0,16,1,3,2,1,0,1,0,0,0,0,3,3,0,0,1,0,0,0,0,0,0,0,0,0,0,1,0,0,0,0,0,0
2035418,半田池,32245,8091,False,1,,,,,,,,,,,,,,,,,,,,,,,,,,,,,,,,,
2040069,マカディカディ塩湖,28347,8821,False,0,,,,,,,,,,,,,,,,,,,,,,,,,,,,,,,,,
2040097,ンガミ湖,24664,6976,False,0,,,,,,,,,,,,,,,,,,,,,,,,,,,,,,,,,
2077869,須川湖 (秋田県),33172,7969,False,1,20,0,0,0,0,2,1,0,0,0,1,2,2,0,2,2,0,0,0,0,0,1,1,0,0,0,3,0,1,0,1,0,1
2089687,ギホン,26483,7750,False,0,,,,,,,,,,,,,,,,,,,,,,,,,,,,,,,,,
2095569,白土湖,31779,8339,False,1,21,1,0,0,0,0,1,0,0,1,0,2,2,2,2,4,0,0,0,0,0,1,0,1,0,0,2,0,1,0,0,1,0
2110920,アトリン湖,29297,7529,False,1,,,,,,,,,,,,,,,,,,,,,,,,,,,,,,,,,
2116541,ブレッド湖,29363,7922,False,1,,,,,,,,,,,,,,,,,,,,,,,,,,,,,,,,,
2150019,薬師池 (町田市),41717,11191,False,1,,,,,,,,,,,,,,,,,,,,,,,,,,,,,,,,,
2159741,ヤムドク湖,30614,7767,False,1,,,,,,,,,,,,,,,,,,,,,,,,,,,,,,,,,
2160287,マーナサローワル湖,37658,12540,False,1,29,0,8,0,1,0,2,0,0,0,0,4,4,0,0,4,0,0,0,0,0,1,0,1,0,0,1,0,1,0,0,0,2
2189954,清久大池,26529,7275,False,0,13,0,0,2,0,0,0,0,0,0,0,2,2,0,1,3,0,0,0,0,0,0,0,1,0,0,1,0,1,0,0,0,0
2190009,清久西池,26272,7067,False,0,,,,,,,,,,,,,,,,,,,,,,,,,,,,,,,,,
2197972,邑知潟,56167,10152,False,1,,,,,,,,,,,,,,,,,,,,,,,,,,,,,,,,,
2202538,ミネトンカ湖,23631,6911,False,0,,,,,,,,,,,,,,,,,,,,,,,,,,,,,,,,,
2205523,西ノ湖,67505,15174,False,1,,,,,,,,,,,,,,,,,,,,,,,,,,,,,,,,,
2210734,柴山沼,69626,14714,False,1,,,,,,,,,,,,,,,,,,,,,,,,,,,,,,,,,
2215117,須川湖 (長野県),37544,9825,False,1,,,,,,,,,,,,,,,,,,,,,,,,,,,,,,,,,
2216320,山ノ神沼,31690,9262,False,0,,,,,,,,,,,,,,,,,,,,,,,,,,,,,,,,,
2217602,アッタバード湖,28935,8442,False,0,,,,,,,,,,,,,,,,,,,,,,,,,,,,,,,,,
2221147,ヘネラル・カレーラ湖,42143,14556,False,1,,,,,,,,,,,,,,,,,,,,,,,,,,,,,,,,,
2224822,宝治戸池,28008,8087,False,0,,,,,,,,,,,,,,,,,,,,,,,,,,,,,,,,,
2224825,内池,27266,7870,False,0,,,,,,,,,,,,,,,,,,,,,,,,,,,,,,,,,
2224827,宝泉寺池,24249,6765,False,0,,,,,,,,,,,,,,,,,,,,,,,,,,,,,,,,,
2224830,栢山沼,30800,8809,False,0,,,,,,,,,,,,,,,,,,,,,,,,,,,,,,,,,
2224834,弁天沼 (埼玉県),26848,7361,False,0,14,0,0,0,0,0,0,0,0,0,0,1,1,1,0,2,0,0,0,0,0,0,0,5,0,0,3,0,1,0,0,0,0
2229744,神扇池,37914,10930,False,0,,,,,,,,,,,,,,,,,,,,,,,,,,,,,,,,,
2229748,大島新田調整池,34499,9525,False,0,,,,,,,,,,,,,,,,,,,,,,,,,,,,,,,,,
2239242,上池,24703,6787,False,0,,,,,,,,,,,,,,,,,,,,,,,,,,,,,,,,,
2249765,乾草沼,26373,7704,False,0,11,0,0,2,0,0,0,0,0,0,0,2,2,0,0,1,0,1,0,0,0,0,0,0,0,0,2,0,1,0,0,0,0
2255316,高須賀池,47189,13298,False,0,,,,,,,,,,,,,,,,,,,,,,,,,,,,,,,,,
2255681,タイミル湖,39208,13187,False,1,,,,,,,,,,,,,,,,,,,,,,,,,,,,,,,,,
2267968,久美浜湾,76719,18440,False,1,,,,,,,,,,,,,,,,,,,,,,,,,,,,,,,,,
2268097,ウィニペゴシス湖,37221,12907,False,1,54,0,5,1,1,0,2,0,1,2,0,4,4,0,0,4,2,0,0,0,0,1,2,13,5,0,1,0,0,0,0,3,3
2272350,ソゥリスヴァトン湖,33578,11416,False,1,,,,,,,,,,,,,,,,,,,,,,,,,,,,,,,,,
2280167,プレスパ湖,42229,14878,False,1,,,,,,,,,,,,,,,,,,,,,,,,,,,,,,,,,
2280243,マインドンベ湖,38857,13411,False,1,,,,,,,,,,,,,,,,,,,,,,,,,,,,,,,,,
2307272,善定寺池,29701,8691,False,0,,,,,,,,,,,,,,,,,,,,,,,,,,,,,,,,,
2325046,テナヤ湖,34316,8992,False,1,,,,,,,,,,,,,,,,,,,,,,,,,,,,,,,,,
2341329,千島湖,25737,7436,False,0,14,0,1,0,1,0,1,0,0,0,0,0,0,1,1,1,0,0,0,0,0,0,0,0,3,2,2,0,1,0,0,0,0
2354120,淡海湖,50973,10277,False,1,,,,,,,,,,,,,,,,,,,,,,,,,,,,,,,,,
2356459,御手洗池 (七尾市),53339,11193,False,1,,,,,,,,,,,,,,,,,,,,,,,,,,,,,,,,,
2357245,品井沼,102004,32596,False,1,,,,,,,,,,,,,,,,,,,,,,,,,,,,,,,,,
2358976,グリムスヴォトン,63380,18279,False,1,,,,,,,,,,,,,,,,,,,,,,,,,,,,,,,,,
2360518,亀池,53243,11124,False,1,29,1,0,0,0,1,1,0,2,0,0,6,6,2,0,2,0,1,0,0,0,1,0,0,0,0,3,0,1,1,0,0,1
2362418,ケリズ,30197,9163,False,0,,,,,,,,,,,,,,,,,,,,,,,,,,,,,,,,,
2369533,ソルトン湖,126618,37039,False,1,,,,,,,,,,,,,,,,,,,,,,,,,,,,,,,,,
2375164,境野沢ため池,50344,9924,False,1,,,,,,,,,,,,,,,,,,,,,,,,,,,,,,,,,
2375261,藤枝ため池,73478,14173,False,1,24,2,0,2,0,0,0,0,0,0,0,4,4,1,2,2,0,0,0,1,0,1,1,0,0,0,2,1,1,0,0,0,0
2377638,千貫石ため池,53943,11096,False,1,20,0,0,0,1,0,0,0,0,0,0,4,4,2,2,2,0,0,0,0,0,1,0,0,0,0,1,0,1,1,0,0,1
2377781,久保川流域ため池群,52468,10520,False,1,,,,,,,,,,,,,,,,,,,,,,,,,,,,,,,,,
2377849,有切ため池,51238,10275,False,1,,,,,,,,,,,,,,,,,,,,,,,,,,,,,,,,,
2377934,内田ため池,49730,10089,False,1,20,0,0,0,0,0,0,0,0,0,0,6,6,0,1,3,0,1,0,0,0,1,0,0,0,0,1,0,1,0,0,0,0
2378362,一丈木ため池,52069,10325,False,1,,,,,,,,,,,,,,,,,,,,,,,,,,,,,,,,,
2378371,ラーガルフリョゥト,39608,14018,False,1,27,0,3,0,1,0,1,0,0,2,0,4,4,0,0,2,2,0,0,0,0,0,0,4,0,0,1,0,0,0,0,2,1
2378438,小友沼,67622,13882,False,1,,,,,,,,,,,,,,,,,,,,,,,,,,,,,,,,,
2378451,ホゥプ潟湖,32651,11339,False,1,27,0,5,0,1,0,1,0,0,0,0,6,6,0,0,2,2,0,0,0,0,0,0,0,0,0,3,0,0,0,0,0,1
2378497,クヴィータゥルヴァトン湖,35872,12049,False,1,,,,,,,,,,,,,,,,,,,,,,,,,,,,,,,,,
2378508,クヴィースラヴァトン湖,33489,11253,False,1,,,,,,,,,,,,,,,,,,,,,,,,,,,,,,,,,
2378671,グライナロゥン湖,32574,11494,False,1,,,,,,,,,,,,,,,,,,,,,,,,,,,,,,,,,
2378678,スコルラダルスヴァトン湖,35775,12123,False,1,,,,,,,,,,,,,,,,,,,,,,,,,,,,,,,,,
2378836,アパヴァトン湖,32656,11450,False,1,22,0,3,1,1,0,2,1,0,0,0,4,4,0,0,1,0,0,0,0,0,0,0,0,0,2,1,0,0,0,0,0,2
2378849,スヴィーナヴァトン湖,37646,12571,False,1,,,,,,,,,,,,,,,,,,,,,,,,,,,,,,,,,
2378874,クレイヴァルヴァトン湖,39839,13331,False,1,,,,,,,,,,,,,,,,,,,,,,,,,,,,,,,,,
2378881,クヴァールヴァトン湖,34219,11540,False,1,,,,,,,,,,,,,,,,,,,,,,,,,,,,,,,,,
2379117,ヨークルスアゥルロゥン,70269,23000,False,1,74,0,6,15,1,0,6,0,0,0,0,6,6,1,1,4,3,0,0,0,1,0,1,3,3,0,4,4,0,1,0,2,6
2381046,徳良湖,51108,9935,False,1,,,,,,,,,,,,,,,,,,,,,,,,,,,,,,,,,
2381062,ヒータルヴァトン,40584,13963,False,1,,,,,,,,,,,,,,,,,,,,,,,,,,,,,,,,,
2381067,ブレイザゥルロゥン,33082,11228,False,1,20,0,2,0,1,0,3,0,0,0,0,4,4,0,0,3,0,0,0,0,0,0,0,0,0,0,3,0,0,0,0,0,0
2381075,ウルフリョゥスヴァトン,39072,12826,False,1,,,,,,,,,,,,,,,,,,,,,,,,,,,,,,,,,
2381078,ラゥンガヴァトン,35343,11987,False,1,46,0,2,1,1,0,2,1,0,0,1,6,6,0,1,6,1,0,0,0,0,0,0,13,0,0,3,0,0,0,0,0,2
2381084,フィヤトルスアゥルロゥン,35905,12097,False,1,,,,,,,,,,,,,,,,,,,,,,,,,,,,,,,,,
2381168,フロスターザヴァトン,34305,11668,False,1,21,0,1,0,1,0,2,0,0,0,1,4,4,0,0,2,0,0,0,0,1,0,0,0,0,0,1,2,0,0,0,0,2
2381185,ロイガルヴァトン,35396,12279,False,1,19,0,2,0,1,0,2,0,0,0,0,4,4,0,0,3,0,0,0,0,0,0,0,0,0,0,1,1,0,0,0,0,1
2381190,エトリザヴァトン,34415,11670,False,1,,,,,,,,,,,,,,,,,,,,,,,,,,,,,,,,,
2381194,フレーザヴァトン,35215,11644,False,1,,,,,,,,,,,,,,,,,,,,,,,,,,,,,,,,,
2381202,クヴィータヴァトン,32107,11456,False,1,,,,,,,,,,,,,,,,,,,,,,,,,,,,,,,,,
2381660,大沼 (小山市),52155,10488,False,1,,,,,,,,,,,,,,,,,,,,,,,,,,,,,,,,,
2382209,小中池,53298,10481,False,1,,,,,,,,,,,,,,,,,,,,,,,,,,,,,,,,,
2382288,月見が池,52049,10342,False,1,,,,,,,,,,,,,,,,,,,,,,,,,,,,,,,,,
2382859,あやめ公園池,61287,12212,False,1,,,,,,,,,,,,,,,,,,,,,,,,,,,,,,,,,
2382931,千人塚城ヶ池,54187,11159,False,1,37,3,0,2,0,0,0,0,0,0,0,6,6,3,3,2,2,3,0,0,0,1,0,2,0,0,1,0,1,0,0,0,2
2383363,たつの海,56526,11024,False,1,43,4,1,2,0,1,0,0,0,0,0,6,6,2,2,2,1,5,0,0,0,1,0,0,0,0,2,5,1,1,0,0,1
2383443,中郷温水池,60434,12475,False,1,30,0,0,2,0,0,0,0,0,0,0,4,4,2,1,5,0,0,0,0,0,1,0,7,0,1,1,1,1,0,0,0,0
2384143,坊ヶ池,52826,10361,False,1,,,,,,,,,,,,,,,,,,,,,,,,,,,,,,,,,
2384193,朝日池,51916,10360,False,1,31,0,0,7,0,0,0,0,0,0,0,6,6,2,2,2,0,2,0,0,0,1,0,0,0,0,2,0,1,0,0,0,0
2384305,舌洗池,29570,7683,False,1,14,0,0,0,0,0,0,0,0,0,0,4,4,0,1,2,0,0,0,0,0,1,0,0,0,0,1,0,1,0,0,0,0
2384382,古川沼,74180,25664,False,1,61,0,1,3,0,0,0,0,0,0,1,6,6,1,3,2,1,1,0,0,0,1,1,12,0,0,4,15,1,1,0,0,1
2384383,赤祖父溜池,58449,12001,False,1,,,,,,,,,,,,,,,,,,,,,,,,,,,,,,,,,
2384665,桜ヶ池 (南砺市),56705,11424,False,1,,,,,,,,,,,,,,,,,,,,,,,,,,,,,,,,,
2384717,漆沢の池,54827,11467,False,1,,,,,,,,,,,,,,,,,,,,,,,,,,,,,,,,,
2385402,芦ヶ池,51269,10304,False,1,,,,,,,,,,,,,,,,,,,,,,,,,,,,,,,,,
2385634,片田・野田のため池群,52517,10256,False,1,,,,,,,,,,,,,,,,,,,,,,,,,,,,,,,,,
2385839,新開池,29626,8799,False,0,,,,,,,,,,,,,,,,,,,,,,,,,,,,,,,,,
2385868,楠根ため,56011,10932,False,1,,,,,,,,,,,,,,,,,,,,,,,,,,,,,,,,,
2386858,西池,53118,10633,False,1,,,,,,,,,,,,,,,,,,,,,,,,,,,,,,,,,
2387825,寺田池,59685,12462,False,1,,,,,,,,,,,,,,,,,,,,,,,,,,,,,,,,,
2388431,浮島 (嘉島町),55986,11773,False,1,,,,,,,,,,,,,,,,,,,,,,,,,,,,,,,,,
2388853,大谷池,53596,11366,False,1,,,,,,,,,,,,,,,,,,,,,,,,,,,,,,,,,
2390786,大切畑ため池,80335,17899,False,1,,,,,,,,,,,,,,,,,,,,,,,,,,,,,,,,,
2390957,諏訪池,54317,11603,False,1,31,2,0,0,0,0,1,0,0,0,0,6,6,2,4,2,0,0,5,0,0,1,0,0,0,0,1,0,1,0,0,0,0
2392150,ツォナ湖,26753,7103,False,1,13,0,4,0,0,0,1,1,0,0,0,0,0,0,0,1,0,0,0,0,0,0,1,0,0,0,1,0,3,0,0,0,1
2392161,山大寺池,56034,11279,False,2,,,,,,,,,,,,,,,,,,,,,,,,,,,,,,,,,
2392219,深坂溜池,53714,10736,False,1,,,,,,,,,,,,,,,,,,,,,,,,,,,,,,,,,
2392308,国市池,55163,11397,False,1,28,0,2,6,1,0,1,0,0,0,0,4,4,0,0,3,0,0,0,0,0,1,0,1,0,1,1,0,1,1,0,0,1
2392372,池ノ内湖,51162,10409,False,1,,,,,,,,,,,,,,,,,,,,,,,,,,,,,,,,,
2392490,山谷大堤,55265,12553,False,1,,,,,,,,,,,,,,,,,,,,,,,,,,,,,,,,,
2392797,皿沼 (白岡市),32461,8888,False,0,,,,,,,,,,,,,,,,,,,,,,,,,,,,,,,,,
2396999,弁天池 (安芸市),52441,10240,False,1,,,,,,,,,,,,,,,,,,,,,,,,,,,,,,,,,
2401083,出流原弁天池,52994,11029,False,1,,,,,,,,,,,,,,,,,,,,,,,,,,,,,,,,,
2402906,丸池 (湧水町),49453,9971,False,1,,,,,,,,,,,,,,,,,,,,,,,,,,,,,,,,,
2407605,古神戸湖,27792,7796,False,0,3,0,0,0,0,0,0,0,0,0,0,0,0,0,0,1,0,0,0,0,0,0,0,0,0,0,1,0,1,0,0,0,0
2408893,夫婦池,30560,8197,False,1,,,,,,,,,,,,,,,,,,,,,,,,,,,,,,,,,
2414101,仕出沼,25357,6670,False,0,10,0,1,0,0,0,0,0,0,0,0,2,2,0,0,3,0,0,0,0,0,0,0,0,0,0,1,0,1,0,0,0,0
2415665,ジェリーフィッシュレイク,77591,26784,False,1,79,0,3,39,0,0,3,0,0,2,2,6,6,1,0,4,0,0,0,0,1,1,0,0,0,0,4,0,0,2,1,2,2
2422235,別府弁天池,53936,11403,False,1,29,0,1,0,0,0,0,0,0,0,0,6,6,0,2,3,0,0,0,0,0,1,0,0,0,0,1,8,1,0,0,0,0
2430877,西バライ,44675,11384,False,1,,,,,,,,,,,,,,,,,,,,,,,,,,,,,,,,,
2431632,才谷ヶ池,30205,8614,False,0,,,,,,,,,,,,,,,,,,,,,,,,,,,,,,,,,
2432207,オハナ池,29718,8504,False,0,,,,,,,,,,,,,,,,,,,,,,,,,,,,,,,,,
2433098,小林沼,30369,8681,False,0,,,,,,,,,,,,,,,,,,,,,,,,,,,,,,,,,
2438182,笠原沼,30471,8660,False,0,,,,,,,,,,,,,,,,,,,,,,,,,,,,,,,,,
2438414,雷電池 (久喜市),29614,8068,False,0,,,,,,,,,,,,,,,,,,,,,,,,,,,,,,,,,
2476320,イェルマレン湖,32267,7864,False,1,30,0,1,0,0,0,2,0,1,2,2,4,4,0,0,1,1,0,0,0,0,0,0,1,4,0,1,0,1,1,0,2,2
2486021,柳生沼,30887,7993,False,1,21,0,0,0,0,0,0,0,0,0,0,4,4,3,2,4,0,0,0,0,0,1,0,1,0,0,1,0,1,0,0,0,0
2487571,熊坂どぶ,25752,7176,False,0,,,,,,,,,,,,,,,,,,,,,,,,,,,,,,,,,
2487572,大室沼,26566,7264,False,0,,,,,,,,,,,,,,,,,,,,,,,,,,,,,,,,,
2487575,油井ヶ島沼,28162,7972,False,0,,,,,,,,,,,,,,,,,,,,,,,,,,,,,,,,,
2487585,大沼 (加須市),27615,7422,False,0,,,,,,,,,,,,,,,,,,,,,,,,,,,,,,,,,
2490738,北辻沼,26152,7066,False,0,9,0,0,0,1,0,0,0,0,0,0,1,1,0,0,3,0,0,0,0,0,0,0,0,0,1,1,0,1,0,0,0,0
2493111,香林寺池,26498,7389,False,0,,,,,,,,,,,,,,,,,,,,,,,,,,,,,,,,,
2512887,パンケ沼,29824,8400,False,0,25,0,3,4,1,0,0,0,0,0,0,1,1,0,0,3,0,4,0,0,1,2,0,0,0,1,2,0,1,0,0,0,1
2519245,東湖 (武漢市),69960,11329,False,0,,,,,,,,,,,,,,,,,,,,,,,,,,,,,,,,,
2519773,イサバル湖,34682,11721,False,1,,,,,,,,,,,,,,,,,,,,,,,,,,,,,,,,,
2548694,灰原池,32893,8766,False,1,,,,,,,,,,,,,,,,,,,,,,,,,,,,,,,,,
2563232,フィンガーレイクス,47520,19532,False,0,,,,,,,,,,,,,,,,,,,,,,,,,,,,,,,,,
2581484,牛留池,33098,8368,False,1,,,,,,,,,,,,,,,,,,,,,,,,,,,,,,,,,
2584653,縫ノ池,36987,11150,False,0,,,,,,,,,,,,,,,,,,,,,,,,,,,,,,,,,
2592895,八幡沼 (加須市),33301,8966,False,0,9,0,0,0,0,0,0,0,0,0,0,1,1,0,0,3,0,0,0,0,0,0,0,0,0,0,3,0,1,0,0,0,0
2594267,屈巣沼,29206,8281,False,0,,,,,,,,,,,,,,,,,,,,,,,,,,,,,,,,,
2594562,青い池,48644,13515,False,0,13,0,2,0,1,0,0,0,0,0,0,0,0,0,1,5,0,0,0,0,0,0,1,0,0,0,2,0,1,0,0,0,0
2596404,蓮池潭,41623,10882,False,0,,,,,,,,,,,,,,,,,,,,,,,,,,,,,,,,,
2599561,始華湖,34392,10399,False,1,,,,,,,,,,,,,,,,,,,,,,,,,,,,,,,,,
2600390,ウォールデン池,43135,12612,False,1,,,,,,,,,,,,,,,,,,,,,,,,,,,,,,,,,
2606118,明神池 (萩市),29745,8537,False,0,23,0,0,11,0,0,0,0,0,0,0,2,2,0,2,1,0,0,0,0,0,1,0,0,0,0,3,0,1,0,0,0,0
2606120,明神池 (沼津市),24308,6624,False,0,,,,,,,,,,,,,,,,,,,,,,,,,,,,,,,,,
2617863,インヤー湖,35530,13407,False,1,,,,,,,,,,,,,,,,,,,,,,,,,,,,,,,,,
2622488,ネミ湖,72195,26569,False,1,,,,,,,,,,,,,,,,,,,,,,,,,,,,,,,,,
2626064,ニピシング湖,53809,15689,False,1,,,,,,,,,,,,,,,,,,,,,,,,,,,,,,,,,
2629278,加古大池,32847,7986,False,1,29,0,1,0,0,1,0,0,0,0,0,6,6,2,2,2,0,2,0,0,0,1,0,0,0,0,3,0,1,1,0,0,1
2671445,ヘーヴィーズ湖,32467,9338,False,1,,,,,,,,,,,,,,,,,,,,,,,,,,,,,,,,,
2689351,チュニス湖,29827,8354,False,0,,,,,,,,,,,,,,,,,,,,,,,,,,,,,,,,,
2693263,レイニー湖,36726,12001,False,1,,,,,,,,,,,,,,,,,,,,,,,,,,,,,,,,,
2693910,パンゴン湖,41561,13989,False,1,,,,,,,,,,,,,,,,,,,,,,,,,,,,,,,,,
2695065,レッサースレーブ湖,32908,9808,False,0,,,,,,,,,,,,,,,,,,,,,,,,,,,,,,,,,
2695476,アイダール湖,39263,10755,False,1,,,,,,,,,,,,,,,,,,,,,,,,,,,,,,,,,
2741436,サリカミシュ湖,38218,12566,False,1,,,,,,,,,,,,,,,,,,,,,,,,,,,,,,,,,
2750188,お玉ヶ池 (箱根町),32790,8805,False,0,,,,,,,,,,,,,,,,,,,,,,,,,,,,,,,,,
2750658,アッベ湖,40039,13765,False,1,,,,,,,,,,,,,,,,,,,,,,,,,,,,,,,,,
2752975,マッコーネル湖,27815,8854,False,0,,,,,,,,,,,,,,,,,,,,,,,,,,,,,,,,,
2762446,長井戸沼,35177,9017,False,0,,,,,,,,,,,,,,,,,,,,,,,,,,,,,,,,,
2777403,大中湖,64751,19419,False,1,,,,,,,,,,,,,,,,,,,,,,,,,,,,,,,,,
2778409,鵠戸沼,32800,9064,False,0,6,0,0,0,0,0,0,0,0,0,0,0,0,0,0,3,0,0,0,0,0,0,0,0,0,0,1,0,1,0,0,0,1
2781031,イロパンゴ湖,44189,10227,False,1,,,,,,,,,,,,,,,,,,,,,,,,,,,,,,,,,
2781655,一ノ谷沼,35969,10088,False,0,22,0,0,13,0,0,0,0,0,0,0,0,0,0,0,2,0,4,0,0,0,0,0,0,0,1,1,0,1,0,0,0,0
2793760,カルボン湖,38951,9621,False,1,31,0,1,0,0,0,2,0,0,1,0,4,4,0,0,2,0,0,0,0,0,1,3,0,4,0,5,0,1,0,0,1,2
2793761,マル・チキータ,40141,10480,False,1,,,,,,,,,,,,,,,,,,,,,,,,,,,,,,,,,
2793762,マール・メノール,42243,10463,False,1,,,,,,,,,,,,,,,,,,,,,,,,,,,,,,,,,
2802797,ファグナーノ湖,43719,10610,False,1,,,,,,,,,,,,,,,,,,,,,,,,,,,,,,,,,
2802800,オイギンス湖,44907,11517,False,1,,,,,,,,,,,,,,,,,,,,,,,,,,,,,,,,,
2804464,ウニアンガ湖群,50805,14335,False,1,,,,,,,,,,,,,,,,,,,,,,,,,,,,,,,,,
2804466,大地溝帯にあるケニアの湖沼群,63440,15740,False,1,,,,,,,,,,,,,,,,,,,,,,,,,,,,,,,,,
2809488,ナウエル・ウアピ湖,49793,13230,False,1,55,1,2,5,1,0,2,0,4,2,2,6,6,0,0,1,2,0,0,0,0,0,4,6,2,0,2,0,1,0,0,2,4
2816764,メルリール湖,53536,14193,False,1,,,,,,,,,,,,,,,,,,,,,,,,,,,,,,,,,
2835228,がま池,33163,9184,False,1,,,,,,,,,,,,,,,,,,,,,,,,,,,,,,,,,
2853640,ウッズ湖,51727,21749,False,1,,,,,,,,,,,,,,,,,,,,,,,,,,,,,,,,,
2859932,西の湖,58064,10727,False,1,,,,,,,,,,,,,,,,,,,,,,,,,,,,,,,,,
2866604,温根沼,79170,16515,False,1,57,1,0,18,0,2,0,0,0,0,0,4,4,0,1,3,1,9,0,0,0,1,0,3,0,2,4,2,1,0,0,0,1
2872271,リッフェル湖,35242,11787,False,1,22,0,2,0,0,0,2,0,0,0,0,4,4,0,0,3,1,0,0,0,0,0,2,0,0,0,1,0,1,0,0,0,2
2875588,シルヴァプラーナ湖,40925,13082,False,1,,,,,,,,,,,,,,,,,,,,,,,,,,,,,,,,,
2884668,インレー湖,74338,25484,False,1,,,,,,,,,,,,,,,,,,,,,,,,,,,,,,,,,
2885639,シルス湖,42999,13634,False,1,41,0,4,0,0,0,2,0,2,0,1,4,4,0,1,3,1,0,0,0,0,0,2,1,9,0,2,0,1,1,0,1,2
2905017,ボステン湖,75281,12384,False,1,,,,,,,,,,,,,,,,,,,,,,,,,,,,,,,,,
2920958,シーダー湖 (マニトバ州),36201,11875,False,1,18,0,0,0,0,0,2,0,0,0,0,4,4,0,0,2,0,0,0,0,0,0,0,3,2,0,1,0,0,0,0,0,0
2926227,チェコ湖,47749,12526,False,1,,,,,,,,,,,,,,,,,,,,,,,,,,,,,,,,,
2943383,アガシー湖,74840,17180,False,0,18,0,1,0,1,0,0,0,0,0,0,2,2,1,1,2,0,0,0,0,0,0,0,7,0,0,1,0,0,0,0,0,0
2957789,夜の池,43405,10261,False,1,,,,,,,,,,,,,,,,,,,,,,,,,,,,,,,,,
2966274,女神湖,98879,21705,False,1,,,,,,,,,,,,,,,,,,,,,,,,,,,,,,,,,
2966505,プトラジャヤ湖,31541,11316,False,1,,,,,,,,,,,,,,,,,,,,,,,,,,,,,,,,,
2969715,赤坂沼,35139,9628,False,0,36,0,0,4,0,1,0,0,0,0,0,3,3,0,1,5,0,14,0,0,0,0,0,0,2,0,2,0,1,0,0,0,0
2978449,春採湖,105466,22319,False,1,,,,,,,,,,,,,,,,,,,,,,,,,,,,,,,,,
2978850,パウエル湖,72417,31152,False,1,,,,,,,,,,,,,,,,,,,,,,,,,,,,,,,,,
3000664,大山沼,33174,9074,False,0,14,0,0,0,0,0,0,0,0,2,0,0,0,0,0,2,0,1,0,0,0,0,0,0,2,0,2,0,1,0,0,2,2
3000999,ニピゴン湖,68709,23869,False,1,,,,,,,,,,,,,,,,,,,,,,,,,,,,,,,,,
3001765,シムコー湖,73164,27267,False,1,93,0,6,13,2,0,2,0,12,3,2,4,4,1,1,5,2,0,0,0,0,0,0,11,14,0,1,1,0,2,1,3,3
3011764,ウィネベーゴ湖,67299,18514,False,1,,,,,,,,,,,,,,,,,,,,,,,,,,,,,,,,,
3027103,赤池 (山梨県),36882,8740,False,1,,,,,,,,,,,,,,,,,,,,,,,,,,,,,,,,,
3037616,チャルハン塩湖,29081,8318,False,0,,,,,,,,,,,,,,,,,,,,,,,,,,,,,,,,,
3037646,エビ湖,40996,13920,False,1,,,,,,,,,,,,,,,,,,,,,,,,,,,,,,,,,
3074891,キニー湖,31854,9620,False,0,,,,,,,,,,,,,,,,,,,,,,,,,,,,,,,,,
3082755,バーグ湖,40876,14256,False,0,,,,,,,,,,,,,,,,,,,,,,,,,,,,,,,,,
3094879,浄ノ池特有魚類生息地,199919,81086,False,1,,,,,,,,,,,,,,,,,,,,,,,,,,,,,,,,,
3107872,宝蔵寺沼,33803,9303,False,0,,,,,,,,,,,,,,,,,,,,,,,,,,,,,,,,,
3109086,埼玉沼,37829,10810,False,0,29,0,4,0,0,2,0,0,0,2,0,0,0,0,0,6,0,0,0,0,0,0,0,5,4,0,3,0,1,0,0,2,0
3112193,大池 (行田市),29146,7944,False,0,,,,,,,,,,,,,,,,,,,,,,,,,,,,,,,,,
3113847,小埼沼,33127,8864,False,0,,,,,,,,,,,,,,,,,,,,,,,,,,,,,,,,,
3113976,長善沼,31313,8314,False,0,,,,,,,,,,,,,,,,,,,,,,,,,,,,,,,,,
3116264,東城沼,31955,8465,False,0,,,,,,,,,,,,,,,,,,,,,,,,,,,,,,,,,
3116481,西城沼,33914,9056,False,0,,,,,,,,,,,,,,,,,,,,,,,,,,,,,,,,,
3119067,紫雲寺潟,28690,8708,False,0,,,,,,,,,,,,,,,,,,,,,,,,,,,,,,,,,
3119555,慈恩寺沼,35453,9797,False,0,14,3,1,0,0,0,0,0,0,0,0,0,0,0,1,3,0,1,0,0,0,0,0,3,0,0,1,0,1,0,0,0,0
3121741,大堀池,34222,9634,False,0,,,,,,,,,,,,,,,,,,,,,,,,,,,,,,,,,
3125345,新堀池,32076,8476,False,0,,,,,,,,,,,,,,,,,,,,,,,,,,,,,,,,,
3127664,大池 (春日部市),31770,8336,False,0,,,,,,,,,,,,,,,,,,,,,,,,,,,,,,,,,
3129377,平筒沼,32773,7946,False,1,,,,,,,,,,,,,,,,,,,,,,,,,,,,,,,,,
3133149,薬師沼 (春日部市),33999,9243,False,0,,,,,,,,,,,,,,,,,,,,,,,,,,,,,,,,,
3140143,芝川第一調節池,26843,7763,False,0,,,,,,,,,,,,,,,,,,,,,,,,,,,,,,,,,
3189082,ドンフアン池,43396,11364,False,1,,,,,,,,,,,,,,,,,,,,,,,,,,,,,,,,,
3205854,ジャンキウェ湖,32374,10878,False,1,,,,,,,,,,,,,,,,,,,,,,,,,,,,,,,,,
3223319,ペワ湖,42788,11608,False,1,,,,,,,,,,,,,,,,,,,,,,,,,,,,,,,,,
3235698,深作沼,38408,10941,False,0,10,0,2,0,0,0,0,0,0,0,0,0,0,0,0,4,0,0,2,0,0,0,0,0,0,0,1,0,1,0,0,0,0
3241192,ラークシャスタール湖,32309,11082,False,1,,,,,,,,,,,,,,,,,,,,,,,,,,,,,,,,,
3242107,蛙股池,27781,7686,False,0,,,,,,,,,,,,,,,,,,,,,,,,,,,,,,,,,
3249598,水尻池,147260,33230,False,1,,,,,,,,,,,,,,,,,,,,,,,,,,,,,,,,,
3260984,モエリス湖,33706,11304,False,0,,,,,,,,,,,,,,,,,,,,,,,,,,,,,,,,,
3273684,サビーン湖,20948,5660,False,0,17,0,1,0,0,0,1,0,0,1,0,0,0,0,0,1,0,0,0,0,0,1,0,3,5,0,1,0,0,0,0,1,2
3274257,グライフェン湖,30007,7571,False,1,16,0,2,0,1,0,3,0,0,0,0,0,0,0,0,1,1,0,0,0,0,1,1,0,1,0,2,0,1,1,0,0,1
3287372,ルクワ湖,25912,6988,False,1,,,,,,,,,,,,,,,,,,,,,,,,,,,,,,,,,
3298292,離湖,59432,10950,False,1,,,,,,,,,,,,,,,,,,,,,,,,,,,,,,,,,
3299335,小合溜井,30718,8508,False,0,,,,,,,,,,,,,,,,,,,,,,,,,,,,,,,,,
3302144,大吉調節池,25162,7106,False,0,,,,,,,,,,,,,,,,,,,,,,,,,,,,,,,,,
3314027,湯山池,88805,26369,False,1,,,,,,,,,,,,,,,,,,,,,,,,,,,,,,,,,
3323513,ラレオ湖,25836,6774,False,0,,,,,,,,,,,,,,,,,,,,,,,,,,,,,,,,,
3325631,上谷沼調節池,29346,8548,False,0,,,,,,,,,,,,,,,,,,,,,,,,,,,,,,,,,
3326127,桜木調節池,25251,7179,False,0,9,1,0,0,0,0,0,0,0,0,0,1,1,1,0,1,0,0,0,0,0,0,0,0,0,0,1,0,1,1,0,0,1
3326720,瓦曽根溜井,25634,7108,False,0,,,,,,,,,,,,,,,,,,,,,,,,,,,,,,,,,
3326730,松伏溜井,25608,6877,False,0,10,0,2,0,0,0,0,0,0,0,0,0,1,1,1,2,0,1,0,0,0,0,0,0,0,0,1,0,1,0,0,0,0
3343077,黒沼,41757,12504,False,0,,,,,,,,,,,,,,,,,,,,,,,,,,,,,,,,,
3364686,横根沼,33410,8777,False,0,,,,,,,,,,,,,,,,,,,,,,,,,,,,,,,,,
3387246,サンジャン湖,33956,8475,False,1,,,,,,,,,,,,,,,,,,,,,,,,,,,,,,,,,
3414418,モネの池,83689,21956,False,1,47,0,3,11,1,1,1,0,0,0,0,4,4,1,1,2,1,12,0,0,0,1,0,0,0,0,2,0,1,0,0,0,1
3415799,イエローヘッド湖,24304,7017,False,0,,,,,,,,,,,,,,,,,,,,,,,,,,,,,,,,,
3446604,飯沼,23647,6985,False,0,,,,,,,,,,,,,,,,,,,,,,,,,,,,,,,,,
3456397,コンプリダ湖,23718,6841,False,0,8,0,1,0,0,1,0,0,0,0,0,0,0,0,1,1,1,0,0,0,0,0,1,0,0,0,1,0,0,0,0,0,1
3456398,ネグラ湖,26138,7546,False,0,,,,,,,,,,,,,,,,,,,,,,,,,,,,,,,,,
3484533,チプトネティクック湖,28167,7347,False,0,,,,,,,,,,,,,,,,,,,,,,,,,,,,,,,,,
3506640,アンキュルス湖,22193,5803,False,0,,,,,,,,,,,,,,,,,,,,,,,,,,,,,,,,,
3509025,生実池,34836,8394,False,2,,,,,,,,,,,,,,,,,,,,,,,,,,,,,,,,,
3514218,騰波ノ江,28760,7711,False,0,9,0,2,0,0,0,0,0,0,0,0,0,0,1,1,1,0,0,0,0,0,0,0,2,0,0,1,0,1,0,0,0,0
3517196,刈込池,34182,8405,False,1,,,,,,,,,,,,,,,,,,,,,,,,,,,,,,,,,
3517497,ループクンド湖,69347,17236,False,1,,,,,,,,,,,,,,,,,,,,,,,,,,,,,,,,,
3523244,ウォーターヘン湖 (マニトバ州),24018,6671,False,0,9,0,1,0,0,0,1,0,0,0,0,0,0,0,0,3,0,0,0,0,0,0,0,3,0,0,1,0,0,0,0,0,0
3523399,クロス湖 (マニトバ州),24905,7082,False,0,,,,,,,,,,,,,,,,,,,,,,,,,,,,,,,,,
3538187,ゴッズ湖,26429,7467,False,0,,,,,,,,,,,,,,,,,,,,,,,,,,,,,,,,,
3539453,モルソン湖 (マニトバ州),26578,7295,False,0,12,0,0,0,0,0,1,0,0,1,0,0,0,0,0,2,0,0,0,0,0,0,1,4,0,0,1,0,0,0,0,1,1
3540772,鈴沼,30800,7529,False,1,,,,,,,,,,,,,,,,,,,,,,,,,,,,,,,,,
3542688,サザンインディアン湖,27085,7515,False,0,,,,,,,,,,,,,,,,,,,,,,,,,,,,,,,,,
3547064,バーニック湖,26877,7228,False,0,,,,,,,,,,,,,,,,,,,,,,,,,,,,,,,,,
3547140,ウォラストン湖,36520,9562,False,1,,,,,,,,,,,,,,,,,,,,,,,,,,,,,,,,,
3550700,ブラック湖 (サスカチュワン州),36261,11941,False,1,,,,,,,,,,,,,,,,,,,,,,,,,,,,,,,,,
3551194,セルウィン湖,35117,11717,False,1,,,,,,,,,,,,,,,,,,,,,,,,,,,,,,,,,
3586699,蓮池 (出雲市),33182,8096,False,1,,,,,,,,,,,,,,,,,,,,,,,,,,,,,,,,,
3587495,丸池 (静岡県),46221,10905,False,1,,,,,,,,,,,,,,,,,,,,,,,,,,,,,,,,,
3591759,サナブリア湖,41837,10372,False,1,36,4,1,0,0,1,2,0,0,1,2,4,4,0,1,2,2,0,0,0,0,1,1,3,0,0,3,0,0,1,0,1,2
3606034,竜ヶ池 (名古屋市),40806,10968,False,1,,,,,,,,,,,,,,,,,,,,,,,,,,,,,,,,,
3608495,マンコ湖 (カナダ),31999,11285,False,1,,,,,,,,,,,,,,,,,,,,,,,,,,,,,,,,,
3608508,マンコ湖 (チリ),23740,6463,False,0,,,,,,,,,,,,,,,,,,,,,,,,,,,,,,,,,
3609629,竜ヶ池 (鈴鹿市),45177,10983,False,1,,,,,,,,,,,,,,,,,,,,,,,,,,,,,,,,,
3615439,東平湖,29265,8482,False,0,6,0,0,0,0,0,1,0,0,0,0,0,0,0,0,1,0,0,0,0,0,0,0,0,0,0,2,0,2,0,0,0,0
3615790,仙禄湖,64647,16090,False,1,,,,,,,,,,,,,,,,,,,,,,,,,,,,,,,,,
3616589,キャメロン湖 (オンタリオ州),21925,6117,False,0,,,,,,,,,,,,,,,,,,,,,,,,,,,,,,,,,
3617107,オナイダ湖,30629,9798,False,0,,,,,,,,,,,,,,,,,,,,,,,,,,,,,,,,,
3618696,マン湖,27044,7633,False,0,,,,,,,,,,,,,,,,,,,,,,,,,,,,,,,,,
3619099,リーチ湖,22678,7200,False,0,18,0,1,2,0,2,1,0,0,0,0,0,0,0,0,4,2,0,0,0,0,0,0,2,0,0,2,0,0,0,0,0,2
3619957,安積沼,30464,8076,False,0,,,,,,,,,,,,,,,,,,,,,,,,,,,,,,,,,
3624115,羅臼湖,60525,11206,False,1,,,,,,,,,,,,,,,,,,,,,,,,,,,,,,,,,
3637073,ペテン・イツァ湖,39671,12951,False,1,48,0,1,20,0,0,2,0,0,1,0,5,6,0,0,1,2,0,0,0,0,0,1,0,0,5,1,0,0,0,0,1,2
3643229,マン・マン湖,23078,6436,False,0,,,,,,,,,,,,,,,,,,,,,,,,,,,,,,,,,
3644046,菅沼 (群馬県),78487,14693,False,1,,,,,,,,,,,,,,,,,,,,,,,,,,,,,,,,,
3650540,ソンクラー湖,38338,13559,False,1,,,,,,,,,,,,,,,,,,,,,,,,,,,,,,,,,
3685131,クレーター湖,99858,27527,False,1,,,,,,,,,,,,,,,,,,,,,,,,,,,,,,,,,
