page_id,title,html_file_size,text_file_size,is_disambiguation_page,infobox_count,num_annotations,代表者,代表者の地位職業,初代代表者,別名,国,後継組織,成立年,成立時の構成組織,所在地,種類,解散年,読み
5157,ヤマト王権,184797,82841,False,0,,,,,,,,,,,,,
6437,室町幕府,86124,28605,False,1,,,,,,,,,,,,,
6589,プトレマイオス朝,161782,21957,False,1,,,,,,,,,,,,,
6881,イスラム帝国,59600,16220,False,0,,,,,,,,,,,,,
7723,清,230006,71696,False,0,,,,,,,,,,,,,
8128,魏 (三国),100811,26910,False,0,,,,,,,,,,,,,
8455,江戸幕府,148913,87113,False,2,,,,,,,,,,,,,
8581,明,132493,49549,False,2,,,,,,,,,,,,,
9119,熱心党,26017,7878,False,0,,,,,,,,,,,,,
11919,唐,375709,185580,False,0,,,,,,,,,,,,,
13541,後梁,92356,12551,False,0,,,,,,,,,,,,,
13567,後唐,46338,12882,False,0,,,,,,,,,,,,,
13713,元 (王朝),214391,95086,False,0,,,,,,,,,,,,,
13714,金 (王朝),128651,25707,False,0,,,,,,,,,,,,,
13719,遼,108873,19336,False,0,,,,,,,,,,,,,
14068,前漢,244978,105173,False,0,,,,,,,,,,,,,
14070,北宋,184983,79595,False,0,,,,,,,,,,,,,
14072,南宋,113276,37216,False,0,,,,,,,,,,,,,
14080,漢,72181,18364,False,1,,,,,,,,,,,,,
14170,サーサーン朝,159719,46808,False,0,,,,,,,,,,,,,
15338,アケメネス朝,140554,22844,False,0,,,,,,,,,,,,,
15525,ウマイヤ朝,146087,33031,False,0,,,,,,,,,,,,,
15527,アッバース朝,239779,45389,False,0,,,,,,,,,,,,,
16229,後金,46524,9642,False,0,,,,,,,,,,,,,
16534,ハーシム家,183124,17410,False,1,,,,,,,,,,,,,
16636,周,85025,24912,False,0,,,,,,,,,,,,,
16794,台湾民主国,60247,18863,False,1,,,,,,,,,,,,,
16907,在日本朝鮮人総聯合会,156008,37449,False,2,112,2,10,0,61,13,0,3,1,4,15,0,3
16924,三代 (中国史),20656,5372,False,0,,,,,,,,,,,,,
19972,蝦夷共和国,67713,23267,False,2,,,,,,,,,,,,,
20058,東トルキスタン共和国,103956,33196,False,0,,,,,,,,,,,,,
20417,秦,117082,30289,False,0,,,,,,,,,,,,,
20460,奥羽越列藩同盟,120834,40317,False,0,,,,,,,,,,,,,
21320,殷,73290,21500,False,0,,,,,,,,,,,,,
26000,パフラヴィー朝,57437,13316,False,0,,,,,,,,,,,,,
26350,阮朝,112621,35252,False,0,,,,,,,,,,,,,
26364,ヴィシー政権,200530,63981,False,5,,,,,,,,,,,,,
27031,ムハンマド・アリー朝,79534,21614,False,0,,,,,,,,,,,,,
28800,赤瀾会,41525,18012,False,0,,,,,,,,,,,,,
29034,西夏,61000,16519,False,0,,,,,,,,,,,,,
30508,新婦人協会,51830,23303,False,0,,,,,,,,,,,,,
30574,コミンテルン,139787,41197,False,1,,,,,,,,,,,,,
30576,第四インターナショナル,167009,47168,False,1,,,,,,,,,,,,,
31398,後漢,99360,32603,False,0,,,,,,,,,,,,,
31503,新,50777,10470,False,0,,,,,,,,,,,,,
32750,テューダー朝,134200,15640,False,0,,,,,,,,,,,,,
33081,ボリシェヴィキ,32800,9403,False,0,,,,,,,,,,,,,
33839,平原派,167132,23871,False,0,8,0,0,0,4,0,0,1,0,0,2,0,1
33861,アンシャン・レジーム,178135,27091,False,0,,,,,,,,,,,,,
39228,クー・クラックス・クラン,95970,32537,False,1,,,,,,,,,,,,,
39803,ニカイア帝国,88676,15720,False,0,,,,,,,,,,,,,
40056,魯,49356,10594,False,1,,,,,,,,,,,,,
40063,呉 (三国),105931,32058,False,0,,,,,,,,,,,,,
40213,隋,157547,38016,False,0,,,,,,,,,,,,,
40247,宋 (南朝),103871,23132,False,0,,,,,,,,,,,,,
40588,建武の新政,86018,30422,False,1,,,,,,,,,,,,,
40787,五奉行,45865,10904,False,0,,,,,,,,,,,,,
44242,ムワッヒド朝,53022,13842,False,0,,,,,,,,,,,,,
44243,ムラービト朝,63772,18663,False,0,,,,,,,,,,,,,
44288,後ウマイヤ朝,85238,15847,False,0,,,,,,,,,,,,,
45479,南ベトナム解放民族戦線,56552,17766,False,1,,,,,,,,,,,,,
46979,コンゴ・ザイール解放民主勢力連合,28560,7755,False,0,,,,,,,,,,,,,
47669,エチオピア人民革命民主戦線,28607,7067,False,0,,,,,,,,,,,,,
49027,西晋,143263,36189,False,0,,,,,,,,,,,,,
50853,デロス同盟,28259,8984,False,0,,,,,,,,,,,,,
52868,ヴァロワ朝,81971,15225,False,5,,,,,,,,,,,,,
52871,カペー朝,95358,19106,False,5,,,,,,,,,,,,,
52876,カロリング朝,214042,49257,False,5,,,,,,,,,,,,,
52925,薩長同盟,35849,12794,False,0,,,,,,,,,,,,,
53172,東トルキスタンイスラム運動,62391,15936,False,1,,,,,,,,,,,,,
53577,後晋,45579,12226,False,0,,,,,,,,,,,,,
53583,後漢 (五代),44511,11736,False,0,,,,,,,,,,,,,
53593,後周,24384,7397,False,0,,,,,,,,,,,,,
55440,藩鎮,40783,15688,False,0,,,,,,,,,,,,,
55805,連合赤軍,83280,23975,False,0,,,,,,,,,,,,,
56197,全学共闘会議,142105,65891,False,0,,,,,,,,,,,,,
56567,ロマノフ朝,76870,24586,False,0,,,,,,,,,,,,,
56840,フランス第二帝政,86484,17475,False,5,,,,,,,,,,,,,
57573,フランス第一帝政,101690,26536,False,5,89,1,12,9,6,36,0,7,0,5,3,9,1
57982,宋 (王朝),321328,154586,False,0,,,,,,,,,,,,,
58024,ホラズム・シャー朝,85978,23116,False,0,,,,,,,,,,,,,
58376,土佐勤王党,66345,20843,False,0,11,0,0,0,1,0,0,2,0,2,1,4,1
61873,南明,40435,9876,False,0,,,,,,,,,,,,,
62179,北元,96172,28071,False,0,,,,,,,,,,,,,
64664,日本の新左翼,222279,39989,False,0,,,,,,,,,,,,,
66684,東晋,136558,32491,False,0,,,,,,,,,,,,,
66735,梁 (南朝),153276,27936,False,0,,,,,,,,,,,,,
68443,高志会,20056,5485,False,0,9,1,0,1,0,1,1,2,0,0,2,0,1
68449,清和政策研究会,201876,43589,False,1,,,,,,,,,,,,,
70220,大韓民国臨時政府,105019,33278,False,1,25,1,4,1,9,1,0,2,1,1,1,0,4
77051,グシ・ハン王朝,46177,14154,False,1,,,,,,,,,,,,,
80007,日本皇民党,58404,13210,False,1,24,2,3,2,4,1,0,4,0,3,4,0,1
80908,岩倉使節団,67185,19551,False,0,,,,,,,,,,,,,
81376,青嵐会,37818,12098,False,0,13,0,2,1,4,0,2,1,0,0,1,1,1
81983,ラーンサーン王朝,63315,16441,False,0,,,,,,,,,,,,,
82611,セルジューク朝,121206,30026,False,0,,,,,,,,,,,,,
83180,チャクリー王朝,60986,18840,False,0,,,,,,,,,,,,,
83696,後南朝,38956,12501,False,0,,,,,,,,,,,,,
84065,ヘラクレイオス王朝,72279,12879,False,0,,,,,,,,,,,,,
84218,トンブリー王朝,28974,7916,False,0,,,,,,,,,,,,,
84682,イルハン朝,95839,29029,False,0,,,,,,,,,,,,,
84976,スコータイ王朝,68854,21425,False,1,,,,,,,,,,,,,
85756,マムルーク朝,99907,25183,False,0,,,,,,,,,,,,,
86302,サファヴィー朝,166751,34890,False,0,,,,,,,,,,,,,
86402,カザフ・ハン国,73227,14877,False,0,,,,,,,,,,,,,
86463,ラオス国家建設戦線,25622,7043,False,0,,,,,,,,,,,,,
87337,ベトミン,37907,12124,False,0,19,0,1,2,7,5,1,1,0,0,1,1,0
88214,所感派,63661,15060,False,0,18,0,0,0,2,0,0,2,0,5,6,2,1
88223,国際派 (日本共産党),57913,11950,False,0,,,,,,,,,,,,,
89078,クメール・ルージュ,104120,38831,False,1,,,,,,,,,,,,,
89464,オゴデイ・ハン国,32166,10592,False,0,,,,,,,,,,,,,
89918,アイユーブ朝,308628,90115,False,0,,,,,,,,,,,,,
90616,汪兆銘政権,55761,13618,False,0,,,,,,,,,,,,,
90731,アユタヤ王朝,74356,29201,False,0,,,,,,,,,,,,,
92967,パレスチナ解放機構,55598,17528,False,1,,,,,,,,,,,,,
93590,西人,26479,8588,False,0,,,,,,,,,,,,,
93604,東人,22305,6639,False,0,8,1,1,0,1,1,0,0,1,0,1,0,2
93747,グプタ朝,81914,22220,False,0,,,,,,,,,,,,,
93909,士林派,89858,15075,False,1,,,,,,,,,,,,,
94015,北燕,39346,10183,False,0,,,,,,,,,,,,,
94133,勲旧派,23202,6124,False,1,,,,,,,,,,,,,
94819,日本トロッキスト聯盟,38595,9670,False,0,,,,,,,,,,,,,
94820,日本革命的共産主義者同盟（第四インターナショナル日本支部）,125748,34030,False,1,,,,,,,,,,,,,
94822,日本共産党（日本のこえ）,46806,15434,False,0,,,,,,,,,,,,,
94869,共産主義者同盟 (赫旗派),42267,8459,False,0,,,,,,,,,,,,,
94985,日本革命的共産主義者同盟革命的マルクス主義派,111953,35866,False,1,107,2,1,2,74,5,0,3,5,7,7,0,1
95143,日本共産党国際主義者団,35605,8150,False,0,6,1,1,0,0,0,0,0,2,0,1,0,1
95358,革命的共産主義者同盟 (日本),55544,13186,False,0,48,0,0,0,11,3,25,2,2,0,4,0,1
96475,自由フランス,92092,27459,False,5,,,,,,,,,,,,,
97361,パテート・ラーオ,39847,11702,False,0,,,,,,,,,,,,,
98842,ペロポネソス同盟,25615,6721,False,0,,,,,,,,,,,,,
99060,パタニ王国,46311,13566,False,0,,,,,,,,,,,,,
100858,近未来政治研究会,159037,31539,False,1,,,,,,,,,,,,,
100947,政策科学研究所 (派閥),32068,10675,False,0,34,0,2,2,20,0,2,1,1,1,3,1,1
101053,夏 (五胡十六国),43924,13643,False,0,,,,,,,,,,,,,
101056,西涼,48294,12861,False,0,,,,,,,,,,,,,
103115,プラティーハーラ朝,61334,15846,False,0,,,,,,,,,,,,,
103413,ハフス朝,53012,14189,False,0,,,,,,,,,,,,,
104033,ラーシュトラクータ朝,61967,16192,False,0,,,,,,,,,,,,,
104367,サーマーン朝,137485,41490,False,0,,,,,,,,,,,,,
104542,ブラガンサ王朝,142969,17630,False,0,,,,,,,,,,,,,
105301,ムガル帝国,282126,88474,False,0,,,,,,,,,,,,,
105495,ブルゴーニュ王朝,217302,39173,False,0,,,,,,,,,,,,,
105507,アヴィス王朝,317081,68451,False,0,,,,,,,,,,,,,
105546,イラク暫定政権,27005,8132,False,0,,,,,,,,,,,,,
105567,ルーム・セルジューク朝,290530,78096,False,0,,,,,,,,,,,,,
106763,バフマニー朝,72392,18874,False,0,,,,,,,,,,,,,
106776,サータヴァーハナ朝,87125,24547,False,0,,,,,,,,,,,,,
107664,皇道派,56577,20115,False,0,,,,,,,,,,,,,
107806,ゴール朝,85776,20445,False,0,,,,,,,,,,,,,
108820,デリー・スルターン朝,81851,20634,False,0,,,,,,,,,,,,,
108860,奴隷王朝,70978,18635,False,0,,,,,,,,,,,,,
109930,サイイド朝,55030,13125,False,0,,,,,,,,,,,,,
110122,マケドニア王朝 (東ローマ),103771,18097,False,0,,,,,,,,,,,,,
110578,ガズナ朝,87105,17482,False,0,,,,,,,,,,,,,
110912,パラマーラ朝,62149,16037,False,0,,,,,,,,,,,,,
111897,チャンデーラ朝,63625,16244,False,0,,,,,,,,,,,,,
112155,東チャールキヤ朝,48607,12110,False,0,,,,,,,,,,,,,
112981,パーラ朝,88158,24210,False,0,,,,,,,,,,,,,
115104,ケルマーン・セルジューク朝,60356,14851,False,0,,,,,,,,,,,,,
115119,エピロス専制侯国,50532,16584,False,0,,,,,,,,,,,,,
115890,シリア・セルジューク朝,59369,19608,False,0,,,,,,,,,,,,,
117209,松浦党,49571,15212,False,0,,,,,,,,,,,,,
118372,前期チャールキヤ朝,65492,16776,False,0,,,,,,,,,,,,,
118665,後期チャールキヤ朝,57768,15870,False,0,,,,,,,,,,,,,
119293,平成研究会,178918,38748,False,1,,,,,,,,,,,,,
122512,北人,30792,9124,False,0,,,,,,,,,,,,,
123925,南漢,49557,12792,False,0,,,,,,,,,,,,,
124298,ティムール朝,154085,36028,False,0,,,,,,,,,,,,,
127041,コンバウン王朝,43597,11025,False,0,,,,,,,,,,,,,
130884,社会主義協会,79540,28088,False,0,46,0,0,0,22,0,15,1,4,0,3,0,1
133638,自社さ連立政権,173057,33887,False,0,110,2,2,4,1,0,0,1,92,0,5,2,1
136655,志帥会,169162,35735,False,1,27,2,2,1,10,0,0,2,4,3,2,0,1
137914,ノサモ,42141,11601,False,1,15,1,1,0,8,2,0,1,0,0,2,0,0
144095,クシャーナ朝,105609,36888,False,0,,,,,,,,,,,,,
144103,パガン王朝,120853,44897,False,0,,,,,,,,,,,,,
144126,タウングー王朝,48117,13140,False,0,,,,,,,,,,,,,
144303,陳朝,290559,63966,False,0,,,,,,,,,,,,,
145004,ランカスター朝,190378,15161,False,0,,,,,,,,,,,,,
145542,李朝 (ベトナム),49116,12634,False,0,,,,,,,,,,,,,
145562,ファーティマ朝,115187,24730,False,0,,,,,,,,,,,,,
145566,ブワイフ朝,55942,18050,False,0,,,,,,,,,,,,,
146010,パッラヴァ朝,69842,17832,False,0,,,,,,,,,,,,,
146564,ハルジー朝,64444,15781,False,0,,,,,,,,,,,,,
148013,ズィール朝,38402,11541,False,0,,,,,,,,,,,,,
148073,自由インド仮政府,80416,21775,False,0,,,,,,,,,,,,,
148259,ハンマード朝,31559,9598,False,0,,,,,,,,,,,,,
148650,トゥールーン朝,34325,9653,False,0,,,,,,,,,,,,,
148652,イフシード朝,23431,7367,False,0,,,,,,,,,,,,,
148987,ハムダーン朝,28448,9596,False,0,,,,,,,,,,,,,
149701,ザイヤーン朝,88054,32708,False,0,,,,,,,,,,,,,
151286,泛緑連盟,44671,13608,False,1,,,,,,,,,,,,,
152701,ベルナドッテ王朝,172080,14436,False,0,,,,,,,,,,,,,
155791,ジャライル朝,38941,12457,False,0,,,,,,,,,,,,,
155845,ヴァーサ王朝,176290,30968,False,0,,,,,,,,,,,,,
156252,自由革新同友会,23075,7352,False,0,12,1,1,1,4,0,1,1,0,0,1,1,1
156317,宏池会,180983,41827,False,1,,,,,,,,,,,,,
157245,チャーハマーナ朝,64750,17738,False,0,,,,,,,,,,,,,
158313,ジロンド派,179470,27744,False,0,,,,,,,,,,,,,
158576,薩長,23961,6600,False,0,,,,,,,,,,,,,
160045,ハスモン朝,53480,18559,False,0,,,,,,,,,,,,,
160326,玄洋社,65939,17673,False,0,28,3,5,2,0,1,0,5,3,1,4,3,1
160432,メロヴィング朝,167804,28854,False,0,,,,,,,,,,,,,
161505,三角大福,44653,12656,False,0,,,,,,,,,,,,,
161515,竹下派七奉行,82540,27499,False,0,,,,,,,,,,,,,
162952,ヴィエンチャン王国,43428,14991,False,0,,,,,,,,,,,,,
163671,パレスチナ自治政府,104683,26278,False,0,,,,,,,,,,,,,
165170,プランタジネット朝,191841,20124,False,0,,,,,,,,,,,,,
166393,ハノーヴァー朝,301290,23275,False,0,,,,,,,,,,,,,
166686,ロンバルディア同盟,46766,14184,False,0,,,,,,,,,,,,,
166812,ノルマン朝,66812,10697,False,0,,,,,,,,,,,,,
166826,西山朝,64247,17386,False,1,,,,,,,,,,,,,
167611,ヤギェウォ朝,142586,14706,False,1,,,,,,,,,,,,,
168276,ステュアート朝,241855,23204,False,0,,,,,,,,,,,,,
169218,ピャスト朝,46565,11663,False,0,,,,,,,,,,,,,
173860,冀東防共自治政府,90548,37280,False,0,81,3,6,4,15,30,0,4,0,4,9,5,1
179755,カラハン朝,179825,51021,False,0,,,,,,,,,,,,,
180264,新党・自由と希望,28239,7812,False,1,10,0,0,2,2,0,0,2,0,1,2,0,1
180631,金竹小,40772,10548,False,0,,,,,,,,,,,,,
180833,黒羊朝,49825,12773,False,0,,,,,,,,,,,,,
180837,白羊朝,51921,12997,False,0,,,,,,,,,,,,,
181232,莫朝,46853,11272,False,0,,,,,,,,,,,,,
183103,嚶鳴社,22344,7209,False,0,10,0,0,0,0,0,0,2,2,2,1,2,1
185436,オルデンブルク朝,187801,17923,False,0,,,,,,,,,,,,,
185961,一進会,81254,29171,False,0,32,6,2,2,4,4,0,2,0,0,9,2,1
193677,カザン・ハン国,48264,17072,False,0,,,,,,,,,,,,,
194003,台湾国民政府,46884,14306,False,1,,,,,,,,,,,,,
195881,エスタド・ノヴォ,51345,15964,False,0,,,,,,,,,,,,,
198310,秦朝,118374,40311,False,1,,,,,,,,,,,,,
201106,シュマルカルデン同盟,43723,10742,False,1,,,,,,,,,,,,,
204148,アクション・フランセーズ,48177,16516,False,1,,,,,,,,,,,,,
214949,マウリヤ朝,96935,40797,False,0,,,,,,,,,,,,,
217327,ヴィジャヤナガル王国,130548,42177,False,0,,,,,,,,,,,,,
219121,南朝 (日本),52474,16677,False,0,,,,,,,,,,,,,
222716,台湾独立建国連盟,28501,7766,False,0,,,,,,,,,,,,,
223708,コミンフォルム,102826,16294,False,1,,,,,,,,,,,,,
224462,トゥグルク朝,87311,22076,False,0,,,,,,,,,,,,,
224479,ホーエンシュタウフェン朝,126574,23341,False,0,,,,,,,,,,,,,
226214,ウィンザー朝,79961,11422,False,0,,,,,,,,,,,,,
226773,ローディー朝,65607,16993,False,0,,,,,,,,,,,,,
227522,マリーン朝,107531,37260,False,0,,,,,,,,,,,,,
228138,祖国 (ロシア),36818,9607,False,0,,,,,,,,,,,,,
228535,全日本労働総同盟,43699,13184,False,1,,,,,,,,,,,,,
230199,社会主義インターナショナル,198011,31630,False,1,,,,,,,,,,,,,
231766,共産主義者同盟マルクス・レーニン主義派,48418,11675,False,0,33,0,0,0,14,2,2,0,9,0,4,1,1
231786,共産主義者同盟赤軍派,68118,16440,False,0,,,,,,,,,,,,,
232313,ドゥッラーニー朝,33623,9129,False,0,,,,,,,,,,,,,
232640,政策部会,47683,12796,False,0,,,,,,,,,,,,,
233067,自主独立路線,27756,8464,False,0,,,,,,,,,,,,,
233549,東林党,29994,8862,False,0,,,,,,,,,,,,,
234527,ポルノクラシー,24619,7049,False,0,,,,,,,,,,,,,
235676,反国家団体,45887,14826,False,1,,,,,,,,,,,,,
236686,ウル第三王朝,31060,8926,False,0,,,,,,,,,,,,,
243974,サアド朝,65833,29302,False,0,,,,,,,,,,,,,
244508,救国戦線評議会,39819,12382,False,0,,,,,,,,,,,,,
245086,東トルキスタン共和国亡命政府,39614,11712,False,0,23,4,4,1,2,2,0,4,0,3,2,0,1
246654,ビールー,20841,5604,False,0,,,,,,,,,,,,,
247057,番町政策研究所,192622,40406,False,1,38,2,1,2,17,0,3,3,1,3,2,3,1
247258,宏池会 (谷垣派),162315,32975,False,0,45,2,5,0,20,0,12,0,0,0,4,1,1
248376,ゴイセン,30569,9167,False,0,21,0,0,0,10,1,6,2,0,0,2,0,0
252256,日本赤軍,115798,30507,False,1,,,,,,,,,,,,,
252975,ヴィクトリア朝,103589,23793,False,0,,,,,,,,,,,,,
256124,佐藤派五奉行,120819,20564,False,0,,,,,,,,,,,,,
258958,アフシャール朝,49907,11216,False,0,,,,,,,,,,,,,
260483,ラオス王国,65287,23030,False,0,,,,,,,,,,,,,
260816,鄭氏政権 (台湾),41779,12331,False,1,,,,,,,,,,,,,
261766,コーカンド・ハン国,72669,22301,False,0,,,,,,,,,,,,,
265036,シャイバーニー朝,56191,15748,False,0,,,,,,,,,,,,,
269494,新しい波 (派閥),130835,23070,False,0,,,,,,,,,,,,,
270581,シンガサリ王国,53447,24917,False,0,,,,,,,,,,,,,
270689,トゥパク・アマル革命運動,35048,9939,False,1,,,,,,,,,,,,,
272229,興遼,21118,6105,False,0,,,,,,,,,,,,,
272237,後渤海,41637,10774,False,0,,,,,,,,,,,,,
275077,パレオロゴス王朝,116264,22027,False,0,,,,,,,,,,,,,
277572,コムネノス王朝,145958,22727,False,0,,,,,,,,,,,,,
281189,後梁 (南朝),29178,9052,False,0,,,,,,,,,,,,,
283840,ザイン (団体),41991,16370,False,0,,,,,,,,,,,,,
285986,共産主義者同盟,243684,72412,False,0,41,0,0,1,5,2,24,4,0,1,1,2,1
286498,日本会議,221687,54863,False,1,,,,,,,,,,,,,
287098,長州正義派,32224,9157,False,0,,,,,,,,,,,,,
290289,ブハラ・ハン国,82017,17654,False,0,,,,,,,,,,,,,
292691,チョーラ朝,75962,23112,False,0,,,,,,,,,,,,,
292863,ウガヤフキアエズ王朝,53060,27301,False,0,,,,,,,,,,,,,
295887,バーラクザイ朝,123635,23788,False,0,,,,,,,,,,,,,
296617,越中公方,25331,7666,False,0,,,,,,,,,,,,,
301782,ヒヴァ・ハン国,134339,44072,False,0,,,,,,,,,,,,,
302189,治部省,25985,7486,False,0,,,,,,,,,,,,,
302403,ノガイ・オルダ,39672,14078,False,0,,,,,,,,,,,,,
302641,ユトレヒト同盟,23636,6455,False,0,,,,,,,,,,,,,
306698,宏池会 (古賀派),45950,13210,False,0,71,5,14,6,22,0,3,1,7,1,11,0,1
307806,カトリック同盟 (フランス),32237,10111,False,0,11,0,0,1,4,1,0,2,0,0,1,1,1
308631,統制派,34740,11939,False,0,,,,,,,,,,,,,
309290,みんなで靖国神社に参拝する国会議員の会,77387,16509,False,0,,,,,,,,,,,,,
309980,虹と緑,22964,6475,False,0,,,,,,,,,,,,,
313499,日本共産党（革命左派）神奈川県委員会,81874,29036,False,0,,,,,,,,,,,,,
316837,リトアニア・ポーランド・ロシア・ユダヤ人労働者総同盟,42239,12186,False,0,,,,,,,,,,,,,
317733,景観行政団体,20347,6026,False,0,,,,,,,,,,,,,
320253,平氏政権,92376,40812,False,1,45,1,0,2,1,4,6,12,0,0,13,5,1
324623,自由民主党総務会,152274,29403,False,0,,,,,,,,,,,,,
327888,次の内閣,228105,57483,False,0,,,,,,,,,,,,,
328910,ベスト・アンド・ブライテスト,31621,8147,False,0,,,,,,,,,,,,,
329620,第二期民主党をつくる有志の会,57869,11765,False,0,,,,,,,,,,,,,
330238,自由社会を守る国民会議,145284,26829,False,1,22,1,4,1,8,1,0,2,0,1,3,0,1
330805,自由民主党税制調査会,132853,24094,False,0,,,,,,,,,,,,,
334885,総務会,27928,7867,False,0,,,,,,,,,,,,,
342963,士志の会,27132,7895,False,0,,,,,,,,,,,,,
343494,自由民主党政務調査会,146415,27880,False,0,12,1,8,1,0,0,0,0,0,0,1,0,1
345706,日本行政書士政治連盟,26850,7493,False,0,9,1,2,0,2,0,0,1,0,0,2,0,1
349914,フィンランド民主共和国,62827,13525,False,0,,,,,,,,,,,,,
351978,第一インターナショナル,357059,97264,False,1,,,,,,,,,,,,,
353864,第二半インターナショナル,40283,10743,False,0,,,,,,,,,,,,,
354063,アルトゥク朝,86910,27938,False,0,,,,,,,,,,,,,
354093,ブーリー朝,41157,16235,False,0,,,,,,,,,,,,,
360117,原水爆禁止日本国民会議,70659,16177,False,0,,,,,,,,,,,,,
372491,第二インターナショナル,82364,17073,False,1,,,,,,,,,,,,,
372581,インターナショナル (社会主義),30442,8491,False,0,,,,,,,,,,,,,
372826,中央委員会,29278,9552,False,0,,,,,,,,,,,,,
374501,全国部落解放運動連合会,33070,11867,False,0,,,,,,,,,,,,,
379276,兀惹,42646,9340,False,0,,,,,,,,,,,,,
379280,渤海 (再興),37340,7578,False,0,,,,,,,,,,,,,
379474,清洲同盟,43555,18098,False,0,,,,,,,,,,,,,
379514,大渤海,24094,6968,False,0,,,,,,,,,,,,,
381904,フイヤン派,181046,27691,False,0,5,0,0,0,1,0,0,1,0,0,2,0,1
384193,小沢一郎政治塾,51888,12674,False,1,10,1,1,2,0,0,0,2,0,1,2,0,1
385022,スパルタクス団,45549,12673,False,0,,,,,,,,,,,,,
390167,旭導会,48298,11396,False,1,,,,,,,,,,,,,
395966,ヨーク朝,165555,20062,False,0,,,,,,,,,,,,,
396022,オートヴィル朝,81406,12264,False,0,,,,,,,,,,,,,
396213,藩閥,41260,13088,False,0,,,,,,,,,,,,,
397176,毛利両川,55731,21890,False,0,,,,,,,,,,,,,
399896,共和党全国委員会,22249,6551,False,0,,,,,,,,,,,,,
401680,ホームエンタテイメント議員連盟,31344,9660,False,0,9,0,0,3,3,0,0,1,0,0,1,0,1
404979,マルクス主義同志会,52871,14066,False,1,,,,,,,,,,,,,
408276,ガージャール朝,119467,34285,False,0,,,,,,,,,,,,,
410793,明日の内閣,42798,12102,False,0,,,,,,,,,,,,,
411992,ミドラール朝,24858,8215,False,0,,,,,,,,,,,,,
413109,真のIRA,40195,14263,False,0,,,,,,,,,,,,,
413928,統一と進歩委員会,27535,9530,False,0,,,,,,,,,,,,,
419143,後蜀 (五胡十六国),23272,6641,False,0,,,,,,,,,,,,,
419282,織田政権,78555,23297,False,1,,,,,,,,,,,,,
420924,豊臣政権,109964,39499,False,1,,,,,,,,,,,,,
424469,越山会,34690,12240,False,0,9,0,1,1,0,1,0,1,1,1,1,1,1
424880,ブラックパンサー党,73382,23407,False,1,,,,,,,,,,,,,
428448,アンゲロス王朝,101898,19762,False,0,,,,,,,,,,,,,
431565,自由民主党国会対策委員会,147109,26081,False,0,,,,,,,,,,,,,
434972,ヒズボラ,122808,36803,False,2,,,,,,,,,,,,,
439619,国民盟約,34287,10188,False,0,,,,,,,,,,,,,
445531,アモリア朝,66412,12047,False,0,,,,,,,,,,,,,
448739,改革フォーラム21,143527,25937,False,0,24,1,2,0,10,0,3,1,0,0,6,0,1
448776,政眞会,23101,6471,False,0,,,,,,,,,,,,,
452683,プファルツ王朝,51933,16586,False,0,,,,,,,,,,,,,
453111,ホルシュタイン＝ゴットルプ王朝,52398,15048,False,0,,,,,,,,,,,,,
454973,アイルランド・カトリック同盟,38859,11566,False,0,,,,,,,,,,,,,
456476,名誉毀損防止同盟,30144,8549,False,1,22,2,2,0,8,2,0,2,1,3,2,0,0
459656,木曜クラブ,143867,28479,False,0,,,,,,,,,,,,,
461309,高校赤軍,31099,7386,False,0,,,,,,,,,,,,,
464386,日本社会主義青年同盟,87518,29063,False,1,,,,,,,,,,,,,
464972,北朝 (日本),114506,20141,False,0,18,1,2,6,0,1,0,4,0,0,1,2,1
465583,民社協会,290842,57529,False,1,,,,,,,,,,,,,
466582,活貧団,50744,21148,False,0,,,,,,,,,,,,,
467232,春秋会,122731,21398,False,0,,,,,,,,,,,,,
468022,アルバ王国,71582,10934,False,0,,,,,,,,,,,,,
471262,国家統一委員会,24029,6660,False,0,,,,,,,,,,,,,
471542,ユートピア政治研究会,23866,6345,False,0,,,,,,,,,,,,,
471589,ユリウス・クラウディウス朝,135003,30739,False,0,,,,,,,,,,,,,
481292,クシャーノ・サーサーン朝,53755,13548,False,0,,,,,,,,,,,,,
485165,社会党シャドーキャビネット,61182,13605,False,0,21,2,1,2,10,0,0,1,0,0,3,1,1
486530,自由の息子達,43036,13528,False,0,,,,,,,,,,,,,
486915,モロ民族解放戦線,50251,14059,False,0,,,,,,,,,,,,,
491803,プシェミスル朝,171727,16969,False,0,,,,,,,,,,,,,
492270,シュタージ,73819,23163,False,1,,,,,,,,,,,,,
495115,ナンダ朝,55031,13798,False,0,,,,,,,,,,,,,
500157,ナスル朝,135885,41384,False,0,,,,,,,,,,,,,
501720,黎朝,88657,22060,False,0,,,,,,,,,,,,,
501841,自由主義インターナショナル,105643,18653,False,1,,,,,,,,,,,,,
502057,シュンガ朝,58925,15858,False,0,,,,,,,,,,,,,
507247,国際勝共連合,109969,33903,False,1,,,,,,,,,,,,,
510770,グローバルグリーンズ,69607,12644,False,1,,,,,,,,,,,,,
511460,非自民・非共産連立政権,31013,9423,False,0,,,,,,,,,,,,,
515478,共産主義者同盟叛旗派,44850,9216,False,0,,,,,,,,,,,,,
518807,日本民主青年同盟,101331,26634,False,1,,,,,,,,,,,,,
519180,バビロン第1王朝,25783,7004,False,0,,,,,,,,,,,,,
521645,ヘッセン王朝,35235,10890,False,0,,,,,,,,,,,,,
522208,シシュナーガ朝,50228,13739,False,0,,,,,,,,,,,,,
523365,カーンヴァ朝,44420,10562,False,0,,,,,,,,,,,,,
524673,フラウィウス朝,81901,13195,False,0,,,,,,,,,,,,,
529115,インド・グリーク朝,126224,47132,False,0,,,,,,,,,,,,,
536495,チェーティ朝,42967,10956,False,0,,,,,,,,,,,,,
538096,カシモフ・ハン国,36906,11911,False,0,,,,,,,,,,,,,
541293,野与党,30701,7071,False,0,,,,,,,,,,,,,
547161,国際社会主義青年同盟,48740,11477,False,0,,,,,,,,,,,,,
548618,ホイサラ朝,78415,19743,False,0,,,,,,,,,,,,,
549845,ニザーム王国,105019,28411,False,0,,,,,,,,,,,,,
551591,ヤーダヴァ朝,69998,17019,False,0,,,,,,,,,,,,,
554311,多チャンネル時代における視聴者と放送に関する懇談会,34788,8904,False,0,,,,,,,,,,,,,
554379,青年民族派,24648,7166,False,0,,,,,,,,,,,,,
560249,カーカティーヤ朝,67172,16006,False,0,,,,,,,,,,,,,
561559,周山会,120111,20673,False,0,,,,,,,,,,,,,
562526,北遼,25857,7410,False,0,,,,,,,,,,,,,
573077,パーンディヤ朝,67848,25366,False,0,,,,,,,,,,,,,
583641,スペイン人民戦線,39824,11325,False,1,,,,,,,,,,,,,
583644,フランス人民戦線,34750,11114,False,0,,,,,,,,,,,,,
593794,ケントゥリア民会,27099,8979,False,0,,,,,,,,,,,,,
593807,クリア民会,25387,7226,False,0,,,,,,,,,,,,,
599822,三十人政権,36133,12034,False,0,,,,,,,,,,,,,
602086,中華ソビエト共和国,49023,11749,False,0,,,,,,,,,,,,,
605586,イサウリア朝,66328,11542,False,0,,,,,,,,,,,,,
611230,中華民国維新政府,41980,11121,False,0,28,0,2,3,5,2,0,5,0,2,4,4,1
614547,エジプト第1王朝,46949,12920,False,0,,,,,,,,,,,,,
619489,伝統と創造の会,33998,9852,False,0,6,1,1,0,0,0,0,2,0,0,1,0,1
620890,中華共和国,47783,12737,False,0,,,,,,,,,,,,,
622076,エジプト第2王朝,43821,11087,False,0,,,,,,,,,,,,,
624173,ライン都市同盟,28770,8016,False,0,,,,,,,,,,,,,
625102,サユディス,54488,16880,False,0,,,,,,,,,,,,,
625906,自公連立政権,209915,41598,False,0,,,,,,,,,,,,,
629443,小沢グループ,208043,43578,False,1,,,,,,,,,,,,,
629462,ブルボン朝,85204,16440,False,5,,,,,,,,,,,,,
630600,政権構想研究会,39941,16192,False,0,46,1,2,2,32,0,0,1,5,0,2,0,1
631649,エジプト第3王朝,53289,15328,False,0,,,,,,,,,,,,,
632227,アメリカ・イスラエル公共問題委員会,40131,14162,False,0,,,,,,,,,,,,,
639191,部落解放同盟全国連合会,37110,17032,False,0,,,,,,,,,,,,,
639973,エジプト第4王朝,90997,30444,False,0,,,,,,,,,,,,,
640551,郷事委員会,19469,6078,False,0,,,,,,,,,,,,,
646859,エジプト第5王朝,75560,22804,False,0,,,,,,,,,,,,,
648922,エジプト第6王朝,68632,19889,False,0,,,,,,,,,,,,,
653680,真の人権擁護を考える懇談会,31438,8601,False,0,,,,,,,,,,,,,
653714,中国共産党中央政法委員会,74303,11785,False,0,16,2,6,2,2,1,0,1,0,0,1,0,1
654196,武漢国民政府,25885,6823,False,0,,,,,,,,,,,,,
656364,中国共産党中央委員会,89061,13987,False,0,,,,,,,,,,,,,
657414,エジプト第7王朝,40824,10110,False,0,,,,,,,,,,,,,
657821,中国共産党中央対外連絡部,64314,9153,False,0,,,,,,,,,,,,,
658197,胡温体制,23725,6503,False,1,,,,,,,,,,,,,
663642,フロント (社会主義同盟),51137,11418,False,0,29,0,0,0,18,2,0,3,2,0,2,1,1
663803,エジプト第8王朝,44283,11040,False,0,,,,,,,,,,,,,
664426,エジプト第9王朝,47416,12237,False,0,,,,,,,,,,,,,
665939,大日本同胞社,23269,6578,False,0,8,1,1,0,0,1,0,1,1,1,1,0,1
666630,エジプト第10王朝,52253,15385,False,0,,,,,,,,,,,,,
666890,国家基本問題同志会,24286,6836,False,0,,,,,,,,,,,,,
666929,日本社会主義同盟,55745,11059,False,0,10,0,0,0,0,1,0,3,2,0,1,2,1
676871,エジプト第11王朝,77512,24381,False,0,,,,,,,,,,,,,
687558,エジプト第12王朝,89758,26793,False,0,,,,,,,,,,,,,
692311,立志社 (政治団体),26273,7035,False,0,,,,,,,,,,,,,
693545,中国共産党中央統一戦線工作部,97617,12808,False,0,14,2,3,1,2,2,0,2,0,0,1,0,1
693557,コンセルタシオン・デモクラシア,39884,10061,False,1,,,,,,,,,,,,,
693658,中国共産党中央宣伝部,73895,10788,False,0,,,,,,,,,,,,,
695037,人民連合 (チリ),35093,11605,False,1,,,,,,,,,,,,,
706151,エジプト第13王朝,93416,25023,False,0,,,,,,,,,,,,,
707461,テトラルキア,96783,30797,False,0,,,,,,,,,,,,,
707732,ナチス左派,93098,19030,False,0,,,,,,,,,,,,,
708125,エジプト第14王朝,49797,13672,False,0,,,,,,,,,,,,,
711156,中国共産主義青年団,37208,10752,False,0,,,,,,,,,,,,,
711628,社青同解放派,110978,36723,False,1,61,0,0,9,33,1,0,4,2,0,9,2,1
715605,エジプト第15王朝,84653,27986,False,0,,,,,,,,,,,,,
717583,エジプト第16王朝,42537,11569,False,0,,,,,,,,,,,,,
725143,エジプト第17王朝,58995,21333,False,0,,,,,,,,,,,,,
732592,革命的労働者党建設をめざす解放派全国協議会,65911,16425,False,0,35,1,3,0,17,3,0,1,7,1,1,0,1
743509,エジプト第18王朝,164116,52384,False,0,,,,,,,,,,,,,
751096,青年イタリア,52826,25592,False,0,,,,,,,,,,,,,
751304,三民主義青年団,23984,6548,False,0,11,0,1,1,4,0,1,1,0,1,1,0,1
751624,エジプト第19王朝,77707,27156,False,0,,,,,,,,,,,,,
754342,貞観の治,22879,6671,False,0,,,,,,,,,,,,,
755102,台湾地方自治聯盟,28263,9468,False,0,11,0,1,2,0,2,0,2,0,0,2,1,1
756242,天地会,39075,15500,False,0,,,,,,,,,,,,,
756502,台湾再解放連盟,22513,7455,False,0,,,,,,,,,,,,,
756538,台湾青年社,28633,8815,False,0,,,,,,,,,,,,,
761142,エジプト第20王朝,89269,29005,False,0,,,,,,,,,,,,,
765525,民主主義的社会主義運動,69760,20808,False,0,,,,,,,,,,,,,
774515,日本革命的共産主義者同盟 (JRCL),100674,20780,False,1,,,,,,,,,,,,,
774539,国際主義労働者全国協議会,58075,12779,False,0,,,,,,,,,,,,,
774924,ユスティニアヌス王朝,89235,14449,False,0,,,,,,,,,,,,,
776158,青鞜社,26358,7210,False,0,,,,,,,,,,,,,
778620,安徽派,39245,9893,False,0,,,,,,,,,,,,,
782068,かりゆしクラブ,49408,16873,False,1,15,1,3,2,2,0,0,2,1,2,2,0,0
784478,文化芸術振興議員連盟,32821,9975,False,0,,,,,,,,,,,,,
788919,エジプト第21王朝,56815,16554,False,0,,,,,,,,,,,,,
790558,護憲三派,29210,8497,False,0,,,,,,,,,,,,,
790577,憲法みどり農の連帯,28419,8241,False,0,,,,,,,,,,,,,
790865,エジプト第22王朝,81881,27704,False,0,,,,,,,,,,,,,
793101,部落解放全国委員会,29530,8365,False,0,,,,,,,,,,,,,
794644,全日本同和会,42981,12826,False,1,,,,,,,,,,,,,
799289,仁宣の治,20345,6460,False,0,,,,,,,,,,,,,
800053,メトロ (オレゴン地域政府),23611,6672,False,0,8,0,0,0,2,2,0,0,0,1,3,0,0
800583,エジプト第23王朝,46423,12127,False,0,,,,,,,,,,,,,
805180,内部マケドニア革命組織,185321,91768,False,0,,,,,,,,,,,,,
807177,人民委員会,34685,10774,False,1,,,,,,,,,,,,,
807871,国会期成同盟,36010,12090,False,0,14,0,0,0,2,1,2,2,4,1,1,0,1
808034,エジプト第24王朝,49743,12769,False,0,,,,,,,,,,,,,
809284,アンテイグレシア,23368,6630,False,0,,,,,,,,,,,,,
809339,越相同盟,55056,23729,False,0,,,,,,,,,,,,,
810360,エジプト第25王朝,87058,31230,False,0,,,,,,,,,,,,,
811179,イスラム法廷会議,70835,18076,False,1,,,,,,,,,,,,,
812486,志公会,182240,35607,False,1,105,7,5,7,38,0,0,2,31,2,12,0,1
816089,ワン・ワン・ライス,81407,19368,False,0,,,,,,,,,,,,,
818108,新しい風 (自民党),34706,11244,False,0,8,0,1,1,2,0,0,1,0,0,1,1,1
818974,自由民主党中央政治大学院,132986,24878,False,0,22,2,8,0,6,1,0,1,0,1,2,0,1
822421,カレン民族同盟,31830,9294,False,0,,,,,,,,,,,,,
829008,近畿ブロック知事会,25638,6877,False,0,,,,,,,,,,,,,
829079,民主主義擁護連絡協議会,41883,16323,False,0,,,,,,,,,,,,,
829960,ソ連共産党政治局,115061,32487,False,0,39,0,1,0,27,5,0,1,0,0,2,2,1
830019,エジプト第26王朝,93382,32271,False,0,,,,,,,,,,,,,
843711,ブディ・ウトモ,23205,6897,False,0,7,0,0,0,1,1,0,1,0,2,1,1,0
845034,香港司法機構,31384,10366,False,1,,,,,,,,,,,,,
849544,国本社,29551,8674,False,0,,,,,,,,,,,,,
849722,平和・民主・革新の日本をめざす全国の会,76292,14901,False,1,,,,,,,,,,,,,
850331,日本民主教育政治連盟,101134,17620,False,0,,,,,,,,,,,,,
855372,第4インターナショナル日本支部再建準備グループ,59499,12169,False,0,,,,,,,,,,,,,
860151,蛮書和解御用,43011,10383,False,0,,,,,,,,,,,,,
864280,核兵器廃絶・平和建設国民会議,65369,15374,False,0,,,,,,,,,,,,,
866207,条約派,25866,7566,False,0,,,,,,,,,,,,,
866211,艦隊派,29319,8219,False,0,,,,,,,,,,,,,
869911,安倍派四天王,27824,7493,False,0,,,,,,,,,,,,,
877797,ウィリアムとメアリー,26632,6960,False,0,,,,,,,,,,,,,
878016,ルイ王朝,29372,8699,False,0,,,,,,,,,,,,,
878042,エリザベス朝,88980,26738,False,0,,,,,,,,,,,,,
885589,在華ソビエト軍事顧問団,40358,9582,False,0,,,,,,,,,,,,,
897268,朝鮮人民共和国,42839,11148,False,1,,,,,,,,,,,,,
897841,北京オリンピックを支援する議員の会,59446,16046,False,0,8,1,2,1,0,1,0,1,0,0,1,0,1
898248,在日朝鮮民主青年同盟,24805,7518,False,0,,,,,,,,,,,,,
911893,革新都政をつくる会,50490,18851,False,0,,,,,,,,,,,,,
914815,ニセ「左翼」暴力集団,75579,18184,False,0,,,,,,,,,,,,,
919525,日本ボランティア会,40610,11499,False,0,,,,,,,,,,,,,
919929,日本共産青年同盟,65188,14053,False,0,,,,,,,,,,,,,
920793,慰安婦問題と南京事件の真実を検証する会,33988,8657,False,0,,,,,,,,,,,,,
922152,コンスタンティヌス朝,72271,11536,False,0,,,,,,,,,,,,,
925411,平成維新の会,30757,9789,False,0,,,,,,,,,,,,,
926186,地方主権の会,54707,23997,False,0,,,,,,,,,,,,,
927462,セウェルス朝,120450,24732,False,0,,,,,,,,,,,,,
932178,報徳国,24148,8113,False,0,,,,,,,,,,,,,
938090,部落解放同盟,178180,60372,False,1,,,,,,,,,,,,,
943716,新人会,53422,17266,False,0,,,,,,,,,,,,,
956275,アエトリア同盟,23055,6993,False,0,,,,,,,,,,,,,
958751,護国同志会,28616,8595,False,0,11,1,2,0,0,1,1,2,0,0,2,1,1
961199,フールファイブ,39123,12557,False,0,,,,,,,,,,,,,
961944,共産主義者同盟首都圏委員会,44491,8612,False,0,12,1,1,0,2,2,0,1,2,0,2,0,1
966557,吉田学校,46109,10766,False,0,,,,,,,,,,,,,
971498,国家社会主義者同盟,33414,9403,False,0,,,,,,,,,,,,,
980107,リベラルの会,150138,29136,False,1,12,0,0,0,3,0,0,2,4,0,2,0,1
981836,テキ魏,46045,16963,False,0,,,,,,,,,,,,,
982771,ヤングローズ,24486,8716,False,0,13,0,0,0,6,2,4,0,0,0,1,0,0
985563,愛みやざき,32094,9805,False,0,,,,,,,,,,,,,
988887,西山会議派,26459,9329,False,0,,,,,,,,,,,,,
989575,交友クラブ,120991,21254,False,0,,,,,,,,,,,,,
992432,民進党執行部,182052,28324,False,0,,,,,,,,,,,,,
992980,自民党遊技業振興議員連盟,30515,7962,False,0,,,,,,,,,,,,,
993164,日本共産党大会,77974,18872,False,0,,,,,,,,,,,,,
993236,憲法改悪阻止各界連絡会議,64831,12867,False,0,12,0,4,2,1,1,0,1,0,1,1,0,1
993502,乙巳五賊,32646,9033,False,1,,,,,,,,,,,,,
995687,仇池,55989,14414,False,0,,,,,,,,,,,,,
995744,日朝友好議員連盟,25034,7111,False,0,,,,,,,,,,,,,
995762,開化派,32729,8584,False,1,,,,,,,,,,,,,
996755,満州人脈,36931,11825,False,0,5,0,0,0,0,2,0,0,0,0,2,0,1
997957,モンペルラン・ソサイエティー,34912,9643,False,0,4,0,0,0,2,0,0,1,0,0,1,0,0
1003182,リューリク朝,410703,26318,False,0,,,,,,,,,,,,,
1003186,小諸藩牧野氏の家臣団,457185,369535,False,0,,,,,,,,,,,,,
1008504,ビン越,30921,10550,False,0,,,,,,,,,,,,,
1009361,文景の治,20230,6220,False,0,,,,,,,,,,,,,
1012065,価値観外交を推進する議員の会,36580,10036,False,0,10,2,3,2,0,0,0,1,0,0,1,0,1
1013377,夏 (元末),21477,5831,False,0,,,,,,,,,,,,,
1015843,日韓議員連盟,87065,21494,False,0,10,2,3,0,0,1,0,1,1,0,1,0,1
1017255,成田線複線化委員会,30445,8419,False,0,5,0,0,0,2,0,0,2,0,0,1,0,0
1023812,日中友好議員連盟,25555,6512,False,0,7,1,2,1,0,0,0,0,0,0,2,0,1
1024562,順 (王朝),30781,9998,False,0,,,,,,,,,,,,,
1025830,舜天王統,72732,17736,False,2,,,,,,,,,,,,,
1029355,日中緑化推進議員連盟,20787,5613,False,0,5,1,1,0,0,0,0,0,0,0,2,0,1
1034132,洪門,36148,12664,False,0,,,,,,,,,,,,,
1051526,民主党娯楽産業健全育成研究会,34252,9226,False,0,,,,,,,,,,,,,
1053452,東遼,47035,9918,False,0,,,,,,,,,,,,,
1066263,日本の前途と歴史教育を考える議員の会,45667,12012,False,0,10,1,1,0,0,1,0,2,3,0,1,0,1
1068201,日本会議国会議員懇談会,381679,47991,False,0,,,,,,,,,,,,,
1077693,日本共産党中央委員会,119098,44795,False,1,,,,,,,,,,,,,
1079471,大成国,21686,6110,False,0,,,,,,,,,,,,,
1090069,マルクス主義青年同盟,52109,11332,False,0,,,,,,,,,,,,,
1090192,全国貸金業政治連盟,44995,12753,False,0,3,0,0,0,1,0,0,0,0,0,1,0,1
1092518,マラーター同盟,88661,23787,False,0,,,,,,,,,,,,,
1099917,アイウォーケン,21346,6016,False,0,,,,,,,,,,,,,
1100690,神道政治連盟,67935,17274,False,0,,,,,,,,,,,,,
1104527,大日本誠流社,30360,9054,False,0,6,2,1,0,0,0,0,1,0,0,1,0,1
1104530,正義と人権を守り明日の日本を考える救国斬奸党,29990,8585,False,0,,,,,,,,,,,,,
1107555,無所属倶楽部,36406,9175,False,0,,,,,,,,,,,,,
1112033,アカイア同盟,52527,11914,False,0,,,,,,,,,,,,,
1117362,日本国民権利擁護連盟,26826,7684,False,0,,,,,,,,,,,,,
1117942,オプティマテス,26039,9588,False,0,,,,,,,,,,,,,
1118447,田中角栄を追放する勝手連,27585,7849,False,0,,,,,,,,,,,,,
1125862,ポプラレス,26242,8533,False,0,,,,,,,,,,,,,
1126091,9条ネット,37542,10484,False,1,16,2,3,0,2,1,0,2,0,1,4,0,1
1129100,全国若手市議会議員の会,35803,9085,False,0,,,,,,,,,,,,,
1129882,NAISの会,32300,9267,False,0,,,,,,,,,,,,,
1144439,隣保同盟,25797,7697,False,0,,,,,,,,,,,,,
1146154,トリブス民会,22168,6607,False,0,,,,,,,,,,,,,
1157627,外交問題評議会,102061,38068,False,0,36,1,1,0,4,15,0,2,5,3,4,0,1
1162395,夏 (三代),108216,30211,False,0,,,,,,,,,,,,,
1164790,アグラブ朝,47205,11775,False,0,,,,,,,,,,,,,
1166520,アジア・リベラル民主評議会,36017,8378,False,0,,,,,,,,,,,,,
1168312,ビジャープル王国,64548,14305,False,0,,,,,,,,,,,,,
1170444,ビルマ連邦国民評議会,27991,7673,False,0,,,,,,,,,,,,,
1171419,ちきゅうクラブ,25504,7063,False,0,,,,,,,,,,,,,
1182027,蘭芳公司,29041,8869,False,0,,,,,,,,,,,,,
1183733,君侯同盟,28159,8688,False,0,,,,,,,,,,,,,
1187986,日本学生同盟,35064,12302,False,0,39,0,6,2,11,0,13,2,1,0,1,2,1
1189284,シャイレーンドラ朝,78597,24857,False,0,,,,,,,,,,,,,
1194189,憲法20条を考える会,25511,6425,False,0,9,1,2,1,0,0,2,1,0,0,1,0,1
1195001,政教分離を貫く会,24734,7160,False,0,15,9,1,0,0,0,0,1,1,0,2,0,1
1200976,チーム安倍,54324,13709,False,0,,,,,,,,,,,,,
1209401,四騎の会,32107,8968,False,0,,,,,,,,,,,,,
1219363,マイソール王国,154840,47687,False,0,,,,,,,,,,,,,
1224543,水曜会 (自民党),121136,20732,False,0,,,,,,,,,,,,,
1230186,雲南派,44094,11612,False,0,10,0,0,0,1,2,0,0,0,5,1,0,1
1243124,保皇派,25336,7930,False,0,,,,,,,,,,,,,
1256399,重遠社,22752,6931,False,0,,,,,,,,,,,,,
1259744,国民同盟会,20724,5807,False,0,8,0,0,0,0,1,1,2,1,0,1,1,1
1259902,硬六派,30680,9332,False,0,,,,,,,,,,,,,
1260561,帝国財政革新会,23541,6497,False,0,,,,,,,,,,,,,
1265070,勘定所,27683,8183,False,0,,,,,,,,,,,,,
1266749,公共事業チェック議員の会,21551,6404,False,0,11,1,3,2,0,0,0,2,1,0,1,0,1
1268320,昭和研究会,73391,23647,False,0,,,,,,,,,,,,,
1276942,イオニア同盟,28016,7957,False,0,,,,,,,,,,,,,
1280245,日本ファシズム連盟,23785,6658,False,0,5,0,0,0,0,1,0,2,0,0,1,0,1
1280432,シャッダード朝,39280,10654,False,0,,,,,,,,,,,,,
1287281,三好政権,65750,23705,False,0,,,,,,,,,,,,,
1289999,欧州民主同盟,40212,8973,False,0,,,,,,,,,,,,,
1293105,細川政権 (戦国時代),63381,25043,False,1,56,2,7,2,3,2,2,5,0,20,6,6,1
1294760,人権擁護法案から人権を守る会,33191,8567,False,0,,,,,,,,,,,,,
1296724,幸倶楽部派,24033,7392,False,0,8,0,0,0,0,0,1,1,2,1,1,1,1
1304091,もう一つのロシア,44460,13057,False,0,,,,,,,,,,,,,
1308717,内部西方失地革命組織,26994,7968,False,0,,,,,,,,,,,,,
1308774,内部トラキア革命組織,33119,11969,False,0,,,,,,,,,,,,,
1312050,新日本国民同盟,21966,6087,False,0,,,,,,,,,,,,,
1312082,帝大七生社,24533,7067,False,0,7,1,1,0,1,0,0,1,0,1,1,0,1
1314284,ボナパルト朝,121998,15895,False,0,,,,,,,,,,,,,
1319120,新政局懇談会,131637,25685,False,1,,,,,,,,,,,,,
1328534,朝鮮プロレタリア芸術家同盟,29535,8328,False,1,,,,,,,,,,,,,
1328917,国のかたち研究会,197102,34247,False,1,19,2,3,2,2,0,0,3,0,0,6,0,1
1336146,浪人会,29071,8103,False,0,,,,,,,,,,,,,
1339846,政権戦略研究会,184668,34602,False,1,,,,,,,,,,,,,
1354013,花斉会,197842,37335,False,1,,,,,,,,,,,,,
1354642,最上八楯,29289,8269,False,0,,,,,,,,,,,,,
1363333,ザンギー朝,45466,14156,False,0,,,,,,,,,,,,,
1371907,凌雲会,254325,49903,False,1,,,,,,,,,,,,,
1372241,シッキム王国,87595,27764,False,0,,,,,,,,,,,,,
1374371,健全なネットワークビジネスを育てる議員連盟,41655,12669,False,0,5,0,0,0,2,1,0,0,0,0,1,0,1
1374382,ネットワークビジネス推進連盟,31612,9645,False,0,,,,,,,,,,,,,
1374605,県民クラブ (大分),92866,20370,False,0,,,,,,,,,,,,,
1378598,トラック輸送振興議員連盟,28506,7546,False,0,7,1,2,1,0,0,0,1,0,0,1,0,1
1379478,高速道路建設推進議員連盟,26425,6941,False,0,,,,,,,,,,,,,
1380748,皇民奉公会,25205,6573,False,0,17,0,2,0,0,4,0,3,0,3,4,0,1
1385702,政権公約を実現する会,186925,37578,False,1,49,5,5,0,13,0,10,2,2,1,9,1,1
1389467,トラヴァンコール王国,71581,19400,False,0,,,,,,,,,,,,,
1390224,帝大粛正期成同盟,36296,9105,False,0,4,0,0,0,0,0,0,1,0,0,1,1,1
1392570,チベット問題を考える議員連盟,38582,10467,False,0,,,,,,,,,,,,,
1397020,朝鮮建国準備委員会,26515,7214,False,1,,,,,,,,,,,,,
1397351,スール朝,57981,13036,False,1,,,,,,,,,,,,,
1397561,延安派,49851,15190,False,1,17,0,0,0,3,2,3,0,2,1,1,2,3
1401580,勤皇まことむすび,24950,7213,False,0,,,,,,,,,,,,,
1401671,経済正義実践市民連合,41384,12349,False,1,27,8,6,0,9,1,0,1,0,0,1,0,1
1402070,政治倫理審査会,40190,12028,False,0,,,,,,,,,,,,,
1409031,満州国協和会,47753,12567,False,1,,,,,,,,,,,,,
1412896,自由民主党青年局,152390,27758,False,0,,,,,,,,,,,,,
1413985,武断派,43149,10062,False,0,2,0,0,0,0,0,0,0,0,0,1,0,1
1414129,金融政策委員会,24274,7944,False,0,,,,,,,,,,,,,
1414729,猶存社,34393,8550,False,0,10,0,0,0,2,0,4,1,0,0,1,1,1
1417096,甲相同盟,40526,14618,False,0,,,,,,,,,,,,,
1427119,文治派,41856,9911,False,0,,,,,,,,,,,,,
1427283,上海幇,36463,9778,False,0,5,0,0,0,2,0,0,0,0,0,1,0,2
1428546,パクモドゥパ政権,47777,14300,False,1,,,,,,,,,,,,,
1430452,ラーの会,23609,6375,False,0,,,,,,,,,,,,,
1433616,中華帝国 (1915年-1916年),53220,12500,False,1,,,,,,,,,,,,,
1434254,朝鮮半島問題研究会,31815,8728,False,0,8,2,2,0,0,0,0,1,0,0,2,0,1
1439025,海上の盟,24458,8558,False,0,,,,,,,,,,,,,
1440280,スペイン・ブルボン朝,122017,41790,False,0,,,,,,,,,,,,,
1444375,ヴァルダナ朝,51628,12053,False,0,,,,,,,,,,,,,
1445615,日韓海底トンネル推進議員連盟,27515,7387,False,0,8,1,2,0,1,1,0,1,0,0,1,0,1
1447453,ハワイ共和国,36445,10161,False,0,,,,,,,,,,,,,
1448461,民族イスラーム戦線,43917,12401,False,0,36,1,2,1,17,4,1,1,4,0,4,0,1
1448949,道路運送経営研究会,44109,12032,False,0,,,,,,,,,,,,,
1450232,在日韓国人をはじめとする永住外国人住民の法的地位向上を推進する議員連盟,81892,19009,False,0,,,,,,,,,,,,,
1452253,一会桑政権,34863,12505,False,0,,,,,,,,,,,,,
1453205,日朝国交正常化推進議員連盟,32396,8710,False,0,,,,,,,,,,,,,
1454285,日本赤色救援会,58857,11625,False,0,,,,,,,,,,,,,
1459894,中国共産党中央組織部,71548,10735,False,0,,,,,,,,,,,,,
1460392,二日会,20364,5999,False,0,10,0,0,0,3,0,0,1,4,0,1,0,1
1460578,反戦青年委員会,28128,10040,False,0,,,,,,,,,,,,,
1461233,イドリース朝,63522,10833,False,0,,,,,,,,,,,,,
1463560,正しいことを考え実行する会,35772,9913,False,0,11,1,2,0,3,1,0,1,0,0,2,0,1
1468879,自民党国際人材議員連盟,40089,10459,False,0,15,0,6,3,0,0,0,0,3,0,1,1,1
1470394,ゴルカ朝,53550,13987,False,0,,,,,,,,,,,,,
1470807,7党連合,21112,6111,False,0,,,,,,,,,,,,,
1472479,ターヒル朝,48462,12383,False,0,,,,,,,,,,,,,
1472529,サッファール朝,47293,10541,False,0,,,,,,,,,,,,,
1472548,アラヴィー朝,30394,8233,False,0,,,,,,,,,,,,,
1474766,ゲディミナス朝,60263,19775,False,0,,,,,,,,,,,,,
1476898,プロテスタント同盟,33843,8922,False,0,,,,,,,,,,,,,
1478250,毛沢東思想研究会,30554,9494,False,0,6,0,0,1,2,0,0,1,1,0,1,0,0
1490448,韓国労働者福祉協議会,29262,7999,False,1,,,,,,,,,,,,,
1491340,統一左翼戦線,28054,8260,False,0,14,0,1,1,2,0,0,1,7,0,1,0,1
1493260,国際連帯税創設を求める議員連盟,32654,9227,False,0,8,0,0,1,3,1,0,1,0,0,1,0,1
1511752,リッチャヴィ朝,53147,18947,False,0,,,,,,,,,,,,,
1518995,ボグド・ハーン政権,52753,12691,False,0,,,,,,,,,,,,,
1521119,民主憲法争取国民運動本部,32028,10289,False,1,20,0,0,0,10,1,0,2,5,0,1,0,1
1521788,たばこと健康を考える議員連盟,56606,10955,False,0,,,,,,,,,,,,,
1523985,ヨーロッパ反資本主義左翼,42006,8688,False,1,,,,,,,,,,,,,
1526864,欧州自由民主同盟,56610,14719,False,1,,,,,,,,,,,,,
1530622,マラーター王国,159457,47747,False,0,,,,,,,,,,,,,
1532606,自由民主党朝鮮半島問題小委員会,27683,7591,False,0,,,,,,,,,,,,,
1532621,永住外国人の地方参政権を慎重に考える勉強会,35239,9396,False,0,5,1,1,0,0,0,0,1,0,0,1,0,1
1539948,新憲法制定議員同盟,39949,11759,False,0,,,,,,,,,,,,,
1540246,ブラウン派,25655,7998,False,0,7,0,0,0,2,1,0,0,0,0,4,0,0
1540321,ブレア派,34444,9285,False,0,5,0,0,0,2,1,0,0,0,0,2,0,0
1548955,民主党日韓議員交流委員会,28433,7856,False,0,4,0,1,0,0,0,0,1,0,0,1,0,1
1549041,日本歯科医師連盟,48578,11726,False,1,,,,,,,,,,,,,
1550692,プリズレン連盟,74003,32270,False,0,44,0,0,0,1,22,1,5,0,5,3,6,1
1550951,参与連帯,44735,14794,False,1,,,,,,,,,,,,,
1553145,統一左翼 (スペイン),107545,26535,False,1,,,,,,,,,,,,,
1556265,7月王政,53282,9985,False,5,12,0,2,2,2,2,0,1,0,0,1,1,1
1564577,冀察政務委員会,96765,38358,False,0,15,0,3,1,0,2,0,3,0,0,4,1,1
1568959,ザンド朝,48208,11480,False,0,,,,,,,,,,,,,
1585420,ヒメノ朝,203387,19184,False,0,,,,,,,,,,,,,
1586703,ブルゴーニュ朝 (カスティーリャ),163983,17101,False,0,,,,,,,,,,,,,
1593971,山西派,35823,8673,False,0,11,0,0,0,1,1,0,1,0,5,1,1,1
1594039,爨,25026,6245,False,0,,,,,,,,,,,,,
1613301,ズィヤール朝,64255,11706,False,0,,,,,,,,,,,,,
1618710,金融サービス制度を検討する会,23144,6295,False,0,,,,,,,,,,,,,
1626124,禁煙推進議員連盟,58597,13373,False,0,18,1,4,2,2,0,2,1,0,0,5,0,1
1627386,旧広西派,33997,7766,False,0,,,,,,,,,,,,,
1627812,新広西派,66309,24721,False,0,24,1,2,0,1,3,0,1,0,8,6,1,1
1634589,開元の治,21408,5850,False,0,,,,,,,,,,,,,
1634656,自由同和会,31664,9121,False,1,,,,,,,,,,,,,
1636866,速やかな政策実現を求める有志議員の会,53689,12876,False,0,,,,,,,,,,,,,
1637628,ブルガリアのための連合,44164,10026,False,0,,,,,,,,,,,,,
1639752,日本教職員組合問題究明議員連盟,134987,23406,False,0,8,1,2,1,0,1,0,1,0,0,1,0,1
1643046,セルビア救国政府,92215,29527,False,0,,,,,,,,,,,,,
1644477,漢軍八旗,26002,7850,False,0,,,,,,,,,,,,,
1645295,ハンガリー・アンジュー朝,132579,18212,False,0,,,,,,,,,,,,,
1650941,晋 (王朝),41705,8212,False,0,,,,,,,,,,,,,
1653617,自民党動物愛護管理推進議員連盟,44108,11460,False,0,,,,,,,,,,,,,
1653654,ナポリ・アンジュー朝,58333,18111,False,0,,,,,,,,,,,,,
1654067,朝鮮通信使交流議員の会,28493,7431,False,0,7,1,2,0,0,1,0,1,0,0,1,0,1
1655351,民主市民連合,53088,16517,False,0,,,,,,,,,,,,,
1660152,民主党全国委員会,21949,6379,False,0,,,,,,,,,,,,,
1660896,ポーランド・アンジュー朝,50758,15254,False,0,,,,,,,,,,,,,
1668533,スロベニア人民解放委員会,33685,8463,False,0,18,2,1,0,7,4,0,0,1,0,2,1,0
1668658,モンテネグロ人民解放国家反ファシスト委員会,36503,8385,False,0,15,2,1,0,7,1,1,2,0,0,1,0,0
1668876,ボスニア・ヘルツェゴビナ人民解放国家反ファシスト委員会,34653,8193,False,0,,,,,,,,,,,,,
1674069,トウ至,22456,6813,False,0,,,,,,,,,,,,,
1674081,宕昌国,22595,6471,False,0,,,,,,,,,,,,,
1676592,日華議員懇談会,33529,9654,False,0,17,4,5,1,5,0,0,0,0,0,1,0,1
1683488,北陸朝廷,22888,7149,False,0,10,0,1,2,0,0,0,1,0,3,2,0,1
1687939,白団,39007,12584,False,0,,,,,,,,,,,,,
1689484,諸生党,38177,15051,False,0,10,0,0,0,2,0,0,2,0,1,2,2,1
1694564,平和を願い真の国益を考え靖国神社参拝を支持する若手国会議員の会,36381,8300,False,0,7,1,2,1,0,0,0,1,0,0,1,0,1
1705182,NASAの会,29901,8372,False,0,3,0,0,0,0,0,0,1,0,0,1,0,1
1715280,恒久平和のために真相究明法の成立を目指す議員連盟,30285,7906,False,0,,,,,,,,,,,,,
1721845,みどりといのちの市民・農民連合,30593,9042,False,0,9,1,1,0,1,1,1,1,0,1,1,0,1
1727345,政教社,33248,12456,False,0,,,,,,,,,,,,,
1729696,四条派,35153,12447,False,0,,,,,,,,,,,,,
1731991,チュチェ思想研究会,28938,7965,False,0,,,,,,,,,,,,,
1735528,民主化推進協議会,28737,8170,False,1,,,,,,,,,,,,,
1736630,死刑廃止を推進する議員連盟,31404,8943,False,0,,,,,,,,,,,,,
1742978,チャンパーサック王国,65344,15731,False,0,,,,,,,,,,,,,
1744720,聖戦貫徹議員連盟,46835,11666,False,0,,,,,,,,,,,,,
1747695,強学会,22570,6903,False,0,14,1,1,0,5,1,1,2,0,0,1,1,1
1752746,朝鮮民族前衛同盟,24378,6634,False,0,,,,,,,,,,,,,
1754786,日本共産党労働者派,72430,15495,False,0,,,,,,,,,,,,,
1760345,多数派 (日本共産党),56727,12248,False,0,,,,,,,,,,,,,
1760355,蒋介石政権,38163,12123,False,0,,,,,,,,,,,,,
1763671,スペイン・ハプスブルク朝,46774,12918,False,0,,,,,,,,,,,,,
1765284,アールパード朝,146535,14471,False,0,,,,,,,,,,,,,
1771627,シチリア・ブルボン朝,315266,26359,False,0,,,,,,,,,,,,,
1773860,統一共産同盟,44708,9053,False,0,,,,,,,,,,,,,
1773863,反天皇制運動連絡会,37556,10356,False,1,27,1,1,0,12,3,0,5,0,0,2,2,1
1776659,韓国進歩連帯,33556,8580,False,1,,,,,,,,,,,,,
1778508,水曜会 (社会主義団体),56223,11433,False,0,10,0,0,0,0,0,1,1,2,1,2,2,1
1779995,反独裁民主戦線,67735,24479,False,0,,,,,,,,,,,,,
1780497,青年ヨーロッパ,41057,10064,False,0,,,,,,,,,,,,,
1781163,暁民会,61443,13028,False,0,,,,,,,,,,,,,
1786388,宗谷総合振興局,49967,9781,False,0,,,,,,,,,,,,,
1788657,民人同盟会,27395,7838,False,0,,,,,,,,,,,,,
1788660,建設者同盟,31081,9550,False,0,15,1,3,1,0,0,0,2,3,0,3,1,1
1791699,代々木派,24181,7384,False,0,10,0,0,0,5,1,0,1,0,1,1,0,1
1791701,華僑青年闘争委員会,28351,8424,False,0,,,,,,,,,,,,,
1791706,第四インターナショナル日本支部 (ボルシェビキ・レーニン主義派),56759,10818,False,0,,,,,,,,,,,,,
1792813,国家社会主義自動車軍団,26449,8175,False,0,,,,,,,,,,,,,
1802555,南匈奴,94104,32368,False,0,,,,,,,,,,,,,
1805310,タルゴヴィツァ連盟,31420,9026,False,0,,,,,,,,,,,,,
1808883,日本の領土を守るため行動する議員連盟,42010,10238,False,0,,,,,,,,,,,,,
1812317,アッバード朝,21865,5790,False,0,,,,,,,,,,,,,
1813974,公共放送のあり方について考える議員の会,37027,9103,False,0,11,2,3,2,0,1,0,1,0,0,1,0,1
1814718,アル・シャバブ (ソマリア),123169,33181,False,1,,,,,,,,,,,,,
1817808,民主主義民族戦線,27219,7863,False,0,,,,,,,,,,,,,
1819594,大韓独立促成国民会,31497,8731,False,1,,,,,,,,,,,,,
1826002,山田三方,31522,10800,False,0,,,,,,,,,,,,,
1826482,アルザス＝ロレーヌ共和国,30423,8281,False,0,,,,,,,,,,,,,
1837797,CC団,45258,16311,False,0,,,,,,,,,,,,,
1840518,老論派,28937,7466,False,1,,,,,,,,,,,,,
1843082,ムーブメント連帯,46557,9865,False,1,,,,,,,,,,,,,
1846361,自由将校団,25266,6663,False,0,5,0,0,0,1,2,0,0,0,0,1,0,1
1849199,日本看護連盟,28000,7679,False,0,9,0,0,0,0,0,0,2,0,4,2,0,1
1849220,政治連盟,45149,9518,False,0,,,,,,,,,,,,,
1849576,フィリピン第一共和国,55302,13312,False,1,,,,,,,,,,,,,
1850191,韓国大学総学生会連合,34348,11166,False,1,33,0,0,0,20,1,0,2,4,0,3,0,3
1850872,少論派,27488,7008,False,1,11,0,0,1,3,1,0,1,0,0,1,0,4
1856149,日本人民解放連盟,98073,17437,False,0,5,0,0,0,2,0,0,1,0,0,1,0,1
1856423,宗社党,25213,7088,False,0,,,,,,,,,,,,,
1860120,マズヤド朝,27977,7991,False,0,,,,,,,,,,,,,
1868163,小沢チルドレン,78065,21413,False,0,,,,,,,,,,,,,
1872146,フレンスブルク政府,83927,29608,False,0,,,,,,,,,,,,,
1872828,愛正会,119894,20534,False,0,9,2,0,2,2,0,0,0,0,0,1,1,1
1872989,ドイツ労働戦線,92143,22389,False,0,,,,,,,,,,,,,
1875697,民社国連立政権,100017,18315,False,0,,,,,,,,,,,,,
1882340,ダニシュメンド朝,45478,16239,False,0,,,,,,,,,,,,,
1885395,国立追悼施設を考える会,40383,8988,False,0,,,,,,,,,,,,,
1886790,ヨハンセングループ,38112,12619,False,0,,,,,,,,,,,,,
1887902,戸籍法を考える議員連盟,26218,6976,False,0,5,1,1,0,0,0,0,1,0,0,1,0,1
1897612,トルワ王朝,20609,6546,False,0,,,,,,,,,,,,,
1899381,八月四日体制,67326,18990,False,0,,,,,,,,,,,,,
1902439,満州派 (朝鮮労働党),42151,13324,False,1,56,21,1,0,16,8,0,0,5,0,1,0,4
1903176,金日成・金正日主義青年同盟,27851,7837,False,1,13,0,0,0,4,2,0,1,0,2,3,0,1
1903255,朝鮮社会主義女性同盟,22428,6145,False,0,13,0,1,1,5,1,0,1,0,0,3,0,1
1903480,ギリシャ軍事政権,135770,46843,False,0,,,,,,,,,,,,,
1907280,フランス共和国臨時政府,67126,14947,False,5,,,,,,,,,,,,,
1908912,アルカーイダ,145720,39552,False,0,,,,,,,,,,,,,
1915429,日本理学療法士連盟,25958,7148,False,0,,,,,,,,,,,,,
1920997,廓清会,25663,7576,False,0,,,,,,,,,,,,,
1925442,ワッタース朝,23976,6645,False,0,,,,,,,,,,,,,
1925509,カラマンリー朝,29447,8591,False,0,,,,,,,,,,,,,
1928629,国際共産主義潮流,61163,11269,False,0,,,,,,,,,,,,,
1928740,第五インターナショナル,92949,14903,False,0,,,,,,,,,,,,,
1933896,天皇陛下御即位二十年奉祝国会議員連盟,52451,14614,False,1,,,,,,,,,,,,,
1941942,以文会,32088,11602,False,0,,,,,,,,,,,,,
1946183,社会主義革新運動,26511,7728,False,0,,,,,,,,,,,,,
1946577,労働者インターナショナルのための委員会,48487,10473,False,0,,,,,,,,,,,,,
1946597,国際マルクス主義潮流,48788,10686,False,0,,,,,,,,,,,,,
1948612,帝国ファシスト連盟,24919,7577,False,0,,,,,,,,,,,,,
1961218,小沢訪中団,72721,16160,False,0,13,0,2,2,0,1,0,2,0,0,3,2,1
1964057,反穀物法同盟,34932,10850,False,0,,,,,,,,,,,,,
1964247,国家社会主義女性同盟,69821,13148,False,0,,,,,,,,,,,,,
1970205,バイエルン・レーテ共和国,46702,16094,False,0,,,,,,,,,,,,,
1970966,憲法普及会,47266,13055,False,0,,,,,,,,,,,,,
1973133,共産主義者同盟戦旗派,77055,13977,False,0,,,,,,,,,,,,,
1973135,共産主義者同盟 (全国委員会),43723,8900,False,0,,,,,,,,,,,,,
1973137,共産主義者同盟 (統一委員会),76646,14180,False,1,,,,,,,,,,,,,
1973138,アジア共同行動・日本連絡会議,27535,8299,False,0,7,0,0,0,3,1,0,1,0,0,1,0,1
1975872,イスコラト,127919,17976,False,0,,,,,,,,,,,,,
1979106,ガソリン値下げ隊,69820,16001,False,0,10,2,2,0,0,1,0,2,0,0,1,1,1
1979597,関西広域連合,96827,31202,False,0,,,,,,,,,,,,,
1984534,七奉行の会,92835,27086,False,0,,,,,,,,,,,,,
1985891,のぞみ (政治),26862,7387,False,0,,,,,,,,,,,,,
1987782,再チャレンジ支援議員連盟,38015,8845,False,0,,,,,,,,,,,,,
1997963,チョバン朝,25874,7548,False,0,,,,,,,,,,,,,
1998129,胡朝,43867,10944,False,0,,,,,,,,,,,,,
2002031,日韓からアジアの新機軸を考える会,23238,6251,False,0,5,1,1,0,0,0,0,1,0,0,1,0,1
2012904,インディアス枢機会議,29977,8153,False,0,,,,,,,,,,,,,
2015809,後陳朝,43797,11375,False,0,,,,,,,,,,,,,
2016214,民主主義復興最高評議会,28827,8405,False,0,,,,,,,,,,,,,
2024073,民族義勇団,42060,12113,False,0,15,0,0,0,5,4,1,1,0,0,4,0,0
2024676,自由民主党学生部中央執行委員会,23661,6954,False,0,,,,,,,,,,,,,
2036581,日本を護る市民の会,60631,16240,False,1,31,6,7,0,9,2,0,2,0,2,2,0,1
2048968,アカズ,59078,17661,False,0,,,,,,,,,,,,,
2053251,横浜鎖港談判使節団,33483,9900,False,0,12,0,2,2,4,0,0,0,0,0,1,2,1
2055287,ノルウェー国教会,42874,12355,False,1,,,,,,,,,,,,,
2056077,デンマーク国教会,36792,10633,False,0,,,,,,,,,,,,,
2057997,アイスランド国教会,26625,7711,False,0,,,,,,,,,,,,,
2062398,中道民主インターナショナル,56046,12421,False,1,,,,,,,,,,,,,
2067573,自由民主党シャドウ・キャビネット,172193,32846,False,0,,,,,,,,,,,,,
2073954,頑張れ日本!全国行動委員会,194054,51200,False,1,,,,,,,,,,,,,
2075537,石川知裕代議士の逮捕を考える会,92056,19424,False,0,,,,,,,,,,,,,
2076320,司法のあり方を検証・提言する議員連盟,74869,16514,False,0,10,0,5,2,0,0,0,1,0,0,1,0,1
2081587,情報・行動中央局,22756,6287,False,0,,,,,,,,,,,,,
2089624,創生「日本」,217396,40008,False,0,,,,,,,,,,,,,
2091226,民主党新時代娯楽産業健全育成プロジェクトチーム,29414,7820,False,0,5,0,1,0,0,0,0,1,0,0,1,1,1
2091250,国際観光産業振興議員連盟,65528,17617,False,0,,,,,,,,,,,,,
2092405,ジョン・バーチ・ソサエティ,31737,9487,False,0,7,0,0,0,2,2,0,1,0,1,1,0,0
2094134,軍統合情報局,40999,11928,False,0,,,,,,,,,,,,,
2102955,民国連立政権,87752,19505,False,0,,,,,,,,,,,,,
2103404,ピンヤ朝,48581,14596,False,0,,,,,,,,,,,,,
2131315,北京機関,43998,14358,False,0,,,,,,,,,,,,,
2149495,全国土地改良政治連盟,36907,8689,False,0,3,0,0,0,0,0,0,0,0,0,2,0,1
2153490,全国農業者農政運動組織連盟,26768,7072,False,0,,,,,,,,,,,,,
2153499,郵政政策研究会,22212,6080,False,0,,,,,,,,,,,,,
2155361,ネルウァ＝アントニヌス朝,154851,39936,False,1,,,,,,,,,,,,,
2173267,ゾルゲ諜報団,84299,44467,False,0,7,0,0,0,3,1,0,0,0,0,1,1,1
2173971,ドイツ共産党日本語部,58873,11451,False,0,,,,,,,,,,,,,
2174538,タマニー・ホール,74260,26462,False,0,,,,,,,,,,,,,
2182756,島津幕府,26691,7740,False,0,,,,,,,,,,,,,
2186423,フランス軍事顧問団 (1867-1868),55097,20096,False,0,,,,,,,,,,,,,
2186551,MAUD委員会,93091,37369,False,0,,,,,,,,,,,,,
2208263,国家主権と国益を守るために行動する議員連盟,50767,11904,False,0,,,,,,,,,,,,,
2213506,羅済同盟,26964,7059,False,1,,,,,,,,,,,,,
2216382,若きフランス,28396,8794,False,0,,,,,,,,,,,,,
2216801,麗済同盟,26566,6756,False,1,,,,,,,,,,,,,
2217652,唐・新羅の同盟,26379,7964,False,0,,,,,,,,,,,,,
2220360,国家社会主義者世界連合,46655,11648,False,0,,,,,,,,,,,,,
2224233,ポマレ王朝,51353,18258,False,0,,,,,,,,,,,,,
2226296,ラグビーワールドカップ2019日本大会成功議員連盟,46566,11061,False,0,,,,,,,,,,,,,
2230527,クルト朝,93686,31365,False,0,,,,,,,,,,,,,
2232673,労働解放団,24186,6611,False,0,,,,,,,,,,,,,
2243715,ジャンムー・カシュミール藩王国,58797,12638,False,0,,,,,,,,,,,,,
2247636,三宝会,43344,10005,False,0,,,,,,,,,,,,,
2259719,カフカース首長国,58399,13727,False,1,,,,,,,,,,,,,
2263374,暴力に反対する公衆,23392,6970,False,0,,,,,,,,,,,,,
2268999,南モンゴル民主連盟,31173,8214,False,0,,,,,,,,,,,,,
2269346,コートジボワール新勢力,36634,8159,False,0,,,,,,,,,,,,,
2278758,民主主義者連盟,62079,12311,False,1,,,,,,,,,,,,,
2283078,全日本無産青年同盟,63104,12954,False,0,,,,,,,,,,,,,
2284653,全国水平社青年同盟,57087,10923,False,0,,,,,,,,,,,,,
2284696,ネルー・ガーンディー・ファミリー,89567,18543,False,0,,,,,,,,,,,,,
2295340,ナイト・ドラゴン,53474,10324,False,0,,,,,,,,,,,,,
2296337,インド・スキタイ王国,72666,15374,False,0,,,,,,,,,,,,,
2297583,エジプト軍最高評議会,77201,16827,False,0,27,2,5,4,11,3,0,0,0,0,1,0,1
2299636,民主党政権交代に責任を持つ会,121369,27829,False,1,,,,,,,,,,,,,
2303870,民主党ワイン産業振興議員連盟,28630,7809,False,0,15,2,5,2,0,2,0,2,0,0,1,0,1
2316542,ジャーン朝,43192,11122,False,0,,,,,,,,,,,,,
2321620,ジャウンプル・スルターン朝,57357,13290,False,0,,,,,,,,,,,,,
2328608,ディタドゥーラ・ナシオナル,27801,7049,False,0,,,,,,,,,,,,,
2328939,青山会,111781,19939,False,1,,,,,,,,,,,,,
2331265,甲佐同盟,44226,19092,False,0,,,,,,,,,,,,,
2331673,クヴィスリング政権,103240,24077,False,0,,,,,,,,,,,,,
2340948,アメリカ反帝国主義連盟,41455,12021,False,0,,,,,,,,,,,,,
2341062,全国水平社,44281,14351,False,0,,,,,,,,,,,,,
2342384,全日本ドライバーズクラブ,29922,9350,False,0,,,,,,,,,,,,,
2346503,コラボラトゥール,27377,7536,False,0,,,,,,,,,,,,,
2359074,ブラバゾン委員会,36935,14131,False,0,,,,,,,,,,,,,
2360703,国家辺海防委員会,49529,10300,False,0,,,,,,,,,,,,,
2362151,アルマニャック派,41111,13798,False,0,,,,,,,,,,,,,
2362152,ブルゴーニュ派,43465,14265,False,0,34,9,2,4,1,13,0,2,0,0,2,1,0
2366270,リトアニア臨時政府,40439,10697,False,0,14,0,3,2,1,4,0,2,0,0,1,1,0
2366904,地下式原子力発電所政策推進議員連盟,31550,8526,False,0,,,,,,,,,,,,,
2376410,パレモナス朝,158934,24086,False,0,,,,,,,,,,,,,
2384930,チーム関西,167960,48700,False,1,,,,,,,,,,,,,
2391378,アブハジア社会主義ソビエト共和国,132817,21028,False,0,,,,,,,,,,,,,
2391955,タヴリダ・ソビエト社会主義共和国,128275,18545,False,0,,,,,,,,,,,,,
2397773,呉朝,53587,15087,False,0,,,,,,,,,,,,,
2397803,丁朝,52499,16119,False,0,,,,,,,,,,,,,
2397830,前黎朝,46380,12895,False,0,,,,,,,,,,,,,
2398014,シク王国,81467,21852,False,0,,,,,,,,,,,,,
2398106,内モンゴル人民共和国,31704,9875,False,0,,,,,,,,,,,,,
2398590,東モンゴル自治政府,28960,9429,False,0,16,0,3,5,0,1,1,1,0,2,1,1,1
2399265,内モンゴル自治政府,26727,7857,False,0,,,,,,,,,,,,,
2400712,インジュー朝,38326,10135,False,0,,,,,,,,,,,,,
2406820,イラク・セルジューク朝,60159,11266,False,0,,,,,,,,,,,,,
2412033,河内王朝,30291,8935,False,0,,,,,,,,,,,,,
2416724,戦後補償を考える議員連盟,32975,10200,False,0,6,0,2,0,2,0,0,0,0,0,1,0,1
2416929,将棋文化振興議員連盟,25919,7022,False,0,,,,,,,,,,,,,
2416993,暫定委員会,96008,37379,False,0,7,0,1,0,2,1,0,1,0,0,1,0,1
2426110,東洋議政会,30324,7990,False,0,,,,,,,,,,,,,
2429185,素交会,204936,37812,False,1,,,,,,,,,,,,,
2443375,海事振興連盟,25401,6911,False,0,6,1,2,0,0,0,0,1,0,0,1,0,1
2444424,コンゴ国際協会,33561,8903,False,0,,,,,,,,,,,,,
2445118,アヴァ王朝,99164,37223,False,0,,,,,,,,,,,,,
2447016,「日本のグランド・デザイン」研究会,83965,16299,False,1,,,,,,,,,,,,,
2454374,官僚国家日本を変える元官僚の会,30851,8853,False,0,,,,,,,,,,,,,
2456743,ドイツとオーストリアに対する大統領経済使節団,55402,14619,False,0,,,,,,,,,,,,,
2461282,カンプチア救国民族統一戦線,52453,17346,False,0,,,,,,,,,,,,,
2463725,セーナ朝,71604,17188,False,0,,,,,,,,,,,,,
2463894,TPPを慎重に考える会,46405,11072,False,1,,,,,,,,,,,,,
2466002,環太平洋経済連携に関する研究会,47974,11059,False,1,,,,,,,,,,,,,
2474979,武臣政権,87521,32391,False,1,,,,,,,,,,,,,
2475307,21世紀国家ビジョン研究会,87863,17162,False,1,,,,,,,,,,,,,
2475314,雄志会,89294,17331,False,1,16,1,4,0,2,0,0,2,0,0,5,1,1
2475317,日本維新・V-democrats,96295,17905,False,1,,,,,,,,,,,,,
2475319,国益を考える会,88131,16652,False,1,4,0,0,0,0,0,0,1,0,0,2,0,1
2475322,メロスネット,62815,12611,False,1,,,,,,,,,,,,,
2475329,礎会,82298,15574,False,1,,,,,,,,,,,,,
2493551,マカオ政庁,28888,8429,False,1,,,,,,,,,,,,,
2494551,敬神党,27663,7806,False,0,10,0,0,0,1,0,0,0,3,2,3,0,1
2494817,新しい政策研究会,104899,21850,False,1,,,,,,,,,,,,,
2510824,政治行動委員会,29183,8876,False,0,,,,,,,,,,,,,
2519900,維新政治塾,53687,16446,False,0,,,,,,,,,,,,,
2524543,革新と統合,43377,10718,False,1,49,0,13,15,12,1,1,1,0,0,2,1,3
2526982,イングランド防衛同盟,51936,12021,False,1,,,,,,,,,,,,,
2527601,フランス軍事顧問団 (1872-1880),36308,12423,False,0,,,,,,,,,,,,,
2527615,フランス軍事顧問団 (1884-1889),29589,8900,False,0,,,,,,,,,,,,,
2535395,湖月会,26085,7027,False,0,,,,,,,,,,,,,
2537564,愛国社 (1875年-1880年),29099,8898,False,0,,,,,,,,,,,,,
2543878,トレーシー顧問団,20749,5790,False,0,,,,,,,,,,,,,
2544702,エジプト第30王朝,41552,11127,False,0,,,,,,,,,,,,,
2551792,レンダカリ,38726,10211,False,0,,,,,,,,,,,,,
2562496,奨匡社,36893,11332,False,0,,,,,,,,,,,,,
2562864,呉竹会,42591,12460,False,0,,,,,,,,,,,,,
2564007,適切な医療を実現する医師国会議員連盟,27530,7464,False,0,,,,,,,,,,,,,
2567556,親学推進議員連盟,50027,12080,False,0,11,0,2,2,2,1,0,2,0,0,1,0,1
2579695,ザ・ワイズ・メン,43196,12234,False,0,,,,,,,,,,,,,
2592989,例外的に夫婦の別姓を実現させる会,52478,17544,False,0,,,,,,,,,,,,,
2605563,学民思潮,24438,7204,False,0,,,,,,,,,,,,,
2605664,アルゲアス朝,113411,17104,False,0,,,,,,,,,,,,,
2614377,ジャントー (イギリス),50712,15003,False,0,10,0,0,0,2,5,0,1,0,0,1,1,0
2619456,国際赤色救援会,33773,9717,False,0,,,,,,,,,,,,,
2621468,ガリシア統一左翼,89391,23449,False,1,,,,,,,,,,,,,
2622888,モルジュ戦線,25787,7578,False,0,,,,,,,,,,,,,
2625262,Cabal,32998,10505,False,0,6,0,0,0,2,1,0,0,0,0,1,1,1
2625377,真の一体改革を実現する一期生の会,63251,12969,False,1,,,,,,,,,,,,,
2630605,光復会 (韓国),35145,8527,False,0,,,,,,,,,,,,,
2631739,労働社会主義インターナショナル,101654,19055,False,1,,,,,,,,,,,,,
2636133,行政改革会議,28460,7762,False,0,,,,,,,,,,,,,
2642210,大行社政治連盟,26685,8138,False,0,9,0,0,0,0,0,0,1,2,0,4,1,1
2660984,共産主義青年インターナショナル,31007,8779,False,1,,,,,,,,,,,,,
2662301,バアス党政権 (イラク),74998,25914,False,0,62,6,7,4,1,28,1,6,1,2,0,6,0
2666340,ギャルド・スイス,67167,28731,False,0,,,,,,,,,,,,,
2668517,アメリカ選挙人団,99185,22711,False,0,,,,,,,,,,,,,
2676548,シリア国民連合,151082,25447,False,1,,,,,,,,,,,,,
2676987,ウァレンティニアヌス朝,47807,9180,False,0,,,,,,,,,,,,,
2677311,コミンテルン執行委員会,30583,9607,False,0,,,,,,,,,,,,,
2678090,原発ゼロの会,40294,8372,False,0,,,,,,,,,,,,,
2679354,エジプト末期王朝,59375,10379,False,0,,,,,,,,,,,,,
2680826,3月23日運動,109147,29773,False,0,,,,,,,,,,,,,
2685709,東ガンガ朝,67999,17160,False,0,,,,,,,,,,,,,
2685759,ガジャパティ朝,58955,14953,False,0,,,,,,,,,,,,,
2686008,革命的共産主義者同盟再建協議会,68283,14175,False,1,21,1,1,0,9,2,0,3,0,2,2,0,1
2695946,イクメン議員連盟,23988,6523,False,0,,,,,,,,,,,,,
2697429,ナーヤカ朝,43553,9961,False,0,,,,,,,,,,,,,
2697543,シェンジ・ナーヤカ朝,47414,11236,False,0,,,,,,,,,,,,,
2697613,マドゥライ・ナーヤカ朝,66837,18085,False,0,,,,,,,,,,,,,
2697867,ケラディ・ナーヤカ朝,54221,13165,False,0,,,,,,,,,,,,,
2698054,チトラドゥルガ・ナーヤカ朝,53045,13577,False,0,,,,,,,,,,,,,
2698241,タンジャーヴール・ナーヤカ朝,64885,18880,False,0,,,,,,,,,,,,,
2702716,さいこう日本,134030,23364,False,0,12,3,2,3,0,0,0,1,0,0,2,0,1
2716223,TPP交渉における国益を守り抜く会,71654,13604,False,0,8,1,4,0,0,0,0,0,2,0,1,0,0
2724102,仲王朝,27458,8206,False,0,,,,,,,,,,,,,
2734118,レッディ王国,48132,15593,False,0,,,,,,,,,,,,,
2745934,ラスール朝,37247,14260,False,0,,,,,,,,,,,,,
2748996,独立準備委員会,29618,8888,False,0,,,,,,,,,,,,,
2752944,若宮大路幕府,24542,7063,False,0,,,,,,,,,,,,,
2755933,ルアンパバーン王国,65907,18599,False,0,,,,,,,,,,,,,
2758604,全ロシア人民戦線,29171,8341,False,0,,,,,,,,,,,,,
2770433,立憲フォーラム,30504,8271,False,0,,,,,,,,,,,,,
2771766,ホーチミン共産青年同盟,27852,7568,False,0,,,,,,,,,,,,,
2792744,帰義軍,27385,8716,False,0,,,,,,,,,,,,,
2800994,うりずんの会,33096,9496,False,0,,,,,,,,,,,,,
2804707,カトリック連盟,74626,23034,False,0,,,,,,,,,,,,,
2819534,革命的共産主義者同盟全国委員会,276289,98317,False,1,53,2,3,1,30,2,0,2,4,6,2,0,1
2819711,靖難功臣,43101,9249,False,0,,,,,,,,,,,,,
2820407,レオ朝,90592,18729,False,0,,,,,,,,,,,,,
2831046,ザーリアー朝,80163,13186,False,0,,,,,,,,,,,,,
2833237,世界自由民主連盟,75851,17811,False,0,,,,,,,,,,,,,
2851525,李明博政権,50167,10280,False,0,12,1,2,2,0,1,0,2,0,0,1,2,1
2856016,ISIL,747069,181220,False,2,,,,,,,,,,,,,
2858976,臨時全ロシア政府,130719,17965,False,0,,,,,,,,,,,,,
2865006,急進派共和党,143599,44215,False,0,56,0,3,0,40,8,0,1,0,0,1,2,1
2884836,日本を明るくする会,159695,30876,False,1,,,,,,,,,,,,,
2889525,ペグー王朝,95708,34223,False,0,,,,,,,,,,,,,
2919572,ヒズブル・ムジャーヒディーン,37149,9621,False,0,,,,,,,,,,,,,
2925773,ピール派,46583,12686,False,0,,,,,,,,,,,,,
2947280,オデヤ朝,48942,13001,False,0,,,,,,,,,,,,,
2948048,時代に適した風営法を求める議員連盟,31369,8209,False,0,,,,,,,,,,,,,
2948321,反帝民族民主戦線,40295,10765,False,2,,,,,,,,,,,,,
2950602,タンジャーヴール・マラーター王国,91180,23803,False,0,,,,,,,,,,,,,
2950681,アルジェリア共和国暫定政権,74818,15233,False,1,31,3,3,3,3,1,3,5,0,2,3,4,1
2954154,日朝協会,32156,8314,False,1,,,,,,,,,,,,,
2954316,ニューディール連合,62468,21905,False,0,,,,,,,,,,,,,
2968926,テレボヴリ公国,36531,9354,False,0,,,,,,,,,,,,,
2973442,イルデニズ朝,41874,14803,False,0,,,,,,,,,,,,,
2974918,啓発会,29811,8832,False,1,,,,,,,,,,,,,
2989874,エストリズセン朝,179413,14445,False,0,,,,,,,,,,,,,
3001193,家族の絆特命委員会,36299,8857,False,0,7,2,2,0,0,0,0,1,0,0,1,0,1
3006542,朴槿恵政権,82741,13379,False,0,17,2,2,3,0,1,0,3,0,0,2,3,1
3015186,イラクのマムルーク朝,62997,20303,False,1,,,,,,,,,,,,,
3037941,自主憲法研究会,51733,13542,False,0,9,0,1,1,0,1,0,1,2,0,2,0,1
3038217,龍馬プロジェクト,51737,13992,False,0,,,,,,,,,,,,,
3040705,ダービー派,45402,10930,False,0,11,0,0,2,2,1,0,2,2,0,2,0,0
3043383,在日本朝鮮青年同盟,41604,10596,False,1,16,0,0,0,3,0,0,3,5,1,3,0,1
3061071,公明党中央幹事会,66730,14608,False,0,,,,,,,,,,,,,
3074108,朝鮮臨戦報国団,29329,8038,False,1,20,1,1,1,4,1,1,2,2,0,4,1,2
3079414,国民統一政府 (ハンガリー),72354,15949,False,1,,,,,,,,,,,,,
3090415,無派閥連絡会,27078,8072,False,0,,,,,,,,,,,,,
3091031,自誓会,296391,52379,False,1,,,,,,,,,,,,,
3092444,マンガ・アニメ・ゲームに関する議員連盟,41476,13107,False,0,,,,,,,,,,,,,
3099452,支持政党なし (政治団体),138784,33308,False,1,,,,,,,,,,,,,
3109601,西洋のイスラム化に反対する欧州愛国者,136250,53415,False,1,,,,,,,,,,,,,
3114816,プレブス民会,21579,6773,False,0,4,0,0,0,2,0,0,1,0,0,1,0,0
3117239,イェリング朝,45619,7958,False,0,,,,,,,,,,,,,
3126017,アーホーム王国,47801,10660,False,0,,,,,,,,,,,,,
3132397,メーワール王国,56099,12674,False,0,,,,,,,,,,,,,
3134122,国際反共連盟,41416,9691,False,0,,,,,,,,,,,,,
3135012,ゴルカ王国,38448,10293,False,0,,,,,,,,,,,,,
3137155,テオドシウス朝,96709,14378,False,0,,,,,,,,,,,,,
3138707,コリントス同盟,37576,15160,False,0,,,,,,,,,,,,,
3147385,マールワール王国,54661,12279,False,0,,,,,,,,,,,,,
3147387,アンベール王国,56600,12176,False,0,,,,,,,,,,,,,
3150943,アラウィー朝,156979,35291,False,0,,,,,,,,,,,,,
3188223,グジャラート・スルターン朝,61301,15418,False,0,,,,,,,,,,,,,
3188767,マールワー・スルターン朝,59175,13168,False,0,,,,,,,,,,,,,
3195108,マドゥライ・スルターン朝,54269,12131,False,0,,,,,,,,,,,,,
3204609,桓楚,39127,8531,False,0,,,,,,,,,,,,,
3211024,希望の同盟,31118,10495,False,0,,,,,,,,,,,,,
3213629,マッラ朝,28116,8000,False,0,,,,,,,,,,,,,
3216015,デカン・スルターン朝,52036,11670,False,0,,,,,,,,,,,,,
3222423,さとやま・草莽の会,65984,16641,False,1,,,,,,,,,,,,,
3226839,ルスタム朝,42126,13645,False,0,,,,,,,,,,,,,
3228171,ベンガル・スルターン朝,88070,24680,False,0,,,,,,,,,,,,,
3230868,ベラール王国,30813,9487,False,0,,,,,,,,,,,,,
3235447,コーチン王国,52142,11515,False,0,,,,,,,,,,,,,
3237615,日本司法書士政治連盟,22773,6432,False,0,,,,,,,,,,,,,
3238017,文化芸術懇話会,202081,43211,False,1,,,,,,,,,,,,,
3239647,アフマドナガル王国,33768,9594,False,0,,,,,,,,,,,,,
3239689,ビーダル王国,28961,8637,False,0,,,,,,,,,,,,,
3247725,自由と民主主義のための学生緊急行動,244368,72706,False,1,,,,,,,,,,,,,
3254468,ブーサイード朝,114073,41243,False,0,,,,,,,,,,,,,
3260104,カシュミール・スルターン朝,42493,11981,False,0,,,,,,,,,,,,,
3269301,セーナ王国,45128,12995,False,0,,,,,,,,,,,,,
3270782,クリア (古代ローマ),21074,6332,False,0,,,,,,,,,,,,,
3284736,コンポステーラ・アベルタ,42120,10118,False,1,,,,,,,,,,,,,
3284778,日本共産主義者団,57738,11887,False,0,,,,,,,,,,,,,
3286429,日本を守る会,41319,12630,False,0,38,0,2,15,10,2,1,2,1,0,2,2,1
3288818,水月会,147352,26966,False,1,,,,,,,,,,,,,
3289408,ヤアーリバ朝,93232,26311,False,0,,,,,,,,,,,,,
3299395,カタルーニャ・シ・カ・アス・ポット,84125,19175,False,1,,,,,,,,,,,,,
3304622,利敵団体,30629,9109,False,1,,,,,,,,,,,,,
3307426,ガーハダヴァーラ朝,61117,14443,False,0,,,,,,,,,,,,,
3316863,改革連盟,214058,68476,False,1,53,3,7,4,2,12,2,3,8,7,3,1,1
3316971,ホールファグレ朝,202722,33990,False,1,,,,,,,,,,,,,
3317328,アルピン朝,112281,11288,False,0,,,,,,,,,,,,,
3317782,アサル朝,124883,12472,False,0,,,,,,,,,,,,,
3323384,ドゥーカス王朝,150855,26006,False,0,,,,,,,,,,,,,
3327302,エン・マレーア,56363,11625,False,1,,,,,,,,,,,,,
3327329,民主統一会議,39197,9403,False,1,,,,,,,,,,,,,
3328447,ベトナム維新会,31041,9781,False,0,,,,,,,,,,,,,
3328515,人民連合 (スペイン),44020,12252,False,1,,,,,,,,,,,,,
3329488,アン・クムー・プデム,52045,10937,False,1,,,,,,,,,,,,,
3332848,兵庫維新の会,41068,9114,False,1,,,,,,,,,,,,,
3336047,アンティパトロス朝,92457,12686,False,0,,,,,,,,,,,,,
3363639,カタルーニャ国民会議,57724,17791,False,1,40,3,2,4,15,1,0,2,3,7,3,0,0
3367873,安全保障関連法に反対する学者の会,29365,8441,False,0,5,0,0,0,1,1,0,1,0,0,1,0,1
3367910,立憲デモクラシーの会,29442,8569,False,0,,,,,,,,,,,,,
3370402,統一戦線義勇軍,70209,19417,False,1,,,,,,,,,,,,,
3370405,日本学生会議,33446,9122,False,0,,,,,,,,,,,,,
3373522,イスラム戦線 (シリア),65538,15664,False,0,,,,,,,,,,,,,
3377993,子どもの貧困対策推進議員連盟,29956,8305,False,0,3,0,0,0,0,0,0,1,0,0,1,0,1
3407347,国軸の会,103485,19849,False,1,,,,,,,,,,,,,
3415242,伊甚屯倉,28848,8247,False,0,,,,,,,,,,,,,
3439252,糟屋屯倉,22417,6117,False,0,,,,,,,,,,,,,
3439257,横渟屯倉,25154,6710,False,0,,,,,,,,,,,,,
3439259,橘花屯倉,25475,6754,False,0,,,,,,,,,,,,,
3439260,多氷屯倉,26030,7047,False,0,,,,,,,,,,,,,
3439261,倉樔屯倉,25562,6896,False,0,,,,,,,,,,,,,
3447980,共産党・労働者党国際会議,89969,14129,False,1,,,,,,,,,,,,,
3448238,共和国亡命政府,36370,9057,False,0,19,1,2,1,2,1,1,4,1,1,1,3,1
3449548,朝鮮労働党中央委員会,58576,15928,False,1,,,,,,,,,,,,,
3451243,クーチ・ビハール王国,33890,9024,False,0,,,,,,,,,,,,,
3451669,ガルワール王国,39703,9711,False,0,,,,,,,,,,,,,
3451865,之江新軍,80120,30563,False,0,,,,,,,,,,,,,
3453809,フサイン朝,33251,8042,False,1,,,,,,,,,,,,,
3454082,陝西幇,48849,14092,False,0,5,0,0,0,2,1,0,0,0,0,1,0,1
3458184,コロンビア人民解放軍,28531,7689,False,0,,,,,,,,,,,,,
3465012,アラカン王国,32344,8501,False,0,,,,,,,,,,,,,
3476774,ジョージア国内オリンピック委員会,61123,21208,False,1,,,,,,,,,,,,,
3485492,バラトプル王国,45160,11700,False,0,,,,,,,,,,,,,
3486146,安保法制の廃止と立憲主義の回復を求める市民連合,133493,25479,False,1,,,,,,,,,,,,,
3490991,シチュアシオニスト・インターナショナル,29671,9018,False,0,,,,,,,,,,,,,
3494557,満州派 (大日本帝国陸軍),29138,9068,False,0,,,,,,,,,,,,,
3509544,国際政党組織,42743,9855,False,0,,,,,,,,,,,,,
3521755,リトアニア自由連盟,35346,9145,False,1,,,,,,,,,,,,,
3525227,農村青年社,37864,9714,False,0,,,,,,,,,,,,,
3532392,ソマリア暫定国民政府,157141,29933,False,1,,,,,,,,,,,,,
3533741,ファトフ軍,80269,20396,False,0,,,,,,,,,,,,,
3539523,復社,30822,9987,False,0,,,,,,,,,,,,,
3543243,英普同盟 (1756年-1762年),39418,11440,False,0,,,,,,,,,,,,,
3548166,サフラジェット,159019,44226,False,0,,,,,,,,,,,,,
3552247,都民ファーストの会,92777,27690,False,1,,,,,,,,,,,,,
3563724,サンクチュアリ (民進党のグループ),197917,35436,False,1,,,,,,,,,,,,,
3570150,トゥナプナ＝ピアコ地域自治体,49980,9632,False,1,,,,,,,,,,,,,
3570935,サン・フアン＝ラヴェンティル地域自治体,43822,8664,False,1,,,,,,,,,,,,,
3573131,ニケフォロス朝,62742,12307,False,0,,,,,,,,,,,,,
3574125,憂国我道会,98984,36627,False,0,,,,,,,,,,,,,
3585633,エジプト第27王朝,69321,20091,False,0,,,,,,,,,,,,,
3586250,エジプト第28王朝,36635,8471,False,0,,,,,,,,,,,,,
3586586,エジプト第29王朝,45979,10644,False,0,,,,,,,,,,,,,
3586606,エジプト第31王朝,56622,14579,False,0,,,,,,,,,,,,,
3590137,大院君政権,98991,27199,False,1,,,,,,,,,,,,,
3599860,国民ブロック,41639,10855,False,1,,,,,,,,,,,,,
3602447,国民リスト,41321,10912,False,1,,,,,,,,,,,,,
3616471,自民党たばこ議員連盟,31090,8389,False,0,,,,,,,,,,,,,
3621324,創新会,219839,39116,False,1,,,,,,,,,,,,,
3627072,日本獣医師政治連盟,30753,7559,False,1,,,,,,,,,,,,,
3631709,江田グループ,201283,34769,False,1,,,,,,,,,,,,,
3641092,チャウルキヤ朝,54156,15915,False,0,,,,,,,,,,,,,
3648783,ラテンアメリカ・カリブ政党常設会議,61902,10978,False,1,,,,,,,,,,,,,
3682176,院外団,30248,9048,False,0,,,,,,,,,,,,,
3695302,自由パプア運動,82784,25879,False,1,,,,,,,,,,,,,
