page_id,title,html_file_size,text_file_size,is_disambiguation_page,infobox_count,num_annotations,下部組織,主義・主張,交付金データの年,人数,人数データの年,代表者,代表者の地位職業,別名,国,国際組織,後継組織,成立年,成立時の構成組織,所在地,支持団体,政党交付金,政策,機関紙,歴代の元首・首班,派閥・グループ,理念・スローガン,解散年,読み
4606,バアス党,125642,37232,False,1,,,,,,,,,,,,,,,,,,,,,,,,
6745,自由党 (日本 1998-2003),117766,25160,False,1,,,,,,,,,,,,,,,,,,,,,,,,
12827,民主党 (日本 1947-1950),144938,26436,False,1,,,,,,,,,,,,,,,,,,,,,,,,
12864,日本社会党,252549,80520,False,1,,,,,,,,,,,,,,,,,,,,,,,,
13155,社会民主党 (日本 1996-),393284,104266,False,1,,,,,,,,,,,,,,,,,,,,,,,,
14985,日本共産党,725062,271401,False,1,,,,,,,,,,,,,,,,,,,,,,,,
15012,公明党,383105,118989,False,1,,,,,,,,,,,,,,,,,,,,,,,,
16326,太陽党,70835,14969,False,1,,,,,,,,,,,,,,,,,,,,,,,,
16804,社会民主連合,77252,19064,False,1,94,0,14,0,0,0,5,2,9,2,0,14,3,33,0,0,0,2,0,0,0,5,4,1
16851,民社党,117750,36190,False,1,,,,,,,,,,,,,,,,,,,,,,,,
19025,新進党,96496,26647,False,1,,,,,,,,,,,,,,,,,,,,,,,,
21228,新党さきがけ,74520,22302,False,1,,,,,,,,,,,,,,,,,,,,,,,,
21703,保守新党,189049,30391,False,1,,,,,,,,,,,,,,,,,,,,,,,,
25600,無所属の会,77840,33771,False,0,,,,,,,,,,,,,,,,,,,,,,,,
26453,イラク国民会議,46918,9359,False,1,,,,,,,,,,,,,,,,,,,,,,,,
29055,ドイツキリスト教民主同盟,138279,37535,False,1,,,,,,,,,,,,,,,,,,,,,,,,
29058,ドイツ社会民主党,211097,65611,False,1,,,,,,,,,,,,,,,,,,,,,,,,
30583,アメリカ共産党,82605,20189,False,1,,,,,,,,,,,,,,,,,,,,,,,,
30585,アメリカ社会党,61507,13155,False,1,,,,,,,,,,,,,,,,,,,,,,,,
30588,アメリカ緑の党,71819,15430,False,1,38,0,7,0,1,1,7,4,5,8,1,0,1,0,1,0,0,0,0,0,0,1,0,1
30589,リバタリアン党 (アメリカ),83221,23351,False,1,50,0,9,0,1,1,1,1,5,4,1,0,2,0,1,0,0,20,0,0,0,3,0,1
30591,自然法党 (アメリカ),43361,9358,False,0,,,,,,,,,,,,,,,,,,,,,,,,
31443,中国国民党,110373,29425,False,1,,,,,,,,,,,,,,,,,,,,,,,,
31450,台湾国民党,36759,8453,False,1,25,0,3,0,1,1,3,2,1,8,0,0,3,0,2,0,0,0,0,0,0,0,0,1
31711,新自由クラブ,198864,44445,False,1,,,,,,,,,,,,,,,,,,,,,,,,
31814,フォルツァ・イタリア,47694,11395,False,1,,,,,,,,,,,,,,,,,,,,,,,,
33117,民主党 (アメリカ),191159,47514,False,1,110,0,17,0,1,1,1,1,2,4,1,0,1,1,2,26,0,23,0,25,2,1,0,1
33135,共和党 (アメリカ),210919,58892,False,1,105,0,19,0,1,1,1,1,4,3,2,0,2,0,1,23,0,18,0,27,1,0,0,1
33804,イタリアの同胞,92510,24490,False,1,,,,,,,,,,,,,,,,,,,,,,,,
33834,王党派,58924,15343,False,0,,,,,,,,,,,,,,,,,,,,,,,,
33835,ジャコバン派,218227,45022,False,0,,,,,,,,,,,,,,,,,,,,,,,,
35792,日本民主党,139340,25616,False,1,51,0,13,0,0,0,3,4,1,2,0,5,2,15,0,0,0,0,0,2,0,1,2,1
45054,民主進歩党,112754,32073,False,1,,,,,,,,,,,,,,,,,,,,,,,,
45322,新社会党,107174,27515,False,1,,,,,,,,,,,,,,,,,,,,,,,,
45954,赤道ギニア民主党,28635,7617,False,0,,,,,,,,,,,,,,,,,,,,,,,,
45981,トルクメニスタン民主党,33382,8829,False,1,,,,,,,,,,,,,,,,,,,,,,,,
46328,朝鮮労働党,153081,45442,False,2,,,,,,,,,,,,,,,,,,,,,,,,
46474,北部同盟 (イタリア),182396,56882,False,1,,,,,,,,,,,,,,,,,,,,,,,,
46506,国民民主連盟,51517,12991,False,1,,,,,,,,,,,,,,,,,,,,,,,,
46636,ケニア・アフリカ民族同盟,28368,6844,False,0,,,,,,,,,,,,,,,,,,,,,,,,
49563,中国共産党,207728,56603,False,1,,,,,,,,,,,,,,,,,,,,,,,,
49614,自由韓国党,334442,85665,False,2,,,,,,,,,,,,,,,,,,,,,,,,
49615,民主党 (韓国),37207,10181,False,1,,,,,,,,,,,,,,,,,,,,,,,,
50627,ウリ党,80725,19643,False,2,,,,,,,,,,,,,,,,,,,,,,,,
52187,ドイツ社会主義統一党,227905,60818,False,1,,,,,,,,,,,,,,,,,,,,,,,,
53820,みどりの会議,37797,10960,False,1,,,,,,,,,,,,,,,,,,,,,,,,
54385,沖縄社会大衆党,132856,32235,False,1,,,,,,,,,,,,,,,,,,,,,,,,
55112,大政翼賛会,78036,22223,False,1,,,,,,,,,,,,,,,,,,,,,,,,
58281,東ティモール独立革命戦線,45366,11398,False,1,,,,,,,,,,,,,,,,,,,,,,,,
58893,朝鮮社会民主党,50985,12581,False,2,,,,,,,,,,,,,,,,,,,,,,,,
58940,天道教青友党,46462,11560,False,2,,,,,,,,,,,,,,,,,,,,,,,,
63941,自由民主連合,66904,13730,False,2,,,,,,,,,,,,,,,,,,,,,,,,
64494,真理党,89771,20036,False,1,54,0,0,0,1,1,25,4,1,3,0,0,2,3,1,2,1,9,0,0,0,0,0,1
65161,スペイン社会労働党,136969,23259,False,1,,,,,,,,,,,,,,,,,,,,,,,,
66194,リクード,56668,15813,False,1,40,0,11,0,0,0,3,5,4,3,0,0,2,3,0,0,0,0,0,8,1,0,0,0
66195,労働党 (イスラエル),61391,13217,False,1,,,,,,,,,,,,,,,,,,,,,,,,
66200,シヌイ,24050,6697,False,0,,,,,,,,,,,,,,,,,,,,,,,,
66936,闘争民主党,47743,14887,False,1,,,,,,,,,,,,,,,,,,,,,,,,
67236,大同倶楽部,36603,9462,False,0,,,,,,,,,,,,,,,,,,,,,,,,
67569,民進党,483948,123184,False,1,,,,,,,,,,,,,,,,,,,,,,,,
68022,ハマース,148929,42980,False,2,,,,,,,,,,,,,,,,,,,,,,,,
68445,新生党,83223,21542,False,1,,,,,,,,,,,,,,,,,,,,,,,,
68778,日本新党,76718,24195,False,1,,,,,,,,,,,,,,,,,,,,,,,,
68979,台湾団結連盟,45251,10707,False,2,,,,,,,,,,,,,,,,,,,,,,,,
77068,人民行動党,58943,12535,False,1,,,,,,,,,,,,,,,,,,,,,,,,
77071,モンゴル人民党,38154,9150,False,1,35,0,8,0,0,0,1,1,9,3,3,0,2,3,1,1,0,1,0,1,0,0,0,1
80430,シャス,51593,13060,False,1,,,,,,,,,,,,,,,,,,,,,,,,
80432,メレツ,36186,9319,False,1,,,,,,,,,,,,,,,,,,,,,,,,
81364,インド人民党,59745,14737,False,1,48,0,10,0,0,0,1,2,10,2,2,0,1,2,0,9,0,1,0,5,0,2,0,1
81373,インド共産党,44793,10955,False,1,23,0,6,0,0,0,0,0,6,3,0,0,3,0,1,3,0,1,0,0,0,0,0,0
81374,インド共産党マルクス主義派,45492,11238,False,1,,,,,,,,,,,,,,,,,,,,,,,,
81375,シヴ・セーナー,62450,12386,False,0,,,,,,,,,,,,,,,,,,,,,,,,
81379,カンボジア人民党,41184,11291,False,1,46,0,5,0,0,0,9,4,13,3,0,0,2,1,0,0,0,0,0,8,0,0,0,1
81380,フンシンペック,39697,9443,False,1,,,,,,,,,,,,,,,,,,,,,,,,
81384,タイ愛国党,38668,9932,False,1,,,,,,,,,,,,,,,,,,,,,,,,
81411,国民民主党 (エジプト),68842,12472,False,1,,,,,,,,,,,,,,,,,,,,,,,,
81715,国民会議 (スーダン),28903,7705,False,0,,,,,,,,,,,,,,,,,,,,,,,,
82640,民主正義人民戦線,35329,8745,False,0,,,,,,,,,,,,,,,,,,,,,,,,
83579,民主党 (東ティモール),38405,8837,False,1,,,,,,,,,,,,,,,,,,,,,,,,
83914,国民同盟党 (パプアニューギニア),37003,7995,False,1,,,,,,,,,,,,,,,,,,,,,,,,
83926,社会民主主義パン・アフリカン連合,31642,7771,False,0,,,,,,,,,,,,,,,,,,,,,,,,
83927,コンゴ労働党,36401,7990,False,1,,,,,,,,,,,,,,,,,,,,,,,,
84005,ラオス人民革命党,59198,15103,False,1,,,,,,,,,,,,,,,,,,,,,,,,
84671,国家開発党 (タイ),31219,7576,False,0,,,,,,,,,,,,,,,,,,,,,,,,
84677,民主党 (タイ),58470,14411,False,1,48,3,12,0,0,0,3,3,3,4,2,0,3,0,0,6,0,3,0,5,0,0,0,1
86465,バングラデシュ民族主義党,36329,8590,False,1,,,,,,,,,,,,,,,,,,,,,,,,
86468,アワミ連盟,39550,10064,False,1,,,,,,,,,,,,,,,,,,,,,,,,
86490,新アゼルバイジャン党,35298,7693,False,1,,,,,,,,,,,,,,,,,,,,,,,,
86491,アゼルバイジャン人民戦線,34667,7876,False,1,,,,,,,,,,,,,,,,,,,,,,,,
88596,ホイッグ党 (リベリア),35559,9750,False,0,,,,,,,,,,,,,,,,,,,,,,,,
88597,ホイッグ党 (アメリカ),38565,11590,False,1,30,0,1,0,0,0,0,1,2,2,0,4,1,0,0,0,0,4,0,9,0,3,2,1
89408,民政党,73827,14644,False,1,,,,,,,,,,,,,,,,,,,,,,,,
89715,火曜会,24318,7149,False,0,,,,,,,,,,,,,,,,,,,,,,,,
91652,立憲政友会,138334,39035,False,1,,,,,,,,,,,,,,,,,,,,,,,,
91998,憲政党,44023,13670,False,1,,,,,,,,,,,,,,,,,,,,,,,,
92234,日本共産党（左派）,74717,17427,False,1,,,,,,,,,,,,,,,,,,,,,,,,
92246,立憲改進党,45809,11394,False,1,40,0,7,0,0,0,1,3,2,1,0,2,3,2,0,3,0,4,1,0,3,4,3,1
92257,立憲同志会,39867,9814,False,1,,,,,,,,,,,,,,,,,,,,,,,,
92435,社会大衆党,48042,11375,False,1,,,,,,,,,,,,,,,,,,,,,,,,
92471,イラク・イスラム革命最高評議会,45594,9971,False,0,,,,,,,,,,,,,,,,,,,,,,,,
92505,民主自由党 (韓国),72337,16519,False,2,82,0,4,0,0,0,11,1,14,3,0,0,3,17,0,0,0,0,0,20,0,6,0,3
92510,国民民主党 (日本),136852,25013,False,1,,,,,,,,,,,,,,,,,,,,,,,,
92513,改進党,148810,31086,False,1,,,,,,,,,,,,,,,,,,,,,,,,
92523,緑風会,50704,19488,False,0,,,,,,,,,,,,,,,,,,,,,,,,
93143,朝鮮新民党,28252,7996,False,1,,,,,,,,,,,,,,,,,,,,,,,,
93149,朝鮮共産党,102659,34393,False,2,,,,,,,,,,,,,,,,,,,,,,,,
93151,北朝鮮労働党,38283,9453,False,2,,,,,,,,,,,,,,,,,,,,,,,,
93153,南朝鮮労働党,39408,9707,False,2,,,,,,,,,,,,,,,,,,,,,,,,
93314,アンゴラ解放人民運動,65944,17247,False,1,87,0,4,0,0,0,4,3,28,21,2,0,2,0,3,1,0,7,0,11,0,0,0,1
94585,右派連合 (ロシア),26534,8021,False,0,,,,,,,,,,,,,,,,,,,,,,,,
94813,タジキスタン人民民主党,28791,7068,False,1,,,,,,,,,,,,,,,,,,,,,,,,
94829,日本共産党（マルクス・レーニン主義）,32494,7512,False,0,16,0,3,0,0,0,1,1,2,1,0,0,2,3,0,0,0,0,1,0,0,0,2,0
94841,革命的労働者協会（解放派）,102062,29530,False,1,158,5,12,0,0,0,1,3,61,2,0,0,4,47,9,0,0,2,3,0,0,8,0,1
94851,革命的労働者協会（社会党社青同解放派）,144382,47315,False,0,234,5,16,0,0,0,1,3,97,3,0,65,1,8,8,0,0,0,4,1,14,7,0,1
94870,労働者共産党,55050,11539,False,1,,,,,,,,,,,,,,,,,,,,,,,,
94883,ヤブロコ,38517,10023,False,1,,,,,,,,,,,,,,,,,,,,,,,,
95142,共産主義労働者党,85690,17252,False,0,,,,,,,,,,,,,,,,,,,,,,,,
95513,モザンビーク解放戦線,51067,11604,False,1,36,0,5,0,0,0,1,3,6,7,2,0,2,6,1,0,0,0,0,2,0,0,0,1
99205,国民協同党,156281,35158,False,1,,,,,,,,,,,,,,,,,,,,,,,,
99206,社会革新党,47771,10243,False,0,,,,,,,,,,,,,,,,,,,,,,,,
99928,ソマリ社会主義革命党,31389,9492,False,1,,,,,,,,,,,,,,,,,,,,,,,,
99977,ロシア自由民主党,40255,10583,False,1,,,,,,,,,,,,,,,,,,,,,,,,
100048,統一ロシア,73581,18137,False,1,,,,,,,,,,,,,,,,,,,,,,,,
100062,ロシア連邦共産党,86001,24623,False,1,104,3,20,0,1,0,2,6,17,18,2,0,3,7,3,2,0,8,1,0,3,7,0,1
100468,神奈川ネットワーク運動,71800,24580,False,1,,,,,,,,,,,,,,,,,,,,,,,,
100480,第二院クラブ,45213,15050,False,0,,,,,,,,,,,,,,,,,,,,,,,,
100493,立憲国民党,40341,10606,False,1,30,0,0,0,0,0,0,6,3,1,0,2,2,7,1,0,0,2,0,0,3,0,2,1
100498,革新倶楽部,38996,9826,False,1,,,,,,,,,,,,,,,,,,,,,,,,
100506,政友本党,66579,22910,False,1,,,,,,,,,,,,,,,,,,,,,,,,
100646,政党・尊命,31358,8141,False,0,,,,,,,,,,,,,,,,,,,,,,,,
100717,ホイッグ党 (イギリス),65344,22213,False,1,,,,,,,,,,,,,,,,,,,,,,,,
101182,トーリー党,26281,7430,False,0,,,,,,,,,,,,,,,,,,,,,,,,
106466,愛国救済運動,30713,7430,False,0,,,,,,,,,,,,,,,,,,,,,,,,
107823,なかよしの党,60020,19464,False,1,60,0,1,0,0,0,2,9,13,2,0,0,1,0,1,4,0,11,0,8,0,5,2,1
110380,スポーツ平和党,49927,14516,False,1,,,,,,,,,,,,,,,,,,,,,,,,
111493,大衆党,27780,7004,False,0,,,,,,,,,,,,,,,,,,,,,,,,
111503,国民党 (日本),30542,8016,False,0,11,0,5,0,0,0,0,0,0,1,0,0,1,1,0,0,0,0,0,0,0,2,0,1
115022,統一マレー国民組織,76348,33456,False,0,,,,,,,,,,,,,,,,,,,,,,,,
115023,マレーシア華人協会,37868,8980,False,0,,,,,,,,,,,,,,,,,,,,,,,,
115025,ベトナム共産党,68068,15382,False,1,,,,,,,,,,,,,,,,,,,,,,,,
115026,ネパール共産党統一マルクス・レーニン主義派,80871,19929,False,1,,,,,,,,,,,,,,,,,,,,,,,,
115034,イスラム協会 (バングラデシュ),37895,9111,False,1,,,,,,,,,,,,,,,,,,,,,,,,
115038,パキスタン人民党,48755,10453,False,1,,,,,,,,,,,,,,,,,,,,,,,,
115827,ソビエト連邦共産党,74755,19588,False,1,87,14,20,0,1,1,1,1,20,7,5,3,1,1,1,0,0,2,1,0,2,4,1,1
115830,ハンガリー社会主義労働者党,41433,11098,False,1,,,,,,,,,,,,,,,,,,,,,,,,
115835,ハンガリー社会党,83860,24717,False,1,,,,,,,,,,,,,,,,,,,,,,,,
116036,新政クラブ,25070,7366,False,0,,,,,,,,,,,,,,,,,,,,,,,,
116731,進歩人民連合,29786,7101,False,0,,,,,,,,,,,,,,,,,,,,,,,,
116816,キリスト教社会同盟,62961,13612,False,1,,,,,,,,,,,,,,,,,,,,,,,,
118394,タンザニア革命党,29578,7505,False,0,,,,,,,,,,,,,,,,,,,,,,,,
118802,アルメニア共和党,36138,7649,False,1,23,0,3,0,1,0,2,2,4,4,0,0,1,0,1,0,0,0,0,5,0,0,0,0
120328,全ギリシャ社会主義運動,52579,15845,False,1,,,,,,,,,,,,,,,,,,,,,,,,
121532,改革クラブ (1998-2002),41272,10905,False,1,37,0,0,0,0,0,5,6,2,2,0,9,3,5,1,0,0,0,0,0,0,0,3,1
121544,新党友愛,68453,13409,False,1,,,,,,,,,,,,,,,,,,,,,,,,
128245,ファランヘ党 (レバノン),34225,10201,False,1,,,,,,,,,,,,,,,,,,,,,,,,
129222,アマル,31878,8828,False,1,,,,,,,,,,,,,,,,,,,,,,,,
129612,ネットワーク横浜,39896,11883,False,1,,,,,,,,,,,,,,,,,,,,,,,,
132263,人民党 (タイ),29292,7735,False,1,10,0,2,0,0,0,0,0,2,3,0,0,1,0,1,0,0,0,0,0,0,0,1,0
136987,愛国公党,33905,8830,False,2,,,,,,,,,,,,,,,,,,,,,,,,
143015,公正発展党,64799,17367,False,1,,,,,,,,,,,,,,,,,,,,,,,,
145226,共和人民党,72885,23207,False,1,,,,,,,,,,,,,,,,,,,,,,,,
145816,国民の声,38710,9705,False,1,,,,,,,,,,,,,,,,,,,,,,,,
147557,インド国民会議,71841,19297,False,1,,,,,,,,,,,,,,,,,,,,,,,,
150319,南西アフリカ人民機構,39906,10543,False,1,,,,,,,,,,,,,,,,,,,,,,,,
180206,日本労働党,55119,15776,False,1,,,,,,,,,,,,,,,,,,,,,,,,
180314,ファシスト党,107930,31031,False,2,,,,,,,,,,,,,,,,,,,,,,,,
182893,ユーゴスラビア共産主義者同盟,63823,20453,False,1,,,,,,,,,,,,,,,,,,,,,,,,
185859,キューバ共産党,53020,12555,False,1,66,0,15,0,1,1,5,8,10,2,3,0,3,0,1,0,0,1,2,13,0,0,0,1
192065,連邦党,28955,8868,False,1,26,0,3,0,0,0,0,0,8,2,0,0,2,0,0,4,0,5,0,0,0,0,1,1
194857,国民運動連合,52699,11672,False,1,,,,,,,,,,,,,,,,,,,,,,,,
195275,社会革命党,48595,11795,False,1,,,,,,,,,,,,,,,,,,,,,,,,
197503,左翼党 (ドイツ),118471,31668,False,1,180,0,43,0,0,0,8,15,4,9,4,0,3,50,3,0,0,2,0,8,28,2,0,1
203579,社会党 (フランス),93221,23967,False,1,,,,,,,,,,,,,,,,,,,,,,,,
203948,保守党 (イギリス),130349,37739,False,1,,,,,,,,,,,,,,,,,,,,,,,,
204228,レバノン軍団,33876,8940,False,1,,,,,,,,,,,,,,,,,,,,,,,,
205240,コロンビア革命軍,71334,24314,False,1,,,,,,,,,,,,,,,,,,,,,,,,
205923,労働党 (イギリス),177126,33813,False,1,,,,,,,,,,,,,,,,,,,,,,,,
208051,トーリー党 (イギリス),57357,22837,False,1,,,,,,,,,,,,,,,,,,,,,,,,
209156,赤道ギニア進歩党,30858,7917,False,0,,,,,,,,,,,,,,,,,,,,,,,,
209172,ガボン民主党,35291,8897,False,1,,,,,,,,,,,,,,,,,,,,,,,,
210935,自由党 (イギリス),43929,10822,False,1,,,,,,,,,,,,,,,,,,,,,,,,
211185,メンシェヴィキ,36521,14010,False,0,,,,,,,,,,,,,,,,,,,,,,,,
211213,国家社会主義日本労働者党,44161,12110,False,1,,,,,,,,,,,,,,,,,,,,,,,,
211820,スーダン人民解放軍,48105,12679,False,2,,,,,,,,,,,,,,,,,,,,,,,,
212368,人民党 (セーシェル),29534,7979,False,0,,,,,,,,,,,,,,,,,,,,,,,,
220759,共和国連合,22087,6558,False,0,,,,,,,,,,,,,,,,,,,,,,,,
220856,我が家ロシア,22671,7151,False,0,,,,,,,,,,,,,,,,,,,,,,,,
221166,フランス民主連合,84279,36235,False,1,,,,,,,,,,,,,,,,,,,,,,,,
222831,新韓民主党,59369,12390,False,1,,,,,,,,,,,,,,,,,,,,,,,,
223953,統一民主党,58170,11638,False,1,,,,,,,,,,,,,,,,,,,,,,,,
224052,民主正義党,66907,13829,False,2,,,,,,,,,,,,,,,,,,,,,,,,
224056,新民主共和党,55260,10157,False,1,,,,,,,,,,,,,,,,,,,,,,,,
224384,民主共和党 (韓国),72597,14930,False,2,,,,,,,,,,,,,,,,,,,,,,,,
224626,日本再建連盟,26378,7798,False,0,,,,,,,,,,,,,,,,,,,,,,,,
227386,労働農民党,48705,12049,False,1,,,,,,,,,,,,,,,,,,,,,,,,
228138,祖国 (ロシア),36818,9607,False,0,,,,,,,,,,,,,,,,,,,,,,,,
230204,左翼民主主義者 (イタリア),58429,11445,False,1,,,,,,,,,,,,,,,,,,,,,,,,
231183,イタリア共産党,57741,16823,False,1,,,,,,,,,,,,,,,,,,,,,,,,
231736,社会主義労働者党 (日本),53977,13714,False,0,,,,,,,,,,,,,,,,,,,,,,,,
231753,「がんばろう、日本!」国民協議会,32695,9274,False,0,,,,,,,,,,,,,,,,,,,,,,,,
232760,沖縄人民党,84001,18058,False,1,,,,,,,,,,,,,,,,,,,,,,,,
233226,スコットランド国民党,163350,38821,False,1,,,,,,,,,,,,,,,,,,,,,,,,
233228,バタスナ,24957,8390,False,0,31,0,4,0,0,0,0,0,15,3,0,0,1,0,4,2,0,1,0,0,0,1,0,0
233232,集中と統一,111926,23861,False,1,,,,,,,,,,,,,,,,,,,,,,,,
233549,東林党,29994,8862,False,0,,,,,,,,,,,,,,,,,,,,,,,,
234903,クルディスタン愛国同盟,53838,10854,False,1,,,,,,,,,,,,,,,,,,,,,,,,
234918,クルディスタン民主党,60465,12618,False,1,,,,,,,,,,,,,,,,,,,,,,,,
236615,民主労働党 (韓国),115023,32259,False,2,,,,,,,,,,,,,,,,,,,,,,,,
240175,国民党 (スペイン),139049,25114,False,1,,,,,,,,,,,,,,,,,,,,,,,,
240627,スウェーデン社会民主労働党,69371,15802,False,1,,,,,,,,,,,,,,,,,,,,,,,,
241179,ネパール共産党統一毛沢東主義派,119757,35237,False,1,227,4,54,0,0,0,29,6,10,16,3,0,4,66,3,0,0,4,0,27,0,0,0,1
241613,国民民主党 (ネパール),36779,8643,False,1,,,,,,,,,,,,,,,,,,,,,,,,
244994,衛星政党,50797,11243,False,0,,,,,,,,,,,,,,,,,,,,,,,,
246684,社会党 (ポルトガル),74754,16260,False,1,,,,,,,,,,,,,,,,,,,,,,,,
246703,ノルウェー労働党,38988,9036,False,1,,,,,,,,,,,,,,,,,,,,,,,,
248182,デンマーク社会民主党,42102,9809,False,1,,,,,,,,,,,,,,,,,,,,,,,,
253066,アフガニスタン人民民主党,57326,15705,False,1,,,,,,,,,,,,,,,,,,,,,,,,
255459,同盟90/緑の党,109441,25349,False,1,,,,,,,,,,,,,,,,,,,,,,,,
256855,サンディニスタ民族解放戦線,62901,15739,False,1,,,,,,,,,,,,,,,,,,,,,,,,
261295,州権民主党,46266,17006,False,1,51,0,7,0,0,0,0,0,6,3,0,8,2,20,3,0,0,0,0,0,0,0,1,1
263115,内モンゴル人民党,30463,8129,False,0,,,,,,,,,,,,,,,,,,,,,,,,
267378,ロシア農業党,31397,8908,False,1,,,,,,,,,,,,,,,,,,,,,,,,
275493,立憲民政党,79275,21608,False,1,,,,,,,,,,,,,,,,,,,,,,,,
275519,制度的革命党,47319,12851,False,1,,,,,,,,,,,,,,,,,,,,,,,,
281845,新民主主義党,45519,11810,False,1,,,,,,,,,,,,,,,,,,,,,,,,
286563,フロム・ファイブ,64898,13122,False,1,,,,,,,,,,,,,,,,,,,,,,,,
290137,革新党,36852,8575,False,1,19,0,2,0,0,0,0,0,0,1,0,2,4,3,0,0,0,1,0,0,1,0,4,1
292809,民主社会党 (ドイツ),111063,27445,False,1,,,,,,,,,,,,,,,,,,,,,,,,
293749,立憲養正會,57233,14707,False,1,,,,,,,,,,,,,,,,,,,,,,,,
296675,ズデーテン・ドイツ人党,71802,13784,False,0,,,,,,,,,,,,,,,,,,,,,,,,
297670,自由民主党 (イギリス),63049,16564,False,1,,,,,,,,,,,,,,,,,,,,,,,,
299144,青年国際党,25528,7448,False,0,,,,,,,,,,,,,,,,,,,,,,,,
305253,ビオコ自治運動,32197,9519,False,0,23,0,0,0,0,0,2,2,3,9,0,0,0,5,0,0,0,0,0,0,0,1,0,1
305618,進歩党 (韓国),59773,12035,False,1,,,,,,,,,,,,,,,,,,,,,,,,
308096,ギリシャ共産党,40438,11660,False,1,,,,,,,,,,,,,,,,,,,,,,,,
308227,ビルマ社会主義計画党,30368,8817,False,1,,,,,,,,,,,,,,,,,,,,,,,,
308673,民主党 (日本 1998-2016),452378,155590,False,1,,,,,,,,,,,,,,,,,,,,,,,,
310063,新党大地,170579,43713,False,1,,,,,,,,,,,,,,,,,,,,,,,,
311097,東京・生活者ネットワーク,58742,17858,False,1,,,,,,,,,,,,,,,,,,,,,,,,
312158,新党日本,114744,37970,False,1,,,,,,,,,,,,,,,,,,,,,,,,
317770,オーストリア社会民主党,91109,22878,False,1,91,1,9,0,1,1,1,5,33,6,4,3,4,3,2,0,0,10,4,1,2,0,0,1
321924,日本進歩党,146870,25202,False,1,,,,,,,,,,,,,,,,,,,,,,,,
323219,親民党,38203,9088,False,1,,,,,,,,,,,,,,,,,,,,,,,,
325093,中国同盟会,39341,10985,False,0,,,,,,,,,,,,,,,,,,,,,,,,
325517,東方会,44944,11672,False,1,,,,,,,,,,,,,,,,,,,,,,,,
325655,研究会 (貴族院),45863,16173,False,1,,,,,,,,,,,,,,,,,,,,,,,,
326869,新韓国党,62041,11232,False,2,,,,,,,,,,,,,,,,,,,,,,,,
328927,フィンランド中央党,41821,9520,False,1,,,,,,,,,,,,,,,,,,,,,,,,
329718,ドイツ自由民主党,64575,14234,False,1,,,,,,,,,,,,,,,,,,,,,,,,
330346,自由民主党 (ドイツ),89626,18377,False,1,39,0,8,0,0,0,4,6,6,3,4,0,2,2,1,0,0,2,0,0,0,0,0,1
338541,共産主義再建党,65480,16964,False,1,,,,,,,,,,,,,,,,,,,,,,,,
341434,イタリア社会党,62574,13008,False,1,,,,,,,,,,,,,,,,,,,,,,,,
341459,新イタリア社会党,45476,10943,False,1,,,,,,,,,,,,,,,,,,,,,,,,
342444,民主革命党 (メキシコ),56524,15313,False,1,,,,,,,,,,,,,,,,,,,,,,,,
342455,民主革命党 (パナマ),35327,8778,False,1,,,,,,,,,,,,,,,,,,,,,,,,
344278,青年自由党,36870,12266,False,0,,,,,,,,,,,,,,,,,,,,,,,,
345790,共和トルコ党,31627,7725,False,0,,,,,,,,,,,,,,,,,,,,,,,,
350029,統一人民民主党,26693,7225,False,0,,,,,,,,,,,,,,,,,,,,,,,,
352130,新党みらい,26700,7337,False,1,,,,,,,,,,,,,,,,,,,,,,,,
356786,民主党 (モンゴル国),37587,9032,False,1,,,,,,,,,,,,,,,,,,,,,,,,
359746,憲政会,49227,11399,False,1,,,,,,,,,,,,,,,,,,,,,,,,
361414,鉄衛団,54293,22157,False,1,,,,,,,,,,,,,,,,,,,,,,,,
367634,オロモ人民民主機構,22565,6432,False,0,,,,,,,,,,,,,,,,,,,,,,,,
374599,立憲民主党 (ロシア),153767,33162,False,1,,,,,,,,,,,,,,,,,,,,,,,,
375718,ムスリム同胞団,236481,73062,False,1,,,,,,,,,,,,,,,,,,,,,,,,
380174,ブルガリア社会党,45677,10140,False,1,,,,,,,,,,,,,,,,,,,,,,,,
384176,新進石川,47580,14553,False,0,,,,,,,,,,,,,,,,,,,,,,,,
386456,日本福祉党,39843,11845,False,0,,,,,,,,,,,,,,,,,,,,,,,,
391301,緑・にいがた,32716,9505,False,1,,,,,,,,,,,,,,,,,,,,,,,,
394844,新千年民主党,67558,13313,False,2,,,,,,,,,,,,,,,,,,,,,,,,
400472,新党護憲リベラル,37110,10743,False,1,,,,,,,,,,,,,,,,,,,,,,,,
400620,ルーマニア共産党,45982,11910,False,1,,,,,,,,,,,,,,,,,,,,,,,,
401097,平和民主党,76025,16296,False,2,54,0,2,0,0,0,8,2,15,5,0,2,3,6,0,0,0,5,0,2,0,1,2,1
405882,社会民主連合 (赤道ギニア),29076,7614,False,0,13,0,2,0,0,0,0,0,3,4,1,0,0,0,0,0,0,0,2,0,0,0,0,1
412345,ドイツ労働者党,84428,18197,False,1,,,,,,,,,,,,,,,,,,,,,,,,
420798,海賊党 (スウェーデン),64940,18903,False,1,,,,,,,,,,,,,,,,,,,,,,,,
423885,ラヴァラの家族,37115,10148,False,0,,,,,,,,,,,,,,,,,,,,,,,,
429621,独立党 (アイスランド),39780,8587,False,1,22,0,5,0,0,0,1,1,1,5,1,0,2,2,1,0,0,2,0,0,0,0,0,1
430532,立憲帝政党,36558,8467,False,1,,,,,,,,,,,,,,,,,,,,,,,,
432453,民主改革連合,88203,18790,False,1,,,,,,,,,,,,,,,,,,,,,,,,
432661,カナダ保守党,42738,10709,False,1,,,,,,,,,,,,,,,,,,,,,,,,
434073,民主行動党 (ボスニア・ヘルツェゴビナ),52048,11148,False,1,,,,,,,,,,,,,,,,,,,,,,,,
434957,自由民主党 (日本),466236,128945,False,1,,,,,,,,,,,,,,,,,,,,,,,,
437721,新党 (台湾),40226,8355,False,1,,,,,,,,,,,,,,,,,,,,,,,,
441838,カディマ党,54090,15075,False,1,,,,,,,,,,,,,,,,,,,,,,,,
444995,パレスチナ解放人民戦線,65614,17831,False,1,,,,,,,,,,,,,,,,,,,,,,,,
449314,緑の党 (ポーランド),49277,10930,False,1,,,,,,,,,,,,,,,,,,,,,,,,
450363,インドネシア共産党,43483,16628,False,0,,,,,,,,,,,,,,,,,,,,,,,,
452826,ファタハ,49209,12264,False,1,52,10,8,0,0,0,3,3,4,6,2,0,3,0,4,0,0,0,1,7,0,1,0,0
453429,翼賛政治会,38432,14018,False,1,,,,,,,,,,,,,,,,,,,,,,,,
457189,アメリカ改革党,49819,10625,False,1,9,1,0,0,0,0,0,0,1,3,0,0,2,2,0,0,0,0,0,0,0,0,0,0
458682,オリーブの木,43423,12537,False,1,,,,,,,,,,,,,,,,,,,,,,,,
458977,アフリカ民族会議,48153,10751,False,1,,,,,,,,,,,,,,,,,,,,,,,,
473678,サラリーマン新党,43505,15066,False,0,,,,,,,,,,,,,,,,,,,,,,,,
476759,民主共和党 (アメリカ),29336,8444,False,1,,,,,,,,,,,,,,,,,,,,,,,,
478766,大日本政治会,30614,9306,False,1,26,0,0,0,0,0,2,3,3,2,0,2,4,5,0,0,0,0,0,0,0,1,3,1
480310,ドイツ国家民主党,131381,32931,False,1,,,,,,,,,,,,,,,,,,,,,,,,
487265,イスラーム聖戦 (パレスチナ),37446,9582,False,0,,,,,,,,,,,,,,,,,,,,,,,,
488573,韓国民主党,70015,15568,False,1,,,,,,,,,,,,,,,,,,,,,,,,
494166,パレスチナ解放人民戦線総司令部,37778,9454,False,0,,,,,,,,,,,,,,,,,,,,,,,,
496962,エチオピア労働者党,31415,11718,False,0,,,,,,,,,,,,,,,,,,,,,,,,
497963,市民リーグ,27148,7217,False,1,,,,,,,,,,,,,,,,,,,,,,,,
498988,マルゲリータ (政党),49358,12579,False,1,,,,,,,,,,,,,,,,,,,,,,,,
505053,ドイツ無政府主義ポゴ党,83146,19055,False,1,45,0,14,0,1,1,1,1,3,2,0,0,5,0,1,0,0,9,2,0,0,3,2,0
505135,ルニオーネ,43813,10300,False,0,,,,,,,,,,,,,,,,,,,,,,,,
509285,進歩党 (アイスランド),39158,8590,False,1,,,,,,,,,,,,,,,,,,,,,,,,
509341,社会民主同盟 (アイスランド),49776,10485,False,1,,,,,,,,,,,,,,,,,,,,,,,,
509412,グリーンレフト (アイスランド),61714,11305,False,1,,,,,,,,,,,,,,,,,,,,,,,,
509449,自由党 (アイスランド),43040,8702,False,1,,,,,,,,,,,,,,,,,,,,,,,,
510369,中央党 (スウェーデン),53089,10631,False,1,,,,,,,,,,,,,,,,,,,,,,,,
510465,穏健党,58494,18941,False,1,,,,,,,,,,,,,,,,,,,,,,,,
510598,自由党 (スウェーデン),49709,10076,False,1,,,,,,,,,,,,,,,,,,,,,,,,
510675,キリスト教民主党 (スウェーデン),45365,9126,False,1,29,0,5,0,0,0,1,1,2,6,1,0,3,0,1,3,0,4,0,0,1,1,0,0
510733,左翼党 (スウェーデン),49645,11333,False,1,,,,,,,,,,,,,,,,,,,,,,,,
511380,緑の党 (スウェーデン),58695,10742,False,1,21,0,2,0,1,1,1,1,3,2,1,0,2,0,1,1,0,0,0,0,0,4,0,1
515643,南洋共産党,33249,9563,False,0,,,,,,,,,,,,,,,,,,,,,,,,
515666,東インド共産党,34055,11190,False,0,30,0,4,0,0,0,0,0,18,4,1,0,1,0,0,0,0,0,1,0,0,0,0,1
515708,インドシナ共産党,25297,7659,False,0,,,,,,,,,,,,,,,,,,,,,,,,
515852,フィリピン共産党 (PKP),36202,11124,False,1,35,0,6,0,0,0,2,1,9,6,3,4,2,0,0,0,0,1,0,0,0,0,0,1
515874,マラヤ共産党,67014,17973,False,0,,,,,,,,,,,,,,,,,,,,,,,,
515903,タイ国共産党,39632,11730,False,0,,,,,,,,,,,,,,,,,,,,,,,,
518493,ネパール会議派,48062,11043,False,1,38,0,8,0,0,0,3,4,5,3,2,0,2,0,1,0,0,3,0,6,0,0,0,1
519850,ネパール会議派民主,24537,6484,False,0,,,,,,,,,,,,,,,,,,,,,,,,
520728,コソボ民主連盟,35989,8737,False,0,,,,,,,,,,,,,,,,,,,,,,,,
520936,台湾建国党,41901,11603,False,0,,,,,,,,,,,,,,,,,,,,,,,,
521914,カナダ自由党,61567,14627,False,1,67,0,11,0,0,0,5,12,8,6,3,0,3,0,1,0,0,7,0,10,0,0,0,1
523949,ヴェンスタ,49481,10405,False,1,,,,,,,,,,,,,,,,,,,,,,,,
523954,政党そうぞう,106298,22087,False,1,,,,,,,,,,,,,,,,,,,,,,,,
524524,保守党 (デンマーク),48100,10515,False,1,,,,,,,,,,,,,,,,,,,,,,,,
524749,ラディケーリ,51794,10582,False,1,,,,,,,,,,,,,,,,,,,,,,,,
524807,カナダ進歩保守党,39487,10793,False,1,,,,,,,,,,,,,,,,,,,,,,,,
524808,カナダ同盟,30516,9649,False,1,,,,,,,,,,,,,,,,,,,,,,,,
524862,デンマーク国民党,58964,13327,False,1,44,2,9,0,1,1,1,1,3,3,0,0,2,4,1,2,0,13,0,0,0,0,0,1
525666,社会主義人民党,69093,13569,False,1,,,,,,,,,,,,,,,,,,,,,,,,
526656,赤緑連合 (デンマーク),54681,10895,False,1,,,,,,,,,,,,,,,,,,,,,,,,
529187,進歩自由連合,27199,7978,False,0,12,0,1,0,0,0,2,2,0,1,0,0,1,2,0,0,0,1,0,0,0,0,1,1
529973,中央党 (ドイツ),109298,28978,False,0,,,,,,,,,,,,,,,,,,,,,,,,
530004,セネガル民主党,36239,8134,False,0,,,,,,,,,,,,,,,,,,,,,,,,
530040,セネガル社会党,34704,8120,False,0,,,,,,,,,,,,,,,,,,,,,,,,
530067,進歩勢力同盟,32862,7448,False,0,,,,,,,,,,,,,,,,,,,,,,,,
530226,ブロック・ケベコワ,44307,11204,False,1,40,0,7,0,0,0,2,3,5,5,0,0,2,3,7,4,0,1,0,0,0,1,0,0
533805,保守党 (ノルウェー),41660,8731,False,1,,,,,,,,,,,,,,,,,,,,,,,,
535814,労働者農民党,56001,12321,False,0,,,,,,,,,,,,,,,,,,,,,,,,
547145,民社ユース,22135,6392,False,0,,,,,,,,,,,,,,,,,,,,,,,,
548263,ロシア連邦人民党,24194,6478,False,0,,,,,,,,,,,,,,,,,,,,,,,,
550267,民主党 (香港),54572,11892,False,2,,,,,,,,,,,,,,,,,,,,,,,,
557095,公民党 (香港),57934,10762,False,2,,,,,,,,,,,,,,,,,,,,,,,,
557252,民主建港協進聯盟,52961,11727,False,2,,,,,,,,,,,,,,,,,,,,,,,,
561661,カンタブリア地域主義党,48823,11562,False,1,,,,,,,,,,,,,,,,,,,,,,,,
566463,日本女性党,32026,10011,False,1,,,,,,,,,,,,,,,,,,,,,,,,
568445,オーストリア国民党,55316,13129,False,1,,,,,,,,,,,,,,,,,,,,,,,,
582573,台湾民主自治同盟,32798,8106,False,1,,,,,,,,,,,,,,,,,,,,,,,,
582614,中国民主同盟,35219,9148,False,1,,,,,,,,,,,,,,,,,,,,,,,,
582980,ニュージーランド国民党,48566,12744,False,1,59,0,11,0,0,0,3,4,5,4,2,0,1,3,0,0,0,13,0,12,0,0,0,1
582984,ニュージーランド労働党,70608,16035,False,1,,,,,,,,,,,,,,,,,,,,,,,,
583689,ウスタシャ,38231,12313,False,1,22,0,8,0,0,0,2,1,1,2,0,0,1,0,1,0,0,2,0,0,0,2,2,0
584011,スイス国民党,40719,12401,False,1,52,0,12,0,0,0,1,2,23,4,0,0,3,2,0,1,0,2,0,0,1,0,0,1
585347,生長の家政治連合,29155,8118,False,0,,,,,,,,,,,,,,,,,,,,,,,,
586510,自由党 (香港),50905,10171,False,2,30,0,8,0,1,0,2,1,4,2,0,0,2,4,3,0,0,1,0,0,0,0,0,2
589900,中国国民党革命委員会,39337,9103,False,1,,,,,,,,,,,,,,,,,,,,,,,,
598451,独立協会,27275,8544,False,0,,,,,,,,,,,,,,,,,,,,,,,,
599501,革新自由連合,34119,9555,False,0,,,,,,,,,,,,,,,,,,,,,,,,
604932,ドラーヴィダ進歩党,52458,13394,False,1,,,,,,,,,,,,,,,,,,,,,,,,
607919,雑民党,43231,13850,False,1,,,,,,,,,,,,,,,,,,,,,,,,
619451,みどりのテーブル,39644,11260,False,1,,,,,,,,,,,,,,,,,,,,,,,,
619738,サンマリノ共産党,34984,8798,False,0,,,,,,,,,,,,,,,,,,,,,,,,
629704,統一社会党 (韓国),61649,11896,False,1,,,,,,,,,,,,,,,,,,,,,,,,
629737,台湾緑党,57380,12546,False,1,,,,,,,,,,,,,,,,,,,,,,,,
632742,タミル州国民会議,35042,8073,False,0,,,,,,,,,,,,,,,,,,,,,,,,
633831,自由改革連合,123373,15339,False,0,,,,,,,,,,,,,,,,,,,,,,,,
635770,全インド前進同盟,37843,9129,False,0,,,,,,,,,,,,,,,,,,,,,,,,
661015,農民協同党,23476,6221,False,0,,,,,,,,,,,,,,,,,,,,,,,,
667735,中国民主党 (中華人民共和国),50534,12814,False,2,,,,,,,,,,,,,,,,,,,,,,,,
671165,全インド・アンナー・ドラーヴィダ進歩党,52264,14875,False,1,,,,,,,,,,,,,,,,,,,,,,,,
672789,社会民主党 (イギリス),41768,11784,False,1,,,,,,,,,,,,,,,,,,,,,,,,
675023,民主行動党 (マレーシア),40128,9573,False,1,,,,,,,,,,,,,,,,,,,,,,,,
675172,ゴルカル,45083,14628,False,1,,,,,,,,,,,,,,,,,,,,,,,,
689135,農民新党,22679,6235,False,0,,,,,,,,,,,,,,,,,,,,,,,,
695037,人民連合 (チリ),35093,11605,False,1,74,23,9,0,0,0,1,1,4,7,0,0,4,21,0,0,0,0,0,1,0,0,2,1
697032,全マレーシア・イスラーム党,55621,13704,False,0,,,,,,,,,,,,,,,,,,,,,,,,
704093,インドネシア民主党,48877,16696,False,1,,,,,,,,,,,,,,,,,,,,,,,,
705209,ドイツ党,56668,12209,False,0,,,,,,,,,,,,,,,,,,,,,,,,
705296,ドイツ共産党,149283,32108,False,1,,,,,,,,,,,,,,,,,,,,,,,,
706997,国民戦線 (フランス),117619,34602,False,1,,,,,,,,,,,,,,,,,,,,,,,,
713528,アンゴラ全面独立民族同盟,46286,11950,False,1,,,,,,,,,,,,,,,,,,,,,,,,
717384,イエメン社会党,39451,10851,False,1,,,,,,,,,,,,,,,,,,,,,,,,
717878,第五共和国運動,31836,10137,False,1,36,0,7,0,0,0,2,1,5,5,1,3,3,3,1,0,0,0,0,4,0,0,1,0
717943,チリ共産党,55665,16258,False,1,,,,,,,,,,,,,,,,,,,,,,,,
718715,民主自由党 (ルーマニア),50621,13280,False,1,,,,,,,,,,,,,,,,,,,,,,,,
719650,社会民主党 (ルーマニア),47510,10167,False,1,23,0,6,0,0,0,2,2,3,2,3,0,1,1,1,0,0,0,0,1,0,0,0,1
720981,内部マケドニア革命組織・マケドニア国家統一民主党,46841,12551,False,1,,,,,,,,,,,,,,,,,,,,,,,,
725279,国民全体会議,31758,7909,False,1,,,,,,,,,,,,,,,,,,,,,,,,
725521,人民国家党,38322,9774,False,1,,,,,,,,,,,,,,,,,,,,,,,,
727834,ジャマイカ労働党,34798,8830,False,1,32,0,5,0,0,0,3,5,4,6,1,0,2,1,1,0,0,0,0,3,0,0,0,1
729971,農民労働党,39225,8788,False,1,,,,,,,,,,,,,,,,,,,,,,,,
740124,チェコスロバキア共産党,74029,26287,False,1,,,,,,,,,,,,,,,,,,,,,,,,
744758,ロシア生活党,22669,6537,False,0,,,,,,,,,,,,,,,,,,,,,,,,
744844,公正ロシア,41798,9959,False,1,,,,,,,,,,,,,,,,,,,,,,,,
745635,台湾建国聯盟,35224,7848,False,1,,,,,,,,,,,,,,,,,,,,,,,,
745666,中国民衆党,30258,6982,False,1,,,,,,,,,,,,,,,,,,,,,,,,
745668,公民党 (台湾),34692,7583,False,1,,,,,,,,,,,,,,,,,,,,,,,,
745733,中華社会民主党,38068,8660,False,0,,,,,,,,,,,,,,,,,,,,,,,,
745751,ロシア年金党,21697,5930,False,0,,,,,,,,,,,,,,,,,,,,,,,,
746697,農民党 (台湾),23127,6824,False,0,19,0,9,0,1,0,1,1,1,1,0,0,1,0,0,0,0,3,0,0,0,0,0,1
746779,民主聯盟,20724,5608,False,0,,,,,,,,,,,,,,,,,,,,,,,,
746790,中国青年党,35919,11812,False,1,,,,,,,,,,,,,,,,,,,,,,,,
746846,中国民主社会党,26262,7804,False,0,,,,,,,,,,,,,,,,,,,,,,,,
746934,工党,19813,6477,False,0,,,,,,,,,,,,,,,,,,,,,,,,
746953,台湾労働党,28732,8620,False,0,,,,,,,,,,,,,,,,,,,,,,,,
750770,ロシアの選択,20780,6163,False,0,,,,,,,,,,,,,,,,,,,,,,,,
755094,台湾民衆党,34515,10241,False,0,,,,,,,,,,,,,,,,,,,,,,,,
759268,祖国・全ロシア,28342,8850,False,1,,,,,,,,,,,,,,,,,,,,,,,,
762774,ギニア・カーボベルデ独立アフリカ党,47689,15661,False,1,59,3,3,0,0,0,1,1,29,9,2,0,2,0,1,0,0,2,0,2,4,0,0,0
764326,複数政党制民主主義運動,42557,12675,False,1,,,,,,,,,,,,,,,,,,,,,,,,
765653,護憲新党あかつき,22268,6488,False,0,12,0,1,0,0,0,2,2,0,1,0,0,2,2,0,0,0,0,0,0,0,0,1,1
775978,ロシア人共同体会議,21641,6567,False,0,,,,,,,,,,,,,,,,,,,,,,,,
776112,ドイツ独立社会民主党,56711,12036,False,0,27,0,6,0,0,0,0,0,3,3,0,2,2,3,0,0,0,3,0,0,3,0,1,1
780416,インドネシア社会党,39614,15119,False,0,,,,,,,,,,,,,,,,,,,,,,,,
783628,フィデス＝ハンガリー市民同盟,84516,26515,False,1,124,0,27,0,0,0,2,5,42,13,8,0,2,0,1,7,0,14,0,2,0,0,0,1
787310,市民ネットワーク千葉県,61039,16606,False,1,,,,,,,,,,,,,,,,,,,,,,,,
787758,自由民主同盟,55240,14773,False,1,,,,,,,,,,,,,,,,,,,,,,,,
787766,又新会,38902,10752,False,1,,,,,,,,,,,,,,,,,,,,,,,,
795577,同和会,22384,6549,False,0,11,0,2,0,1,1,0,0,0,0,0,0,1,2,0,0,0,0,0,2,0,0,1,1
805614,ハンガリー民主フォーラム,56590,13497,False,1,,,,,,,,,,,,,,,,,,,,,,,,
824600,新政みえ,70701,14277,False,1,,,,,,,,,,,,,,,,,,,,,,,,
835685,イタリア民主社会党,58708,11374,False,2,,,,,,,,,,,,,,,,,,,,,,,,
835745,無党団結連盟,35698,7818,False,1,,,,,,,,,,,,,,,,,,,,,,,,
850206,国民自由党 (ルーマニア),40443,8694,False,1,,,,,,,,,,,,,,,,,,,,,,,,
850910,大ルーマニア党,38311,8379,False,1,,,,,,,,,,,,,,,,,,,,,,,,
850930,保守党 (ルーマニア),39020,8847,False,1,24,0,6,0,0,0,1,1,6,2,0,2,2,0,1,0,0,0,0,0,0,0,2,1
851068,ハンガリー人民主同盟 (ルーマニア),43213,9356,False,1,,,,,,,,,,,,,,,,,,,,,,,,
856207,「開星論」のUFO党,33547,10144,False,1,,,,,,,,,,,,,,,,,,,,,,,,
857635,社会党 (2000年),22837,6846,False,0,7,0,1,0,0,0,1,1,2,0,0,0,0,1,0,0,0,0,0,0,0,0,0,1
858776,北海道教職員組合,80961,26855,False,1,,,,,,,,,,,,,,,,,,,,,,,,
860041,サム・ランシー党,45385,11569,False,1,,,,,,,,,,,,,,,,,,,,,,,,
867593,国家社会主義運動,24542,7055,False,0,,,,,,,,,,,,,,,,,,,,,,,,
877234,進歩党 (ノルウェー),51171,12219,False,1,,,,,,,,,,,,,,,,,,,,,,,,
894391,ソマリ国民運動,26205,7038,False,0,,,,,,,,,,,,,,,,,,,,,,,,
894752,独立小農業者党,48992,12246,False,1,,,,,,,,,,,,,,,,,,,,,,,,
895104,モザンビーク民族抵抗運動,47790,11970,False,1,,,,,,,,,,,,,,,,,,,,,,,,
899653,シン・フェイン党,62796,14578,False,1,,,,,,,,,,,,,,,,,,,,,,,,
899946,フランス共産党,101725,31843,False,1,,,,,,,,,,,,,,,,,,,,,,,,
901022,ハンガリー共産党,26522,7350,False,0,12,0,0,0,0,0,0,1,4,4,0,0,1,0,0,0,0,1,0,0,0,0,0,1
902267,矢十字党,41063,13571,False,1,,,,,,,,,,,,,,,,,,,,,,,,
907721,無所属団,27621,9181,False,0,,,,,,,,,,,,,,,,,,,,,,,,
909607,懇話会,24955,7639,False,0,,,,,,,,,,,,,,,,,,,,,,,,
909924,マシュミ,69816,22615,False,0,,,,,,,,,,,,,,,,,,,,,,,,
913943,同交会,40431,12314,False,0,,,,,,,,,,,,,,,,,,,,,,,,
913949,翼賛議員同盟,28739,7924,False,1,,,,,,,,,,,,,,,,,,,,,,,,
927222,人民民主改革運動,29058,7348,False,0,12,0,0,0,0,0,1,1,3,2,0,0,1,0,1,0,0,2,0,0,0,0,0,1
936531,労働者の闘争,55669,15009,False,1,,,,,,,,,,,,,,,,,,,,,,,,
936581,シエラレオネ人民党,40977,11018,False,0,,,,,,,,,,,,,,,,,,,,,,,,
936621,シエラレオネ国民会議,22826,6910,False,0,,,,,,,,,,,,,,,,,,,,,,,,
939355,日本共産党（行動派）,53564,13315,False,0,,,,,,,,,,,,,,,,,,,,,,,,
949835,緑の党 (ニュージーランド),50227,9753,False,1,24,0,10,0,0,0,0,0,4,2,1,0,1,0,0,0,0,5,0,0,0,0,0,1
956837,木曜会 (貴族院),25144,7932,False,0,,,,,,,,,,,,,,,,,,,,,,,,
957252,同成会,25704,7765,False,0,,,,,,,,,,,,,,,,,,,,,,,,
957813,協同民主党,138738,26854,False,1,,,,,,,,,,,,,,,,,,,,,,,,
957841,日本協同党,137638,26841,False,1,,,,,,,,,,,,,,,,,,,,,,,,
958497,朝日倶楽部,20512,5739,False,0,,,,,,,,,,,,,,,,,,,,,,,,
959390,教育党,29297,9200,False,0,,,,,,,,,,,,,,,,,,,,,,,,
961246,日本世直し党,32187,9219,False,0,,,,,,,,,,,,,,,,,,,,,,,,
962363,憲政本党,41127,11281,False,1,,,,,,,,,,,,,,,,,,,,,,,,
963996,大成会,27146,8065,False,0,,,,,,,,,,,,,,,,,,,,,,,,
968886,イギリス国民戦線,26203,6926,False,0,,,,,,,,,,,,,,,,,,,,,,,,
970224,マレーシア・インド人会議,39679,9611,False,0,,,,,,,,,,,,,,,,,,,,,,,,
976316,民主友愛太陽国民連合,59909,14708,False,0,,,,,,,,,,,,,,,,,,,,,,,,
976356,新民主党,77383,16176,False,1,,,,,,,,,,,,,,,,,,,,,,,,
977309,税金党,30721,8728,False,0,,,,,,,,,,,,,,,,,,,,,,,,
979960,革命的共産主義者同盟 (フランス),65121,24571,False,0,,,,,,,,,,,,,,,,,,,,,,,,
981735,対話でつなごう滋賀の会,38052,10565,False,1,,,,,,,,,,,,,,,,,,,,,,,,
982795,交友倶楽部,27232,7789,False,0,,,,,,,,,,,,,,,,,,,,,,,,
984247,グラカン,38104,8992,False,0,,,,,,,,,,,,,,,,,,,,,,,,
988137,同志クラブ,24337,7746,False,0,,,,,,,,,,,,,,,,,,,,,,,,
988766,共生新党,33174,9605,False,0,,,,,,,,,,,,,,,,,,,,,,,,
988768,中華革命党,37168,11636,False,1,,,,,,,,,,,,,,,,,,,,,,,,
988788,国民党 (宋教仁),36581,10760,False,1,,,,,,,,,,,,,,,,,,,,,,,,
989753,ファランヘ党,67530,15228,False,1,,,,,,,,,,,,,,,,,,,,,,,,
991040,沖縄自由民主党,142076,27023,False,1,,,,,,,,,,,,,,,,,,,,,,,,
993724,福祉党,27590,7624,False,0,,,,,,,,,,,,,,,,,,,,,,,,
993729,福祉党 (トルコ),42714,12631,False,0,,,,,,,,,,,,,,,,,,,,,,,,
995876,事大党,27376,7098,False,1,,,,,,,,,,,,,,,,,,,,,,,,
996621,国民秩序党,29465,7473,False,0,,,,,,,,,,,,,,,,,,,,,,,,
996625,国民救済党,41137,11282,False,0,,,,,,,,,,,,,,,,,,,,,,,,
996627,美徳党,35052,9020,False,0,,,,,,,,,,,,,,,,,,,,,,,,
997965,祖国党,39669,10523,False,0,,,,,,,,,,,,,,,,,,,,,,,,
998324,正道党,41524,11111,False,0,22,0,1,0,0,0,4,3,2,1,0,0,1,3,0,0,0,0,0,6,0,0,0,1
998555,民主左派党,45358,10906,False,1,,,,,,,,,,,,,,,,,,,,,,,,
999729,市民の勇気・緑の党,46115,9226,False,1,,,,,,,,,,,,,,,,,,,,,,,,
1004744,フランスのための運動,45611,11070,False,0,50,0,15,0,2,1,4,2,4,1,3,0,2,3,1,0,0,11,0,0,0,0,0,1
1005645,日本愛酢党,31504,9878,False,1,,,,,,,,,,,,,,,,,,,,,,,,
1006985,新緑風会,84617,18241,False,0,,,,,,,,,,,,,,,,,,,,,,,,
1007887,サウスカロライナ州連合改革党,25926,7514,False,0,,,,,,,,,,,,,,,,,,,,,,,,
1009244,サレカット・イスラム,115842,42999,False,0,,,,,,,,,,,,,,,,,,,,,,,,
1010269,サウスカロライナ州独立共和党,30233,8733,False,0,,,,,,,,,,,,,,,,,,,,,,,,
1012615,サマジワディ党,47136,11069,False,1,,,,,,,,,,,,,,,,,,,,,,,,
1014614,中央倶楽部,34474,8129,False,0,,,,,,,,,,,,,,,,,,,,,,,,
1014651,自由党 (日本 1890),24754,7322,False,0,,,,,,,,,,,,,,,,,,,,,,,,
1014663,自由連合 (政党),72410,20940,False,1,,,,,,,,,,,,,,,,,,,,,,,,
1014697,中央交渉会,25103,7441,False,0,,,,,,,,,,,,,,,,,,,,,,,,
1017366,日本農民党 (1947-1949),22840,6313,False,0,,,,,,,,,,,,,,,,,,,,,,,,
1019186,ベトナム国民党,37305,8640,False,1,,,,,,,,,,,,,,,,,,,,,,,,
1019556,民主運動 (フランス),41939,10490,False,1,,,,,,,,,,,,,,,,,,,,,,,,
1029074,国民党 (タイ),30016,7758,False,0,,,,,,,,,,,,,,,,,,,,,,,,
1029881,環境世代,36637,9732,False,0,,,,,,,,,,,,,,,,,,,,,,,,
1031237,社会民衆党,43884,10465,False,1,,,,,,,,,,,,,,,,,,,,,,,,
1031633,民族主義者行動党,81370,19834,False,1,86,4,16,0,1,1,4,6,9,5,0,4,2,3,1,3,0,24,0,0,0,2,0,1
1031702,至福党,37752,9446,False,0,,,,,,,,,,,,,,,,,,,,,,,,
1032053,民主党 (日本 1996-1998),89142,20960,False,1,,,,,,,,,,,,,,,,,,,,,,,,
1032391,日本人民党,34630,9305,False,0,,,,,,,,,,,,,,,,,,,,,,,,
1053759,国家ボリシェヴィキ党,60010,18323,False,1,,,,,,,,,,,,,,,,,,,,,,,,
1057442,中国民主党 (中華民国),25047,7990,False,0,,,,,,,,,,,,,,,,,,,,,,,,
1057872,ベネズエラ統一社会党,37812,9145,False,1,,,,,,,,,,,,,,,,,,,,,,,,
1061166,ジャナタ・ダル,30057,8376,False,0,,,,,,,,,,,,,,,,,,,,,,,,
1064280,ポーランド統一労働者党,43892,10756,False,1,,,,,,,,,,,,,,,,,,,,,,,,
1067820,ジャナタ党,27026,7703,False,0,,,,,,,,,,,,,,,,,,,,,,,,
1069752,東ティモール再建国民会議,37750,8711,False,1,,,,,,,,,,,,,,,,,,,,,,,,
1081373,中国致公党,36258,8246,False,1,,,,,,,,,,,,,,,,,,,,,,,,
1081384,中国農工民主党,35910,8411,False,1,,,,,,,,,,,,,,,,,,,,,,,,
1081396,九三学社,38506,8417,False,2,,,,,,,,,,,,,,,,,,,,,,,,
1081426,中国民主建国会,32644,7834,False,1,24,0,1,0,1,0,2,2,4,2,0,0,2,4,1,0,0,3,0,0,0,1,0,1
1081444,中国民主促進会,34548,7990,False,1,21,0,2,0,1,0,3,3,2,2,0,0,2,3,1,1,0,0,0,0,0,0,0,1
1081567,イラク共産党,61257,12825,False,1,,,,,,,,,,,,,,,,,,,,,,,,
1081958,日本労農党,40108,9567,False,1,27,0,1,0,0,0,1,1,3,1,0,3,3,4,0,4,0,2,0,0,0,0,3,1
1086680,全インド・ムスリム連盟,57552,12626,False,0,,,,,,,,,,,,,,,,,,,,,,,,
1096469,社会発展国民運動,42755,12385,False,1,,,,,,,,,,,,,,,,,,,,,,,,
1101053,タジキスタン・イスラム復興党,34988,9264,False,1,,,,,,,,,,,,,,,,,,,,,,,,
1104528,田中角栄を政界から追放する勝手連,29059,8465,False,0,,,,,,,,,,,,,,,,,,,,,,,,
1104533,全婦会救国党ミニ政党悪税消費税反対大連合,31999,8606,False,0,,,,,,,,,,,,,,,,,,,,,,,,
1105463,公正党,44621,13563,False,0,,,,,,,,,,,,,,,,,,,,,,,,
1106688,ポーランド家族同盟,39307,11324,False,0,,,,,,,,,,,,,,,,,,,,,,,,
1106730,市民プラットフォーム,96956,34106,False,1,,,,,,,,,,,,,,,,,,,,,,,,
1109948,革命社会党 (インド),40113,8624,False,1,,,,,,,,,,,,,,,,,,,,,,,,
1109951,アカリ・ダル,39770,9133,False,0,,,,,,,,,,,,,,,,,,,,,,,,
1112828,庶ゲツ党,30980,12270,False,0,,,,,,,,,,,,,,,,,,,,,,,,
1127707,猪俣党,25869,7188,False,0,,,,,,,,,,,,,,,,,,,,,,,,
1128071,スウェーデン民主党,55615,13105,False,1,,,,,,,,,,,,,,,,,,,,,,,,
1128551,人民の力党,36101,9687,False,1,,,,,,,,,,,,,,,,,,,,,,,,
1154395,民主韓国党,59356,11327,False,1,24,0,1,0,0,0,1,3,11,1,0,0,2,1,0,0,0,1,0,0,0,0,1,2
1155405,エイズ根絶性病撲滅国民運動太陽新党,27651,7879,False,0,,,,,,,,,,,,,,,,,,,,,,,,
1158131,親和会 (貴族院),21814,6755,False,0,,,,,,,,,,,,,,,,,,,,,,,,
1159368,土曜会,23087,6484,False,0,,,,,,,,,,,,,,,,,,,,,,,,
1162891,大統合民主新党,77934,16980,False,2,,,,,,,,,,,,,,,,,,,,,,,,
1166311,国民統一党 (ミャンマー),31784,8049,False,1,,,,,,,,,,,,,,,,,,,,,,,,
1167521,反ファシスト人民自由連盟,26548,7339,False,0,,,,,,,,,,,,,,,,,,,,,,,,
1167762,シャン諸民族民主連盟,31159,7749,False,1,,,,,,,,,,,,,,,,,,,,,,,,
1174594,連邦団結発展協会,28475,7920,False,0,,,,,,,,,,,,,,,,,,,,,,,,
1181091,急進党,45159,11049,False,1,,,,,,,,,,,,,,,,,,,,,,,,
1181176,共和国市民運動,37764,9968,False,0,,,,,,,,,,,,,,,,,,,,,,,,
1181273,立ち上がれフランス,43801,9712,False,1,,,,,,,,,,,,,,,,,,,,,,,,
1182476,自由党 (大韓民国),72318,14797,False,2,62,5,6,0,0,0,10,1,10,3,0,4,3,10,1,1,0,0,0,6,0,0,1,1
1186918,共和国運動,40545,10481,False,1,41,0,6,0,0,0,3,4,4,3,0,0,2,4,1,0,0,8,0,0,2,3,0,1
1187217,左翼急進党,34758,8834,False,0,,,,,,,,,,,,,,,,,,,,,,,,
1187246,アンゴラ民族解放戦線,48608,12330,False,1,,,,,,,,,,,,,,,,,,,,,,,,
1188674,オーストラリア自由党,44470,9977,False,1,,,,,,,,,,,,,,,,,,,,,,,,
1188824,オーストラリア労働党,73319,14187,False,1,,,,,,,,,,,,,,,,,,,,,,,,
1191494,グループ改革,21355,6132,False,0,,,,,,,,,,,,,,,,,,,,,,,,
1192318,社会民主党 (ポルトガル),65222,15585,False,1,,,,,,,,,,,,,,,,,,,,,,,,
1193830,国家連合党,27238,7231,False,1,,,,,,,,,,,,,,,,,,,,,,,,
1194378,ポルトガル共和党,24246,6564,False,0,,,,,,,,,,,,,,,,,,,,,,,,
1196176,東洋社会党,34485,8177,False,0,,,,,,,,,,,,,,,,,,,,,,,,
1196221,東洋自由党,37159,8839,False,0,,,,,,,,,,,,,,,,,,,,,,,,
1196290,大日本協会,23374,6983,False,0,,,,,,,,,,,,,,,,,,,,,,,,
1199598,ブータン共産党マルクス・レーニン・毛沢東主義派,39546,9961,False,0,,,,,,,,,,,,,,,,,,,,,,,,
1200559,労働党 (リトアニア),55962,12859,False,1,,,,,,,,,,,,,,,,,,,,,,,,
1201786,ビール愛好者党,23774,6770,False,0,,,,,,,,,,,,,,,,,,,,,,,,
1203272,リトアニア社会民主党,66225,16024,False,1,,,,,,,,,,,,,,,,,,,,,,,,
1203668,新民党,75283,18192,False,1,,,,,,,,,,,,,,,,,,,,,,,,
1204549,「連帯」選挙行動,33217,9073,False,1,,,,,,,,,,,,,,,,,,,,,,,,
1204618,法と正義,107576,30327,False,1,118,0,20,0,0,0,10,9,12,2,2,0,2,4,0,1,0,33,0,16,1,5,0,1
1204631,自衛 (ポーランド),43528,11326,False,1,,,,,,,,,,,,,,,,,,,,,,,,
1204641,民主左翼連合 (ポーランド),88695,23646,False,1,,,,,,,,,,,,,,,,,,,,,,,,
1204650,ポーランド共和国社会民主党,31100,8029,False,1,,,,,,,,,,,,,,,,,,,,,,,,
1204752,ポーランド農民党,80985,26380,False,1,,,,,,,,,,,,,,,,,,,,,,,,
1205948,民主人民党 (ドイツ),51422,10590,False,0,,,,,,,,,,,,,,,,,,,,,,,,
1207883,ドイツ社会主義帝国党,67204,13605,False,1,,,,,,,,,,,,,,,,,,,,,,,,
1208018,コロラド党 (ウルグアイ),38964,8951,False,1,,,,,,,,,,,,,,,,,,,,,,,,
1208040,国民党 (ウルグアイ),35337,8321,False,1,,,,,,,,,,,,,,,,,,,,,,,,
1208110,拡大戦線 (ウルグアイ),37403,8983,False,1,,,,,,,,,,,,,,,,,,,,,,,,
1211803,左翼民主党 (イタリア),58127,11377,False,1,,,,,,,,,,,,,,,,,,,,,,,,
1211811,民主党 (イタリア),101694,22664,False,1,,,,,,,,,,,,,,,,,,,,,,,,
1212224,緑の党 (フランス),62946,14152,False,1,,,,,,,,,,,,,,,,,,,,,,,,
1212849,プエルトリコ独立党,61234,12327,False,1,49,0,5,0,0,0,4,3,8,5,4,0,2,0,10,0,0,7,0,0,0,0,0,1
1226836,自由の家 (イタリア),38597,8871,False,1,,,,,,,,,,,,,,,,,,,,,,,,
1236490,維新政友会,24767,6682,False,1,,,,,,,,,,,,,,,,,,,,,,,,
1240753,保守連合,37087,8602,False,1,,,,,,,,,,,,,,,,,,,,,,,,
1242253,オーストラリア国民党,40817,9609,False,1,,,,,,,,,,,,,,,,,,,,,,,,
1242649,民族革命運動党,48148,14789,False,1,,,,,,,,,,,,,,,,,,,,,,,,
1247126,中正会,23026,6237,False,0,,,,,,,,,,,,,,,,,,,,,,,,
1248796,民主社会会議,31990,7883,False,1,,,,,,,,,,,,,,,,,,,,,,,,
1249780,ニジェール民主社会主義党,41052,11888,False,1,,,,,,,,,,,,,,,,,,,,,,,,
1251269,オーストラリア緑の党,59557,12327,False,1,,,,,,,,,,,,,,,,,,,,,,,,
1255428,帝国党,20582,6300,False,0,,,,,,,,,,,,,,,,,,,,,,,,
1255780,翼壮議員同志会,24209,7029,False,0,,,,,,,,,,,,,,,,,,,,,,,,
1259899,吏党,23895,7811,False,0,,,,,,,,,,,,,,,,,,,,,,,,
1261198,新正倶楽部,33976,7941,False,0,,,,,,,,,,,,,,,,,,,,,,,,
1262025,包括政党,37344,9860,False,0,,,,,,,,,,,,,,,,,,,,,,,,
1263652,昭和会,34635,9058,False,0,16,0,1,0,1,0,0,0,0,0,0,7,1,4,0,0,0,0,0,0,0,0,1,1
1264623,ルワンダ愛国戦線,49840,14061,False,1,,,,,,,,,,,,,,,,,,,,,,,,
1266121,紅衛党,22997,6096,False,0,12,0,2,0,0,0,0,0,1,1,0,2,1,3,1,0,0,0,0,0,0,0,1,0
1271415,スリランカ社会主義平等党,55724,10680,False,1,,,,,,,,,,,,,,,,,,,,,,,,
1271429,スリランカ自由党,63845,12766,False,1,,,,,,,,,,,,,,,,,,,,,,,,
1274065,民主ロシア,25427,6818,False,0,,,,,,,,,,,,,,,,,,,,,,,,
1274646,ボリビア共産党,36226,8651,False,0,,,,,,,,,,,,,,,,,,,,,,,,
1277255,立憲革新党,34184,8074,False,0,,,,,,,,,,,,,,,,,,,,,,,,
1280264,皇国青年党,20552,5691,False,0,,,,,,,,,,,,,,,,,,,,,,,,
1281406,自由民主党 (アンゴラ),34075,7749,False,1,,,,,,,,,,,,,,,,,,,,,,,,
1281830,アメリカ・ナチ党,85363,18531,False,1,,,,,,,,,,,,,,,,,,,,,,,,
1282028,ティグレ人民解放戦線,27295,8649,False,0,,,,,,,,,,,,,,,,,,,,,,,,
1284127,民主中道連合,59304,15840,False,1,,,,,,,,,,,,,,,,,,,,,,,,
1284309,大日本生産党,33136,9337,False,0,,,,,,,,,,,,,,,,,,,,,,,,
1284954,欧州自由民主改革党,50805,11751,False,1,,,,,,,,,,,,,,,,,,,,,,,,
1284967,アンドラ自由党,27526,7589,False,1,,,,,,,,,,,,,,,,,,,,,,,,
1285002,オーストリア自由党,120864,40071,False,1,,,,,,,,,,,,,,,,,,,,,,,,
1285004,自由フォーラム,40011,8515,False,0,,,,,,,,,,,,,,,,,,,,,,,,
1285023,自由民主国民党,40004,9115,False,1,,,,,,,,,,,,,,,,,,,,,,,,
1285037,民主66,39321,8726,False,1,,,,,,,,,,,,,,,,,,,,,,,,
1285070,新愛国党,55080,11289,False,1,17,0,5,0,0,0,0,0,3,3,2,0,1,0,0,0,0,0,0,2,0,0,0,1
1285089,北アイルランド同盟党,45758,9448,False,1,,,,,,,,,,,,,,,,,,,,,,,,
1285115,クロアチア社会自由党,42967,8903,False,1,,,,,,,,,,,,,,,,,,,,,,,,
1285155,自由党 (クロアチア),25943,7218,False,0,,,,,,,,,,,,,,,,,,,,,,,,
1288868,ザクセン人民党,21250,6138,False,0,,,,,,,,,,,,,,,,,,,,,,,,
1289188,コロラド党 (パラグアイ),34395,8085,False,1,,,,,,,,,,,,,,,,,,,,,,,,
1289191,真正急進自由党,31191,7324,False,1,,,,,,,,,,,,,,,,,,,,,,,,
1289200,パラグアイ共産党,32463,7956,False,1,,,,,,,,,,,,,,,,,,,,,,,,
1290221,欧州人民党,79406,14263,False,1,,,,,,,,,,,,,,,,,,,,,,,,
1290236,オーストリア未来同盟,46498,10267,False,1,,,,,,,,,,,,,,,,,,,,,,,,
1290292,エストニア改革党,43440,8736,False,1,24,0,4,0,1,1,2,2,2,3,4,0,2,0,1,0,0,0,0,2,0,0,0,0
1290644,フランス国民連合,22926,7384,False,0,,,,,,,,,,,,,,,,,,,,,,,,
1292543,ロシア民主党,27123,7644,False,0,,,,,,,,,,,,,,,,,,,,,,,,
1294172,地域間代議員グループ,30527,9443,False,0,,,,,,,,,,,,,,,,,,,,,,,,
1296035,アメリカ独立党,42096,8929,False,1,,,,,,,,,,,,,,,,,,,,,,,,
1297925,公友倶楽部,22772,6678,False,0,,,,,,,,,,,,,,,,,,,,,,,,
1298126,公正会,25925,7581,False,0,,,,,,,,,,,,,,,,,,,,,,,,
1298688,ビルマ共産党,51376,20287,False,1,,,,,,,,,,,,,,,,,,,,,,,,
1300113,国民自由党 (日本),27594,7834,False,1,18,0,4,0,0,0,0,0,1,1,0,0,2,7,0,0,0,0,0,0,0,0,2,1
1301240,大手倶楽部,20913,5940,False,0,,,,,,,,,,,,,,,,,,,,,,,,
1301314,中国進歩党,21235,6055,False,0,,,,,,,,,,,,,,,,,,,,,,,,
1301424,甲辰倶楽部,20110,5427,False,0,,,,,,,,,,,,,,,,,,,,,,,,
1301648,庚申倶楽部,22656,6089,False,0,,,,,,,,,,,,,,,,,,,,,,,,
1303965,ロシアの統一と合意党,22531,6427,False,0,,,,,,,,,,,,,,,,,,,,,,,,
1304173,ロシア社会正義党,24476,6671,False,0,,,,,,,,,,,,,,,,,,,,,,,,
1305696,茶話会,28705,8539,False,0,,,,,,,,,,,,,,,,,,,,,,,,
1308103,内部マケドニア革命組織・ブルガリア国民運動,41551,10405,False,0,13,0,3,0,0,0,0,0,7,1,0,0,1,0,0,0,0,0,0,0,0,0,0,1
1308592,内部マケドニア革命組織・人民党,32473,8028,False,0,,,,,,,,,,,,,,,,,,,,,,,,
1311174,地域・生活者起点で日本を洗濯（選択）する国民連合,57581,15273,False,0,,,,,,,,,,,,,,,,,,,,,,,,
1312215,愛国勤労党,20716,5627,False,0,,,,,,,,,,,,,,,,,,,,,,,,
1315915,国民行動党,37971,9494,False,1,,,,,,,,,,,,,,,,,,,,,,,,
1316644,欧州民主連合・南部の人民,41192,9194,False,1,,,,,,,,,,,,,,,,,,,,,,,,
1319986,マツペン,38720,10868,False,0,,,,,,,,,,,,,,,,,,,,,,,,
1320335,市民勢力,25881,7456,False,0,32,0,5,0,1,0,3,3,6,1,0,3,5,0,1,1,0,0,0,0,0,1,2,0
1322559,イタリア共産主義者党,43828,9676,False,1,,,,,,,,,,,,,,,,,,,,,,,,
1323805,ロシア再生党,21050,5950,False,0,,,,,,,,,,,,,,,,,,,,,,,,
1323813,民主的左翼 (イタリア),40179,8754,False,1,,,,,,,,,,,,,,,,,,,,,,,,
1324274,民主連合 (イタリア),39877,8566,False,1,,,,,,,,,,,,,,,,,,,,,,,,
1324475,国民同盟 (イタリア),51547,14475,False,1,,,,,,,,,,,,,,,,,,,,,,,,
1326202,キリスト教民主主義 (イタリア 1942-1994),52596,12480,False,1,,,,,,,,,,,,,,,,,,,,,,,,
1331973,イタリア社会運動,57582,18012,False,1,119,1,21,0,1,1,7,12,32,6,4,6,2,13,1,0,0,4,2,0,2,0,4,0
1332284,欧州規模の政党,89118,16297,False,0,,,,,,,,,,,,,,,,,,,,,,,,
1332627,緑の党 (ロシア),40695,9420,False,0,20,0,2,0,0,0,0,1,6,5,0,2,2,0,1,0,0,0,0,0,0,0,1,0
1334204,国民同盟 (スペイン),76617,23214,False,1,,,,,,,,,,,,,,,,,,,,,,,,
1334205,国民同盟 (日本),37613,8859,False,1,,,,,,,,,,,,,,,,,,,,,,,,
1335444,緑のオルタナティヴ,46485,9477,False,0,,,,,,,,,,,,,,,,,,,,,,,,
1336381,ロシア社会民主党,37655,10019,False,1,34,3,3,0,1,0,3,3,4,2,2,1,2,4,1,0,0,0,0,4,0,0,1,0
1340987,大衆社会党,44796,10432,False,1,,,,,,,,,,,,,,,,,,,,,,,,
1344001,国民中心党,58196,11590,False,1,,,,,,,,,,,,,,,,,,,,,,,,
1345170,創造韓国党,83987,18977,False,2,,,,,,,,,,,,,,,,,,,,,,,,
1346117,韓国未来連合,53249,9631,False,1,,,,,,,,,,,,,,,,,,,,,,,,
1347773,民政党 (韓国),59944,11248,False,2,,,,,,,,,,,,,,,,,,,,,,,,
1349323,国民の党,55060,10251,False,1,,,,,,,,,,,,,,,,,,,,,,,,
1349509,民衆党 (韓国 1965-1967),58879,11197,False,2,,,,,,,,,,,,,,,,,,,,,,,,
1349542,民衆党 (韓国 1990-1992),59375,12826,False,1,38,0,1,0,0,0,1,1,2,2,0,0,1,1,0,6,0,14,0,0,0,6,1,2
1349577,民主国民党 (韓国 1949-1955),57155,10809,False,1,,,,,,,,,,,,,,,,,,,,,,,,
1349738,ハンギョレ民主党,63534,13474,False,2,,,,,,,,,,,,,,,,,,,,,,,,
1350753,新韓党,52665,9803,False,1,,,,,,,,,,,,,,,,,,,,,,,,
1350795,民主国民党 (韓国 2000-2004),62307,11802,False,2,23,0,2,0,0,0,3,1,4,2,0,0,1,0,0,1,0,0,0,4,0,0,3,2
1351224,イスラエル我が家,48316,13459,False,1,,,,,,,,,,,,,,,,,,,,,,,,
1351934,韓国国民党,55879,10733,False,1,,,,,,,,,,,,,,,,,,,,,,,,
1353268,ウクライナ社会党,41769,9304,False,1,,,,,,,,,,,,,,,,,,,,,,,,
1356065,自由の人民 (イタリア),47873,10967,False,1,,,,,,,,,,,,,,,,,,,,,,,,
1356486,正義党,46811,11010,False,1,,,,,,,,,,,,,,,,,,,,,,,,
1356694,緑の連盟 (イタリア),50221,9588,False,1,,,,,,,,,,,,,,,,,,,,,,,,
1356705,価値あるイタリア,44180,9737,False,1,25,0,3,0,0,0,3,2,5,2,2,0,3,0,1,0,0,2,1,0,0,0,0,1
1356879,イタリア急進主義者,42095,9282,False,1,,,,,,,,,,,,,,,,,,,,,,,,
1357026,民主党 (韓国 2008-2011),248511,63263,False,2,133,0,12,0,0,0,12,22,10,2,0,7,2,15,1,1,0,7,0,0,0,38,2,2
1357050,自治運動 (イタリア),37953,8728,False,1,,,,,,,,,,,,,,,,,,,,,,,,
1357117,虹の左翼,39373,8654,False,1,,,,,,,,,,,,,,,,,,,,,,,,
1357908,社会運動・三色の炎,37828,8329,False,1,,,,,,,,,,,,,,,,,,,,,,,,
1357921,右派 (イタリア),38251,8568,False,1,16,0,3,0,0,0,2,2,3,2,0,0,1,2,0,0,0,0,0,0,0,0,0,1
1358647,アメリカ革命人民同盟,39020,9438,False,1,,,,,,,,,,,,,,,,,,,,,,,,
1359042,先進統一党,106622,25989,False,2,,,,,,,,,,,,,,,,,,,,,,,,
1359234,年金受給者党 (イタリア),37952,8191,False,1,14,0,1,0,0,0,2,2,4,2,1,0,1,0,0,0,0,0,0,0,0,0,0,1
1359253,右派・三色の炎,35250,7947,False,1,,,,,,,,,,,,,,,,,,,,,,,,
1363708,ロシアの愛国者,39475,9062,False,1,,,,,,,,,,,,,,,,,,,,,,,,
1365856,統一国民党 (韓国),55320,10297,False,1,,,,,,,,,,,,,,,,,,,,,,,,
1366636,自由民主党 (韓国),58443,11730,False,1,,,,,,,,,,,,,,,,,,,,,,,,
1368187,ロシア・リバータリアン運動,23987,6285,False,0,,,,,,,,,,,,,,,,,,,,,,,,
1370943,大衆党 (韓国),52062,9122,False,1,,,,,,,,,,,,,,,,,,,,,,,,
1372086,国民共和党 (アメリカ),30045,9512,False,1,,,,,,,,,,,,,,,,,,,,,,,,
1372981,反メイソン党,38845,15288,False,1,,,,,,,,,,,,,,,,,,,,,,,,
1374734,民主統一党,55575,10127,False,1,,,,,,,,,,,,,,,,,,,,,,,,
1376236,人民同盟 (ロシア),28434,7828,False,0,,,,,,,,,,,,,,,,,,,,,,,,
1376451,狩猟、釣り、自然、伝統,35847,8893,False,0,,,,,,,,,,,,,,,,,,,,,,,,
1382967,労働党 (韓国),137483,41550,False,2,,,,,,,,,,,,,,,,,,,,,,,,
1383358,民衆の党,57665,11335,False,1,12,0,1,0,0,0,1,1,4,1,0,0,1,0,0,0,0,0,0,0,0,1,1,1
1383381,中道連合 (イタリア),41257,9253,False,1,,,,,,,,,,,,,,,,,,,,,,,,
1385889,民主党 (韓国 1955-1965),78443,16322,False,2,,,,,,,,,,,,,,,,,,,,,,,,
1385905,民主党 (韓国 1990-1991),67380,15230,False,1,,,,,,,,,,,,,,,,,,,,,,,,
1385909,民主党 (韓国 2005-2008),66930,13792,False,2,,,,,,,,,,,,,,,,,,,,,,,,
1386295,スペイン共産党,80151,19796,False,1,94,5,17,0,1,0,3,17,20,7,5,0,3,4,1,0,0,1,3,0,0,6,0,1
1392886,自由民主主義者 (イタリア),34517,7772,False,1,18,0,3,0,0,0,2,2,4,2,0,0,2,2,0,0,0,0,0,0,0,0,0,1
1396114,民主主義者 (イタリア),25357,6609,False,1,,,,,,,,,,,,,,,,,,,,,,,,
1397223,三曜会,21087,6040,False,0,,,,,,,,,,,,,,,,,,,,,,,,
1401844,国民党 (南アフリカ),38917,10579,False,1,,,,,,,,,,,,,,,,,,,,,,,,
1402073,欧州社会党,133186,33526,False,1,,,,,,,,,,,,,,,,,,,,,,,,
1402905,国民会議党,41590,9331,False,1,20,0,5,0,0,0,2,1,4,2,0,0,2,4,0,0,0,0,0,0,0,0,0,0
1409160,地域党,50227,11817,False,1,,,,,,,,,,,,,,,,,,,,,,,,
1409380,イギリスファシスト連合,50588,19962,False,1,,,,,,,,,,,,,,,,,,,,,,,,
1410624,社会大衆党 (韓国),54961,10510,False,1,,,,,,,,,,,,,,,,,,,,,,,,
1411341,ニュージーランド・ファースト党,43257,11913,False,1,,,,,,,,,,,,,,,,,,,,,,,,
1411371,社会民主党 (日本 1901年),42567,11338,False,1,,,,,,,,,,,,,,,,,,,,,,,,
1411870,欧州左翼党,67493,13059,False,1,,,,,,,,,,,,,,,,,,,,,,,,
1412479,イタリア民主社会主義者,61359,12464,False,1,,,,,,,,,,,,,,,,,,,,,,,,
1413057,日本社会党 (1906年),37657,9105,False,0,,,,,,,,,,,,,,,,,,,,,,,,
1414137,未来希望連帯,89013,17924,False,2,,,,,,,,,,,,,,,,,,,,,,,,
1419515,人民正義党,40241,11052,False,0,,,,,,,,,,,,,,,,,,,,,,,,
1419638,中道主義党,28058,7040,False,0,,,,,,,,,,,,,,,,,,,,,,,,
1419659,タイ団結国家開発党,32556,8162,False,0,,,,,,,,,,,,,,,,,,,,,,,,
1419707,国家貢献党,29928,7668,False,0,,,,,,,,,,,,,,,,,,,,,,,,
1419766,労働者農民党 (1928),34278,10982,False,0,,,,,,,,,,,,,,,,,,,,,,,,
1426443,ウガンダ人民会議,37868,12044,False,0,,,,,,,,,,,,,,,,,,,,,,,,
1429394,アメリカ合衆国社会党,46219,9789,False,1,23,0,3,0,0,0,0,0,6,3,0,0,3,6,1,0,0,0,0,0,0,1,0,0
1438184,スロバキア共産党,52119,13093,False,1,,,,,,,,,,,,,,,,,,,,,,,,
1449092,奄美共産党,70867,20552,False,0,,,,,,,,,,,,,,,,,,,,,,,,
1453025,さわやか新党,31506,8281,False,1,,,,,,,,,,,,,,,,,,,,,,,,
1453114,ドイツ社会主義労働者党,36924,11520,False,0,,,,,,,,,,,,,,,,,,,,,,,,
1455043,韓国社会党,53097,9514,False,1,,,,,,,,,,,,,,,,,,,,,,,,
1456945,紫溟会,21639,6143,False,0,,,,,,,,,,,,,,,,,,,,,,,,
1457909,マデシ人権フォーラム,76615,26073,False,0,84,5,2,0,0,0,3,5,39,2,0,0,1,3,3,0,0,11,0,9,0,0,0,1
1457973,タライ・マデシ民主党,30578,7475,False,0,,,,,,,,,,,,,,,,,,,,,,,,
1459969,ウンマ党 (スーダン),35687,9352,False,0,,,,,,,,,,,,,,,,,,,,,,,,
1460584,緑の党 (三橋派),56305,13206,False,0,,,,,,,,,,,,,,,,,,,,,,,,
1464413,国民民主党ネパール,38733,8997,False,1,22,0,5,0,0,0,3,3,4,2,0,0,2,1,1,0,0,0,0,0,0,0,0,1
1465948,パルメフツ,23537,6700,False,0,,,,,,,,,,,,,,,,,,,,,,,,
1465949,民主共和運動,40671,11329,False,0,,,,,,,,,,,,,,,,,,,,,,,,
1466236,国民新党 (韓国),52561,9742,False,1,12,0,1,0,0,0,1,1,2,1,0,3,1,0,0,0,0,0,0,0,0,0,0,2
1473509,市民統一戦線,28828,7412,False,0,,,,,,,,,,,,,,,,,,,,,,,,
1477777,民主党 (韓国 1991-1995),66284,13657,False,2,,,,,,,,,,,,,,,,,,,,,,,,
1477778,民主党 (韓国 1995-1997),61557,12505,False,2,,,,,,,,,,,,,,,,,,,,,,,,
1489606,ネパール共産党,26448,8099,False,0,,,,,,,,,,,,,,,,,,,,,,,,
1489796,日本国民政治連合,25781,7452,False,0,,,,,,,,,,,,,,,,,,,,,,,,
1492518,友愛党,36104,9100,False,0,,,,,,,,,,,,,,,,,,,,,,,,
1504616,平和統一開発党,35469,8357,False,1,,,,,,,,,,,,,,,,,,,,,,,,
1508119,台湾共産党 (2008年),32194,7407,False,1,27,0,3,0,0,0,3,3,2,9,0,0,2,1,3,0,0,0,0,0,0,1,0,0
1511287,ロシア社会民主労働党,40504,15626,False,1,,,,,,,,,,,,,,,,,,,,,,,,
1512708,アタカ国民連合,52623,15765,False,0,,,,,,,,,,,,,,,,,,,,,,,,
1514199,インカタ自由党,33653,8297,False,0,,,,,,,,,,,,,,,,,,,,,,,,
1522335,マヨルカ連合,45275,10175,False,1,,,,,,,,,,,,,,,,,,,,,,,,
1523085,社会党 (韓国),75698,17263,False,2,,,,,,,,,,,,,,,,,,,,,,,,
1523279,スロベニア自由民主党,46457,10167,False,1,,,,,,,,,,,,,,,,,,,,,,,,
1526662,グルジア労働党,23640,6649,False,0,,,,,,,,,,,,,,,,,,,,,,,,
1527764,欧州民主党,54947,11805,False,1,72,34,15,0,0,0,3,2,11,0,0,0,3,1,2,0,0,0,0,0,0,0,0,1
1538219,ネパール共産党マルクス主義派 (1986-1991),26349,7393,False,0,,,,,,,,,,,,,,,,,,,,,,,,
1538326,ネパール共産党マルクス・レーニン主義派,41978,11126,False,1,,,,,,,,,,,,,,,,,,,,,,,,
1540629,人民戦線ネパール,35142,8908,False,0,,,,,,,,,,,,,,,,,,,,,,,,
1546710,ネパール共産党マンモハン派,27452,7219,False,0,11,0,3,0,0,0,2,0,2,1,0,1,0,1,0,0,0,0,0,0,0,0,0,1
1546999,ネパール共産党ユナイテッド派,33932,8078,False,0,,,,,,,,,,,,,,,,,,,,,,,,
1547707,正義開発党,24456,6617,False,0,,,,,,,,,,,,,,,,,,,,,,,,
1548562,新党改革,131945,39039,False,1,,,,,,,,,,,,,,,,,,,,,,,,
1549925,統一党,53282,9963,False,0,,,,,,,,,,,,,,,,,,,,,,,,
1558282,協同党,25337,7052,False,0,,,,,,,,,,,,,,,,,,,,,,,,
1562041,オルターナティヴ・リバタリアン,43383,11913,False,0,,,,,,,,,,,,,,,,,,,,,,,,
1562402,民主同盟,72836,17103,False,1,,,,,,,,,,,,,,,,,,,,,,,,
1568993,新国民党,34373,9216,False,1,,,,,,,,,,,,,,,,,,,,,,,,
1572008,スティク,25077,6625,False,0,,,,,,,,,,,,,,,,,,,,,,,,
1572960,レソト民主会議,35812,8441,False,1,,,,,,,,,,,,,,,,,,,,,,,,
1575985,セルビア民主党 (ボスニア・ヘルツェゴビナ),50695,10918,False,1,,,,,,,,,,,,,,,,,,,,,,,,
1576005,クロアチア民主同盟 (ボスニア・ヘルツェゴビナ),47609,10037,False,0,,,,,,,,,,,,,,,,,,,,,,,,
1579287,改新,23109,7032,False,0,,,,,,,,,,,,,,,,,,,,,,,,
1587284,民主勢力同盟,63783,13591,False,1,,,,,,,,,,,,,,,,,,,,,,,,
1588300,保守政党,52828,11130,False,0,,,,,,,,,,,,,,,,,,,,,,,,
1588323,革新政党,25785,7347,False,0,,,,,,,,,,,,,,,,,,,,,,,,
1601846,戦線 (政党),24801,6782,False,0,,,,,,,,,,,,,,,,,,,,,,,,
1603666,国民復興党,35086,8395,False,0,12,0,1,0,0,0,3,3,2,1,0,1,0,0,0,0,0,0,0,0,0,0,1,0
1603848,キリスト教保守社会同盟,34605,7968,False,0,,,,,,,,,,,,,,,,,,,,,,,,
1604220,祖国同盟,68134,13678,False,1,,,,,,,,,,,,,,,,,,,,,,,,
1612337,リトアニア・ポーランド人選挙活動＝キリスト教家族連合,66154,14747,False,1,39,0,3,0,1,1,4,3,9,7,0,0,2,4,4,1,0,0,0,0,0,0,0,0
1612359,秩序と正義,60424,13944,False,1,,,,,,,,,,,,,,,,,,,,,,,,
1614465,ヨーロッパ発展のためのブルガリア市民,65399,13821,False,1,,,,,,,,,,,,,,,,,,,,,,,,
1616660,新同盟,44695,9795,False,1,,,,,,,,,,,,,,,,,,,,,,,,
1616775,自由中道同盟,45942,9800,False,1,,,,,,,,,,,,,,,,,,,,,,,,
1617029,勤労人民党,33384,9353,False,1,,,,,,,,,,,,,,,,,,,,,,,,
1617125,リトアニア共和国自由運動,37262,8462,False,0,,,,,,,,,,,,,,,,,,,,,,,,
1619847,コンゴ民主連合,40007,11080,False,0,,,,,,,,,,,,,,,,,,,,,,,,
1624776,右派活動,45903,10368,False,1,,,,,,,,,,,,,,,,,,,,,,,,
1627878,社会民主同盟 (ロシア),30537,8343,False,0,,,,,,,,,,,,,,,,,,,,,,,,
1629672,権利と自由運動,43337,9623,False,1,,,,,,,,,,,,,,,,,,,,,,,,
1630577,ブルガリア社会民主党,43678,9271,False,1,17,0,3,0,0,0,1,1,3,2,4,0,1,0,1,0,0,0,0,0,0,0,0,1
1630731,ブルガリア人民同盟,37138,8405,False,0,,,,,,,,,,,,,,,,,,,,,,,,
1631901,フィアナ・フォイル,43590,9519,False,1,19,0,3,0,0,0,2,1,5,2,4,0,1,0,1,0,0,0,0,0,0,0,0,0
1631943,フィナ・ゲール,51748,12455,False,1,43,0,5,0,0,0,3,9,3,3,3,0,2,6,1,0,0,0,0,7,0,1,0,0
1635643,タイ貢献党,42901,10567,False,1,,,,,,,,,,,,,,,,,,,,,,,,
1636310,バスク民族主義党,72033,22810,False,1,,,,,,,,,,,,,,,,,,,,,,,,
1642604,国民会議 (南アフリカ),34630,7950,False,1,,,,,,,,,,,,,,,,,,,,,,,,
1645785,労働人民進歩党,44872,13709,False,1,,,,,,,,,,,,,,,,,,,,,,,,
1655793,民主統合連合,46396,12288,False,1,,,,,,,,,,,,,,,,,,,,,,,,
1656342,みどりの未来,73835,15850,False,1,53,0,3,0,0,0,4,1,2,2,2,8,2,13,1,0,0,1,1,0,0,10,2,1
1667698,バイエルン民族党,80096,17988,False,1,,,,,,,,,,,,,,,,,,,,,,,,
1668440,独立民主セルビア人党,44560,11156,False,1,,,,,,,,,,,,,,,,,,,,,,,,
1670532,社会民主党 (日本 1951-1952),44564,9115,False,0,,,,,,,,,,,,,,,,,,,,,,,,
1672479,全国民主非政党連盟,36690,7975,False,1,,,,,,,,,,,,,,,,,,,,,,,,
1672521,保衛中華大同盟,31806,7029,False,1,,,,,,,,,,,,,,,,,,,,,,,,
1677393,イタリア人民党 (1919-1926),26634,7102,False,0,,,,,,,,,,,,,,,,,,,,,,,,
1677460,ボツワナ民主党,32211,8830,False,0,,,,,,,,,,,,,,,,,,,,,,,,
1696058,欧州緑の党,99282,26153,False,1,,,,,,,,,,,,,,,,,,,,,,,,
1697133,国家統一党,41253,11210,False,1,,,,,,,,,,,,,,,,,,,,,,,,
1700250,反資本主義新党,63068,16821,False,1,,,,,,,,,,,,,,,,,,,,,,,,
1717917,欧州人民党グループ,110219,27126,False,1,65,0,9,0,1,0,2,5,22,0,0,0,4,4,0,0,0,12,0,0,5,0,0,1
1718574,ハダシュ,44834,11445,False,1,,,,,,,,,,,,,,,,,,,,,,,,
1718907,無所属クラブ,30111,8959,False,0,,,,,,,,,,,,,,,,,,,,,,,,
1729448,モーリシャス社会主義運動,40908,9499,False,1,,,,,,,,,,,,,,,,,,,,,,,,
1732073,アンティグア労働党,31532,7599,False,1,,,,,,,,,,,,,,,,,,,,,,,,
1734136,ユーリヤ・ティモシェンコ・ブロック,74235,18780,False,0,,,,,,,,,,,,,,,,,,,,,,,,
1736695,香港民主民生協進会,46874,8671,False,2,,,,,,,,,,,,,,,,,,,,,,,,
1736755,ウクライナ社会民主党,42040,9560,False,1,15,0,0,0,0,0,1,3,4,2,0,0,1,4,0,0,0,0,0,0,0,0,0,0
1740656,ユダヤ・トーラ連合,36390,9185,False,1,,,,,,,,,,,,,,,,,,,,,,,,
1740924,維新政党・新風,157350,39354,False,1,,,,,,,,,,,,,,,,,,,,,,,,
1744304,チリ社会党,51099,14038,False,1,46,0,7,0,0,0,2,2,10,2,3,0,3,5,0,0,0,1,0,1,9,0,0,1
1744308,民主主義のための政党,46010,12146,False,1,,,,,,,,,,,,,,,,,,,,,,,,
1744309,キリスト教民主党 (チリ),45714,11330,False,1,,,,,,,,,,,,,,,,,,,,,,,,
1744310,急進社会民主党,39432,9596,False,1,34,0,5,0,0,0,2,2,4,2,3,0,2,13,0,0,0,0,0,0,0,0,0,1
1745249,国家社会主義ドイツ労働者党,317202,90716,False,1,,,,,,,,,,,,,,,,,,,,,,,,
1747267,ドイツ国家人民党,84235,20530,False,0,,,,,,,,,,,,,,,,,,,,,,,,
1747324,鉄兜団、前線兵士同盟,76071,16272,False,0,,,,,,,,,,,,,,,,,,,,,,,,
1747452,労働者党 (ブラジル),58884,14456,False,1,,,,,,,,,,,,,,,,,,,,,,,,
1751078,民主党 (ポーランド),38899,11027,False,1,,,,,,,,,,,,,,,,,,,,,,,,
1751319,チリのための同盟,33209,7937,False,1,,,,,,,,,,,,,,,,,,,,,,,,
1753202,ドイツ人民党,48904,11497,False,0,,,,,,,,,,,,,,,,,,,,,,,,
1753418,労働連合,37162,10132,False,1,,,,,,,,,,,,,,,,,,,,,,,,
1753459,ドイツ民主党,50447,11230,False,0,,,,,,,,,,,,,,,,,,,,,,,,
1753622,バイエルン人民党,24177,7215,False,0,,,,,,,,,,,,,,,,,,,,,,,,
1757218,武装共産党,70903,17884,False,0,,,,,,,,,,,,,,,,,,,,,,,,
1757335,非常時共産党,74406,21430,False,0,,,,,,,,,,,,,,,,,,,,,,,,
1757675,国民新党,272598,85498,False,1,,,,,,,,,,,,,,,,,,,,,,,,
1759340,ボツワナ国民戦線,33228,8756,False,0,,,,,,,,,,,,,,,,,,,,,,,,
1759481,リンチ共産党,68168,17000,False,0,,,,,,,,,,,,,,,,,,,,,,,,
1759621,ボツワナ会議党,31078,8125,False,0,,,,,,,,,,,,,,,,,,,,,,,,
1761146,新民主戦線,29096,7328,False,0,,,,,,,,,,,,,,,,,,,,,,,,
1761323,第二次共産党 (日本),83962,20106,False,0,50,7,0,0,0,0,0,2,16,0,5,0,2,2,0,3,0,2,2,0,3,1,4,1
1761391,第一次共産党 (日本),89228,23554,False,0,,,,,,,,,,,,,,,,,,,,,,,,
1762505,社会改革党 (アンゴラ),35194,8034,False,1,,,,,,,,,,,,,,,,,,,,,,,,
1762968,アンゴラ民主フォーラム,32180,7976,False,0,,,,,,,,,,,,,,,,,,,,,,,,
1765400,アルジェリア民族解放戦線,48492,10934,False,1,,,,,,,,,,,,,,,,,,,,,,,,
1767572,全連邦共産党ボリシェヴィキ,34130,9849,False,1,51,1,3,0,0,0,2,3,6,3,0,0,3,2,0,0,0,0,28,0,0,0,0,0
1769552,愛国戦線 (ザンビア),39099,9397,False,1,,,,,,,,,,,,,,,,,,,,,,,,
1772056,民主進歩党 (タンザニア),31251,7530,False,0,,,,,,,,,,,,,,,,,,,,,,,,
1772940,国家開発統一党,38967,8780,False,1,,,,,,,,,,,,,,,,,,,,,,,,
1773518,民社,36086,8614,False,1,,,,,,,,,,,,,,,,,,,,,,,,
1774261,民主党 (ケニア),32199,7962,False,0,,,,,,,,,,,,,,,,,,,,,,,,
1774439,統一党 (中華民国),34587,8949,False,0,,,,,,,,,,,,,,,,,,,,,,,,
1774814,中華民国共産党,32382,7227,False,1,16,0,1,0,0,0,2,2,2,4,0,0,2,0,2,0,0,0,0,0,0,0,0,1
1775955,労農党 (1929-1931),45744,13563,False,1,,,,,,,,,,,,,,,,,,,,,,,,
1776544,アンゴラ国民民主党,31425,7827,False,0,10,0,0,0,0,0,2,2,4,1,1,0,0,0,0,0,0,0,0,0,0,0,0,0
1776790,民主アンゴラ・連合,32036,7833,False,0,,,,,,,,,,,,,,,,,,,,,,,,
1777259,進歩民主党・アンゴラ国民同盟,32855,8142,False,0,,,,,,,,,,,,,,,,,,,,,,,,
1778190,民主刷新党 (アンゴラ),31948,8061,False,0,,,,,,,,,,,,,,,,,,,,,,,,
1778353,アンゴラ労働者農民青年同盟党,33668,8566,False,0,,,,,,,,,,,,,,,,,,,,,,,,
1778360,社会民主党 (アンゴラ),31191,7535,False,0,,,,,,,,,,,,,,,,,,,,,,,,
1779118,インド共産党毛沢東主義派,63062,13560,False,1,,,,,,,,,,,,,,,,,,,,,,,,
1780374,ケニア・マジンジラ緑の党,38505,9306,False,0,,,,,,,,,,,,,,,,,,,,,,,,
1781018,オレンジ民主運動,35264,8578,False,1,,,,,,,,,,,,,,,,,,,,,,,,
1782275,アムハラ民族民主運動,26463,7064,False,0,5,0,0,0,0,0,0,0,2,2,0,0,0,0,0,0,0,0,0,0,0,0,0,1
1782466,エリトリア人民解放戦線民主党,31534,7638,False,0,,,,,,,,,,,,,,,,,,,,,,,,
1782680,南エチオピア人民民主運動,28005,7667,False,0,,,,,,,,,,,,,,,,,,,,,,,,
1783596,民主主義回復フォーラム (タンザニア),33138,7701,False,0,,,,,,,,,,,,,,,,,,,,,,,,
1784236,ロシアの共産主義者,39410,9070,False,1,,,,,,,,,,,,,,,,,,,,,,,,
1785398,アザニア人民機構,37672,8374,False,1,21,0,3,0,0,0,1,1,5,2,0,0,3,6,0,0,0,0,0,0,0,0,0,0
1785778,中央アフリカ民主連合,38005,8694,False,1,,,,,,,,,,,,,,,,,,,,,,,,
1785791,中央アフリカ人民解放運動,35020,7896,False,1,,,,,,,,,,,,,,,,,,,,,,,,
1786919,国民集合クワ・ナ・クワ,35688,8391,False,1,,,,,,,,,,,,,,,,,,,,,,,,
1794056,民主国民連合 (アルジェリア),38457,8634,False,1,,,,,,,,,,,,,,,,,,,,,,,,
1794197,社会党再建全国連絡会,46811,10243,False,0,,,,,,,,,,,,,,,,,,,,,,,,
1798337,イギリス独立党,61279,13713,False,1,,,,,,,,,,,,,,,,,,,,,,,,
1802365,未来運動,28150,7383,False,1,,,,,,,,,,,,,,,,,,,,,,,,
1806785,ファミリア (党派),26655,7847,False,0,,,,,,,,,,,,,,,,,,,,,,,,
1806879,ソビエト連邦共産党 (1992),21475,6083,False,0,,,,,,,,,,,,,,,,,,,,,,,,
1811634,タジキスタン共産党,32137,7870,False,1,,,,,,,,,,,,,,,,,,,,,,,,
1816894,国民自由党 (ドイツ),59637,13981,False,0,,,,,,,,,,,,,,,,,,,,,,,,
1820898,アルジェリア国民戦線,33855,7998,False,0,,,,,,,,,,,,,,,,,,,,,,,,
1821232,イスラム再生運動 (アルジェリア),35452,8318,False,0,,,,,,,,,,,,,,,,,,,,,,,,
1822774,労働者党 (アルジェリア),39891,9159,False,1,,,,,,,,,,,,,,,,,,,,,,,,
1823406,リトアニア・キリスト教民主党,37637,9517,False,0,,,,,,,,,,,,,,,,,,,,,,,,
1824652,国維会,22267,6676,False,0,,,,,,,,,,,,,,,,,,,,,,,,
1827007,社会民主進歩同盟,107245,20141,False,1,,,,,,,,,,,,,,,,,,,,,,,,
1827068,欧州緑グループ・欧州自由連盟,44568,10233,False,1,,,,,,,,,,,,,,,,,,,,,,,,
1827113,欧州保守改革グループ,69706,25591,False,1,,,,,,,,,,,,,,,,,,,,,,,,
1827123,欧州統一左派・北方緑の左派同盟,53016,14669,False,1,,,,,,,,,,,,,,,,,,,,,,,,
1827137,自由と民主主義のヨーロッパ,43435,11431,False,1,,,,,,,,,,,,,,,,,,,,,,,,
1828444,マレマトロウ自由党,31734,7452,False,1,,,,,,,,,,,,,,,,,,,,,,,,
1828666,カハ,42021,11130,False,0,,,,,,,,,,,,,,,,,,,,,,,,
1829249,バソト国民党,36012,9003,False,1,,,,,,,,,,,,,,,,,,,,,,,,
1830033,レソト労働党,31310,7339,False,1,,,,,,,,,,,,,,,,,,,,,,,,
1830614,全バソト会議,36579,8762,False,1,,,,,,,,,,,,,,,,,,,,,,,,
1831492,保守党 (ウガンダ),30248,7048,False,1,,,,,,,,,,,,,,,,,,,,,,,,
1832255,自由党 (エジプト),44328,9027,False,1,,,,,,,,,,,,,,,,,,,,,,,,
1836597,進歩党 (日本 1896-1898),39534,9123,False,1,,,,,,,,,,,,,,,,,,,,,,,,
1836609,進歩党 (日本 1987-1993),45611,12527,False,1,,,,,,,,,,,,,,,,,,,,,,,,
1844070,アフリカ民主連合,27407,8240,False,0,,,,,,,,,,,,,,,,,,,,,,,,
1845415,国益と国民の生活を守る会,56400,15771,False,0,,,,,,,,,,,,,,,,,,,,,,,,
1848421,社会民主党 (東ティモール),29609,7339,False,0,,,,,,,,,,,,,,,,,,,,,,,,
1849335,みんなの党,247615,73052,False,1,,,,,,,,,,,,,,,,,,,,,,,,
1856790,自由党 (ルワンダ),31611,7430,False,1,,,,,,,,,,,,,,,,,,,,,,,,
1858222,ヨーロッパ国民戦線,44150,9737,False,1,,,,,,,,,,,,,,,,,,,,,,,,
1858884,大韓国民党,57731,10916,False,1,,,,,,,,,,,,,,,,,,,,,,,,
1863014,自由党 (日本 1881-1884),42853,10679,False,1,,,,,,,,,,,,,,,,,,,,,,,,
1863020,自由党 (日本 1890-1898),42808,10819,False,1,,,,,,,,,,,,,,,,,,,,,,,,
1863026,日本自由党 (1945-1948),143375,25408,False,1,,,,,,,,,,,,,,,,,,,,,,,,
1863036,民主自由党 (日本),131938,22701,False,1,,,,,,,,,,,,,,,,,,,,,,,,
1863048,自由党 (日本 1950-1955),140231,24989,False,1,,,,,,,,,,,,,,,,,,,,,,,,
1863056,日本自由党 (1953-1954),34151,9057,False,0,,,,,,,,,,,,,,,,,,,,,,,,
1863058,自由党 (日本 1994),32102,8806,False,1,,,,,,,,,,,,,,,,,,,,,,,,
1863060,自由党 (日本 1989 - ),31472,9717,False,0,16,0,0,0,0,0,1,4,6,0,0,0,2,0,0,0,0,2,0,0,0,0,0,1
1865538,民主変革会議,33991,7886,False,1,,,,,,,,,,,,,,,,,,,,,,,,
1867254,ティモール社会民主協会,31141,8050,False,0,,,,,,,,,,,,,,,,,,,,,,,,
1867939,国民統一党 (東ティモール),31762,7370,False,0,,,,,,,,,,,,,,,,,,,,,,,,
1870354,統一党 (リベリア),35784,8410,False,1,,,,,,,,,,,,,,,,,,,,,,,,
1870612,自由党 (オランダ),43402,9949,False,1,,,,,,,,,,,,,,,,,,,,,,,,
1872370,独立社会民主同盟,56466,11829,False,1,,,,,,,,,,,,,,,,,,,,,,,,
1875194,平和民主同盟,33068,7611,False,1,,,,,,,,,,,,,,,,,,,,,,,,
1875804,リベリア人民党,35023,8048,False,1,,,,,,,,,,,,,,,,,,,,,,,,
1877761,統一人民党 (リベリア),34620,7961,False,1,,,,,,,,,,,,,,,,,,,,,,,,
1880408,リベリア行動党,33523,7833,False,1,,,,,,,,,,,,,,,,,,,,,,,,
1882964,幸福実現党,212450,62489,False,1,,,,,,,,,,,,,,,,,,,,,,,,
1883179,インターネット民主党,46107,12621,False,1,,,,,,,,,,,,,,,,,,,,,,,,
1886273,リベリア国民民主党,35788,8696,False,1,,,,,,,,,,,,,,,,,,,,,,,,
1902113,コソボ民主党,40650,9336,False,1,,,,,,,,,,,,,,,,,,,,,,,,
1902140,民主行動党 (コソボ),34566,7714,False,1,,,,,,,,,,,,,,,,,,,,,,,,
1902164,コソボ未来同盟,45716,11382,False,1,,,,,,,,,,,,,,,,,,,,,,,,
1908579,クロアチア民主同盟,73732,24857,False,1,,,,,,,,,,,,,,,,,,,,,,,,
1910071,ケベック党,37440,9499,False,0,,,,,,,,,,,,,,,,,,,,,,,,
1915440,スリランカ人民解放戦線,56411,10554,False,1,,,,,,,,,,,,,,,,,,,,,,,,
1921888,カーボベルデ独立アフリカ党,37233,11194,False,1,,,,,,,,,,,,,,,,,,,,,,,,
1923359,立憲民主連合,37301,8925,False,0,,,,,,,,,,,,,,,,,,,,,,,,
1928795,社会主義労働者党 (アメリカ合衆国),32571,9848,False,0,,,,,,,,,,,,,,,,,,,,,,,,
1929978,日本共産党（ボルシェビキ）,24594,6774,False,0,,,,,,,,,,,,,,,,,,,,,,,,
1931112,英国共産党,46100,10256,False,1,,,,,,,,,,,,,,,,,,,,,,,,
1931934,改革の会,22561,6463,False,0,,,,,,,,,,,,,,,,,,,,,,,,
1933955,労働党 (アイルランド),40022,8936,False,1,,,,,,,,,,,,,,,,,,,,,,,,
1933959,緑の党 (アイルランド),64720,11195,False,1,,,,,,,,,,,,,,,,,,,,,,,,
1934706,アイルランド共産党,45444,10363,False,1,,,,,,,,,,,,,,,,,,,,,,,,
1935477,国民民主運動,25420,6859,False,0,,,,,,,,,,,,,,,,,,,,,,,,
1936237,スリランカ共産党,52043,9537,False,1,,,,,,,,,,,,,,,,,,,,,,,,
1936241,スリランカ人民党,50064,9105,False,1,,,,,,,,,,,,,,,,,,,,,,,,
1936337,民族解放人民党,47456,8720,False,1,,,,,,,,,,,,,,,,,,,,,,,,
1936344,民主統一国民戦線,53703,9755,False,1,15,0,1,0,0,0,1,1,4,2,0,0,2,2,1,0,0,0,0,0,0,0,0,1
1939741,西部人民戦線,49035,8846,False,1,,,,,,,,,,,,,,,,,,,,,,,,
1939945,全セイロン・タミル会議,55680,9657,False,1,,,,,,,,,,,,,,,,,,,,,,,,
1940444,統一国民党 (スリランカ),61849,12690,False,1,,,,,,,,,,,,,,,,,,,,,,,,
1940501,スリナム国民党,31650,7315,False,0,6,0,0,0,0,0,1,0,2,1,0,0,0,0,0,0,0,0,0,1,0,0,0,1
1940507,進歩改革党 (スリナム),28585,6526,False,0,,,,,,,,,,,,,,,,,,,,,,,,
1940823,社会主義労働党 (英国),24464,6685,False,0,,,,,,,,,,,,,,,,,,,,,,,,
1942020,スイス社会民主党,47251,12323,False,1,,,,,,,,,,,,,,,,,,,,,,,,
1942080,市民民主党 (チェコ),63811,14455,False,1,38,0,6,0,0,0,2,4,6,4,3,0,2,1,0,0,0,3,0,6,0,0,0,1
1944682,スイスキリスト教民主党,47128,10182,False,1,,,,,,,,,,,,,,,,,,,,,,,,
1946517,キリスト教社会党 (スイス),27889,7471,False,0,,,,,,,,,,,,,,,,,,,,,,,,
1948024,左翼同盟 (フィンランド),52915,12077,False,1,52,1,7,0,1,1,4,6,4,6,4,2,3,7,2,0,0,1,1,0,0,1,0,1
1950353,フィンランド社会民主党,39564,9272,False,1,27,0,5,0,0,0,1,1,7,4,3,0,2,0,1,1,0,0,0,1,0,0,0,1
1950452,国民連合党,46187,10360,False,1,,,,,,,,,,,,,,,,,,,,,,,,
1951157,真のフィンランド人,54629,11288,False,1,,,,,,,,,,,,,,,,,,,,,,,,
1951181,スウェーデン人民党 (フィンランド),45352,10092,False,1,,,,,,,,,,,,,,,,,,,,,,,,
1951397,緑の同盟,58506,12064,False,1,,,,,,,,,,,,,,,,,,,,,,,,
1951849,キリスト教民主党 (フィンランド),46836,9737,False,1,33,0,6,0,1,1,2,1,7,5,2,0,2,1,1,0,0,1,1,0,0,1,0,1
1951969,社会主義左翼党 (ノルウェー),62544,12398,False,1,,,,,,,,,,,,,,,,,,,,,,,,
1952087,ドイツ海賊党,104196,22421,False,1,,,,,,,,,,,,,,,,,,,,,,,,
1952381,ドイツ少数民族,38699,10221,False,1,,,,,,,,,,,,,,,,,,,,,,,,
1953645,タール (イスラエル),33562,8487,False,0,,,,,,,,,,,,,,,,,,,,,,,,
1953649,イギリス国民党,68863,13719,False,1,,,,,,,,,,,,,,,,,,,,,,,,
1954527,イギリスファシスト党,33282,11843,False,0,,,,,,,,,,,,,,,,,,,,,,,,
1956858,フェミニスト・イニシアティヴ,46983,10686,False,1,,,,,,,,,,,,,,,,,,,,,,,,
1957413,スイス緑の党,57007,11968,False,1,,,,,,,,,,,,,,,,,,,,,,,,
1957470,労働党 (メキシコ),36228,8093,False,1,,,,,,,,,,,,,,,,,,,,,,,,
1958879,マラウイ会議党,49755,11157,False,0,,,,,,,,,,,,,,,,,,,,,,,,
1959060,統一民主戦線 (マラウイ),49612,10658,False,0,,,,,,,,,,,,,,,,,,,,,,,,
1959090,ブラジル民主運動党,55619,13095,False,1,37,0,8,0,0,0,1,3,5,5,0,0,2,2,1,1,0,1,0,7,0,0,0,1
1959111,民主労働党 (ブラジル),46584,10123,False,1,,,,,,,,,,,,,,,,,,,,,,,,
1964371,国家社会主義自由運動,55832,18039,False,0,,,,,,,,,,,,,,,,,,,,,,,,
1966795,全インド草の根会議派,46199,11509,False,1,,,,,,,,,,,,,,,,,,,,,,,,
1967153,リトアニア・ユダヤ人労働者総同盟,33768,8973,False,0,10,0,1,0,0,0,0,0,1,2,0,2,0,3,0,0,0,0,0,0,0,0,1,0
1967320,自由同盟 (デンマーク),71396,14037,False,1,,,,,,,,,,,,,,,,,,,,,,,,
1967534,反EU国民運動,44770,10274,False,1,,,,,,,,,,,,,,,,,,,,,,,,
1968281,中央党 (ノルウェー),54144,11915,False,1,,,,,,,,,,,,,,,,,,,,,,,,
1968376,キリスト教民主党 (ノルウェー),62683,13894,False,1,,,,,,,,,,,,,,,,,,,,,,,,
1969903,ドイツ民族自由党,66220,15687,False,0,,,,,,,,,,,,,,,,,,,,,,,,
1970786,民主ターンハーレ同盟,33230,8504,False,1,,,,,,,,,,,,,,,,,,,,,,,,
1970807,ムグウイリザノ連合,47518,9366,False,0,,,,,,,,,,,,,,,,,,,,,,,,
1971400,ノルウェー自由党,61139,14931,False,1,,,,,,,,,,,,,,,,,,,,,,,,
1972253,キリスト教民主アピール,58135,16870,False,1,,,,,,,,,,,,,,,,,,,,,,,,
1973082,労働党 (オランダ),80089,20020,False,1,,,,,,,,,,,,,,,,,,,,,,,,
1975061,新ワフド党,44939,9908,False,0,,,,,,,,,,,,,,,,,,,,,,,,
1975088,国民統一進歩党,58866,12139,False,1,,,,,,,,,,,,,,,,,,,,,,,,
1975100,ガド党,45198,9852,False,0,,,,,,,,,,,,,,,,,,,,,,,,
1975815,ブラジル共産党,55241,12890,False,1,,,,,,,,,,,,,,,,,,,,,,,,
1976092,社会党 (オランダ),50379,13442,False,1,,,,,,,,,,,,,,,,,,,,,,,,
1981601,民主進歩党 (マラウイ),51129,10758,False,0,,,,,,,,,,,,,,,,,,,,,,,,
1981602,民主同盟 (マラウイ),48095,10045,False,0,7,0,0,0,0,0,0,0,1,3,0,0,1,0,0,1,0,0,0,0,0,0,0,1
1984851,民主社会党 (韓国),59780,11512,False,1,,,,,,,,,,,,,,,,,,,,,,,,
1985426,国民参与党,68948,14157,False,2,,,,,,,,,,,,,,,,,,,,,,,,
1987996,民主社会中道・人民党,54181,13244,False,1,,,,,,,,,,,,,,,,,,,,,,,,
1988715,左翼ブロック,40000,9093,False,1,36,0,7,0,1,1,1,1,3,3,5,0,2,6,1,3,0,1,0,0,0,0,0,1
1988964,ブータン調和党,29551,8033,False,1,19,0,1,0,0,0,2,3,5,2,0,0,2,2,1,0,0,0,0,0,0,0,0,1
1989058,国民民主党 (ブータン),30376,8196,False,1,,,,,,,,,,,,,,,,,,,,,,,,
1989760,ポルトガル共産党,101054,28072,False,1,76,1,14,0,1,1,4,3,6,3,6,0,3,3,2,1,0,11,12,0,0,4,0,1
1994713,エレツ・イスラエル・シェラヌ,41117,10556,False,0,,,,,,,,,,,,,,,,,,,,,,,,
1998372,共和党 (マラウイ),49942,10806,False,0,,,,,,,,,,,,,,,,,,,,,,,,
1999111,ジャールカンド解放戦線,47991,11512,False,1,,,,,,,,,,,,,,,,,,,,,,,,
2000609,バラド,41055,10059,False,1,,,,,,,,,,,,,,,,,,,,,,,,
2001777,キリスト教民主党 (ルワンダ),31134,7355,False,1,7,0,0,0,0,0,0,0,4,2,0,0,0,0,0,0,0,0,0,0,0,0,0,1
2001787,イスラム民主党 (ルワンダ),31729,7471,False,1,,,,,,,,,,,,,,,,,,,,,,,,
2001847,社会民主党 (ルワンダ),31800,7556,False,1,,,,,,,,,,,,,,,,,,,,,,,,
2001895,方向・社会民主主義,54070,14423,False,1,,,,,,,,,,,,,,,,,,,,,,,,
2002038,スロバキア民主キリスト教連合・民主党,57763,15334,False,1,,,,,,,,,,,,,,,,,,,,,,,,
2003615,民主防衛国民会議,32922,8206,False,1,,,,,,,,,,,,,,,,,,,,,,,,
2004436,民主防衛国民会議・民主防衛勢力,35189,8855,False,1,,,,,,,,,,,,,,,,,,,,,,,,
2004976,ブルンジ民主戦線,38926,9022,False,1,16,0,3,0,0,0,2,2,4,2,0,0,2,1,0,0,0,0,0,0,0,0,0,0
2005508,民族再生党,31485,7611,False,1,,,,,,,,,,,,,,,,,,,,,,,,
2006849,民族進歩連合,31812,7623,False,1,,,,,,,,,,,,,,,,,,,,,,,,
2007085,国民解放党,35625,8453,False,1,,,,,,,,,,,,,,,,,,,,,,,,
2008053,ロシア独立民主党,42504,10169,False,1,,,,,,,,,,,,,,,,,,,,,,,,
2009520,緑の党 (メキシコ),71355,18353,False,1,,,,,,,,,,,,,,,,,,,,,,,,
2010908,進歩愛国戦線,40946,9526,False,1,,,,,,,,,,,,,,,,,,,,,,,,
2012479,イスラエル共産党,46383,13334,False,1,,,,,,,,,,,,,,,,,,,,,,,,
2012755,オーストラリアセックス党,34328,8951,False,1,,,,,,,,,,,,,,,,,,,,,,,,
2019137,社会民主党 (アンドラ),29477,7567,False,1,,,,,,,,,,,,,,,,,,,,,,,,
2019534,アフガニスタン・イスラム統一党,35506,9088,False,1,,,,,,,,,,,,,,,,,,,,,,,,
2022661,欧州自由同盟,40230,8805,False,1,,,,,,,,,,,,,,,,,,,,,,,,
2024199,共和国防衛同盟 (ルワンダ),27130,7513,False,0,13,2,0,0,0,0,0,1,3,1,0,0,1,1,0,0,0,0,0,1,0,3,0,0
2026379,開発国民革命運動,26769,7772,False,0,,,,,,,,,,,,,,,,,,,,,,,,
2032503,共和党 (中華民国),38861,9377,False,1,,,,,,,,,,,,,,,,,,,,,,,,
2032843,国民協進会,33371,8520,False,0,,,,,,,,,,,,,,,,,,,,,,,,
2032857,統一共和党,31368,7982,False,0,,,,,,,,,,,,,,,,,,,,,,,,
2032872,民主党 (中華民国),36234,8649,False,1,,,,,,,,,,,,,,,,,,,,,,,,
2032879,国民共進会,36747,8810,False,1,,,,,,,,,,,,,,,,,,,,,,,,
2033156,進歩党 (中華民国),38896,10871,False,0,,,,,,,,,,,,,,,,,,,,,,,,
2033202,中国社会党,31556,8590,False,0,,,,,,,,,,,,,,,,,,,,,,,,
2033926,ワン・ネイション,38762,9052,False,1,,,,,,,,,,,,,,,,,,,,,,,,
2040300,公民党 (中華民国),33382,9173,False,0,,,,,,,,,,,,,,,,,,,,,,,,
2040301,家族優先党,34226,8305,False,0,,,,,,,,,,,,,,,,,,,,,,,,
2041455,ブラジル社会民主党,55112,12469,False,1,,,,,,,,,,,,,,,,,,,,,,,,
2043013,大中党,31455,8208,False,0,,,,,,,,,,,,,,,,,,,,,,,,
2046300,テルグ・デサム党,50159,11212,False,1,,,,,,,,,,,,,,,,,,,,,,,,
2046776,地方自由党,37395,8686,False,0,,,,,,,,,,,,,,,,,,,,,,,,
2049171,民主連合 (ポーランド),26588,7396,False,1,,,,,,,,,,,,,,,,,,,,,,,,
2050512,大阪維新の会,187652,62099,False,1,,,,,,,,,,,,,,,,,,,,,,,,
2055158,たちあがれ日本,181617,56156,False,1,,,,,,,,,,,,,,,,,,,,,,,,
2055750,国民中心連合,57651,11266,False,2,,,,,,,,,,,,,,,,,,,,,,,,
2058166,民憲党,31226,8128,False,0,,,,,,,,,,,,,,,,,,,,,,,,
2058370,よい国つくろう!日本志民会議,33494,10124,False,0,,,,,,,,,,,,,,,,,,,,,,,,
2060915,イスティクラル党,37687,8356,False,0,,,,,,,,,,,,,,,,,,,,,,,,
2061145,統一進歩同盟,44511,10247,False,0,,,,,,,,,,,,,,,,,,,,,,,,
2061211,国民民主同盟 (インド),44926,10237,False,0,,,,,,,,,,,,,,,,,,,,,,,,
2061276,左翼戦線,45614,10320,False,0,,,,,,,,,,,,,,,,,,,,,,,,
2062417,緑の党 (オーストリア),67410,12568,False,1,37,0,9,0,1,1,1,3,4,4,5,0,1,4,1,0,0,0,0,3,0,0,0,0
2062513,ボヘミア・モラビア共産党,80624,18663,False,1,,,,,,,,,,,,,,,,,,,,,,,,
2062657,セルビア急進党,53078,11371,False,1,,,,,,,,,,,,,,,,,,,,,,,,
2062893,セルビア社会党,68264,14488,False,1,48,0,10,0,1,1,3,3,4,8,0,0,3,7,1,0,0,1,0,4,0,1,0,1
2063101,チェコ社会民主党,63415,15135,False,1,,,,,,,,,,,,,,,,,,,,,,,,
2063189,民主左翼党 (スロバキア),47127,12368,False,1,,,,,,,,,,,,,,,,,,,,,,,,
2063222,民主党 (セルビア),68890,15384,False,1,,,,,,,,,,,,,,,,,,,,,,,,
2063478,緑の党 (チェコ),55436,11458,False,0,,,,,,,,,,,,,,,,,,,,,,,,
2065434,アクシュムカル,32213,8391,False,1,,,,,,,,,,,,,,,,,,,,,,,,
2065455,尊厳 (キルギスの政党),33047,8868,False,1,,,,,,,,,,,,,,,,,,,,,,,,
2066125,輝く道 (キルギス),32868,8538,False,1,,,,,,,,,,,,,,,,,,,,,,,,
2066163,キルギス社会民主党,33850,8880,False,1,,,,,,,,,,,,,,,,,,,,,,,,
2067344,G17プラス,47034,9863,False,1,,,,,,,,,,,,,,,,,,,,,,,,
2067382,セルビア民主党 (セルビア),58707,12408,False,1,,,,,,,,,,,,,,,,,,,,,,,,
2067406,セルビア再生運動,57354,11548,False,1,,,,,,,,,,,,,,,,,,,,,,,,
2067454,アメリカ民主社会主義者,55287,11698,False,1,,,,,,,,,,,,,,,,,,,,,,,,
2070965,赤 (ノルウェー),46680,10136,False,1,,,,,,,,,,,,,,,,,,,,,,,,
2072000,アルバニア社会党,46736,10442,False,1,,,,,,,,,,,,,,,,,,,,,,,,
2072026,アルバニア民主党,43706,10093,False,1,,,,,,,,,,,,,,,,,,,,,,,,
2072282,アメリカ社会民主党,33347,8729,False,1,,,,,,,,,,,,,,,,,,,,,,,,
2072918,減税日本,244928,64035,False,1,,,,,,,,,,,,,,,,,,,,,,,,
2073567,プライド・カムリ,62279,12067,False,1,,,,,,,,,,,,,,,,,,,,,,,,
2073653,ヨッビク,46357,10964,False,1,,,,,,,,,,,,,,,,,,,,,,,,
2073955,草莽全国地方議員の会,39348,10330,False,1,18,0,2,0,0,0,2,1,0,2,0,0,2,0,1,0,0,3,0,0,0,3,1,1
2074385,全国ジャナタ・ダル,44556,11118,False,0,,,,,,,,,,,,,,,,,,,,,,,,
2074510,ジャナタ・ダル (世俗派),42300,9923,False,0,,,,,,,,,,,,,,,,,,,,,,,,
2074534,ジャナタ・ダル (統一派),41926,9873,False,0,,,,,,,,,,,,,,,,,,,,,,,,
2074561,ビジュ・ジャナタ・ダル,40180,9074,False,0,,,,,,,,,,,,,,,,,,,,,,,,
2074594,全国ローク・ダル,39582,9010,False,0,,,,,,,,,,,,,,,,,,,,,,,,
2077099,民主人道主義中道派,42512,9862,False,1,,,,,,,,,,,,,,,,,,,,,,,,
2077145,社会党 (ベルギー・ワロン地域),45519,10733,False,1,,,,,,,,,,,,,,,,,,,,,,,,
2077166,改革運動,42215,10652,False,1,42,0,5,0,0,0,2,2,4,3,6,0,2,16,1,0,0,0,0,1,0,0,0,0
2077297,フラームス自由民主,46527,10716,False,1,,,,,,,,,,,,,,,,,,,,,,,,
2077375,緑の党 (ノルウェー),37194,8170,False,1,,,,,,,,,,,,,,,,,,,,,,,,
2077377,フラームス・ベランフ,49965,11998,False,1,,,,,,,,,,,,,,,,,,,,,,,,
2077412,エコロ,56130,11803,False,1,,,,,,,,,,,,,,,,,,,,,,,,
2077450,フルン (政党),56495,11229,False,1,,,,,,,,,,,,,,,,,,,,,,,,
2077912,キリスト教民主同盟＝チェコスロバキア人民党,70936,16367,False,1,,,,,,,,,,,,,,,,,,,,,,,,
2079033,モルドバ共和国共産党,62062,13336,False,1,,,,,,,,,,,,,,,,,,,,,,,,
2079148,キリスト教民主フラームス,45356,10659,False,1,,,,,,,,,,,,,,,,,,,,,,,,
2079158,新フラームス同盟,47890,11012,False,1,,,,,,,,,,,,,,,,,,,,,,,,
2079512,社会党・別,44562,10584,False,1,,,,,,,,,,,,,,,,,,,,,,,,
2079566,キリスト教社会党 (ベルギー),42490,9706,False,1,,,,,,,,,,,,,,,,,,,,,,,,
2082179,タイ団結,31558,7556,False,0,,,,,,,,,,,,,,,,,,,,,,,,
2082190,タイ国民発展党,33227,8050,False,0,,,,,,,,,,,,,,,,,,,,,,,,
2082223,新希望党,29492,7461,False,0,,,,,,,,,,,,,,,,,,,,,,,,
2082234,社会行動党,32522,8260,False,0,,,,,,,,,,,,,,,,,,,,,,,,
2082253,タイ誇り党,31919,7931,False,0,,,,,,,,,,,,,,,,,,,,,,,,
2082285,アルメニア革命連盟,41376,9462,False,1,,,,,,,,,,,,,,,,,,,,,,,,
2082331,民主統一党 (北アイルランド),63569,16199,False,1,,,,,,,,,,,,,,,,,,,,,,,,
2083252,社会民主労働党 (北アイルランド),44275,9792,False,1,,,,,,,,,,,,,,,,,,,,,,,,
2083279,イングランド・ウェールズ緑の党,59078,11531,False,1,,,,,,,,,,,,,,,,,,,,,,,,
2084579,アルスター統一党,50062,10243,False,1,,,,,,,,,,,,,,,,,,,,,,,,
2084940,リスペクト (イギリスの政党),48708,9805,False,1,,,,,,,,,,,,,,,,,,,,,,,,
2085701,進歩統一党,47590,9654,False,1,,,,,,,,,,,,,,,,,,,,,,,,
2085717,スイス自由民主党,46444,9964,False,1,,,,,,,,,,,,,,,,,,,,,,,,
2086608,無所属の会 (会派),39269,12598,False,0,,,,,,,,,,,,,,,,,,,,,,,,
2090776,カザフスタン明るい道民主党,33103,7836,False,1,,,,,,,,,,,,,,,,,,,,,,,,
2091327,カザフスタン共産党,37477,9684,False,1,,,,,,,,,,,,,,,,,,,,,,,,
2092619,バングラデシュ労働者党,37466,8240,False,1,,,,,,,,,,,,,,,,,,,,,,,,
2092871,オーストリア共産党,59218,11391,False,1,,,,,,,,,,,,,,,,,,,,,,,,
2096439,アルバニア労働党,49386,12183,False,1,,,,,,,,,,,,,,,,,,,,,,,,
2098021,変革のための同盟,37043,8922,False,1,,,,,,,,,,,,,,,,,,,,,,,,
2104339,愛国再建同盟,27372,7018,False,0,,,,,,,,,,,,,,,,,,,,,,,,
2127950,日本創新党,150164,37114,False,1,,,,,,,,,,,,,,,,,,,,,,,,
2130336,グレートブリテン社会党,68379,15462,False,1,,,,,,,,,,,,,,,,,,,,,,,,
2130569,イギリス社会党,44537,9250,False,1,,,,,,,,,,,,,,,,,,,,,,,,
2131354,ブラジル統合主義運動,57665,12724,False,0,,,,,,,,,,,,,,,,,,,,,,,,
2139544,欧州保守改革同盟,56469,11635,False,1,,,,,,,,,,,,,,,,,,,,,,,,
2143192,九州改進党,22964,7115,False,0,,,,,,,,,,,,,,,,,,,,,,,,
2164063,イヌイット友愛党,38085,8860,False,1,,,,,,,,,,,,,,,,,,,,,,,,
2171391,共産主義者同盟赤軍派（プロレタリア革命派）,60754,15040,False,0,,,,,,,,,,,,,,,,,,,,,,,,
2174705,連邦団結発展党,41546,10127,False,1,,,,,,,,,,,,,,,,,,,,,,,,
2193863,希望 (政党),26700,7326,False,0,,,,,,,,,,,,,,,,,,,,,,,,
2197165,クロアチア社会民主党,38823,9385,False,1,,,,,,,,,,,,,,,,,,,,,,,,
2211504,急進市民同盟,61112,17157,False,1,,,,,,,,,,,,,,,,,,,,,,,,
2213740,国民統合21,53995,10297,False,2,,,,,,,,,,,,,,,,,,,,,,,,
2218386,イタリア・ナショナリスト協会,38856,10651,False,1,,,,,,,,,,,,,,,,,,,,,,,,
2218717,国民民主勢力,38923,10124,False,1,,,,,,,,,,,,,,,,,,,,,,,,
2218725,イタリア戦闘者ファッシ,30608,8548,False,1,32,0,3,0,0,0,6,1,3,3,0,3,2,1,1,4,0,0,0,0,0,1,3,1
2219155,共和ファシスト党,37630,8979,False,1,,,,,,,,,,,,,,,,,,,,,,,,
2227664,大ドイツ民族共同体,40821,12694,False,0,,,,,,,,,,,,,,,,,,,,,,,,
2230149,カレンニー民族進歩党,27435,7186,False,0,,,,,,,,,,,,,,,,,,,,,,,,
2232021,イタリアのための未来と自由,41153,10170,False,1,,,,,,,,,,,,,,,,,,,,,,,,
2236281,新国民党 (グレナダ),34546,9215,False,1,,,,,,,,,,,,,,,,,,,,,,,,
2236304,国民民主会議 (グレナダ),32585,8258,False,1,,,,,,,,,,,,,,,,,,,,,,,,
2239597,国民民主会議 (ガーナ),58737,12838,False,1,,,,,,,,,,,,,,,,,,,,,,,,
2240617,ロシアファシスト党,69349,15781,False,1,,,,,,,,,,,,,,,,,,,,,,,,
2251918,シリア社会民族党,56300,13024,False,1,,,,,,,,,,,,,,,,,,,,,,,,
2258935,ベネズエラ共産党,49427,14563,False,1,,,,,,,,,,,,,,,,,,,,,,,,
2262226,市民フォーラム,29571,9190,False,0,,,,,,,,,,,,,,,,,,,,,,,,
2267792,市民民主同盟,38564,9050,False,0,13,0,3,0,0,0,0,0,2,2,0,0,2,1,0,0,0,0,0,0,0,0,2,1
2271067,フィリピン共産党 (CPP),51075,11250,False,1,,,,,,,,,,,,,,,,,,,,,,,,
2280011,ヨーロッパ・エコロジー＝緑の党,69106,15933,False,1,,,,,,,,,,,,,,,,,,,,,,,,
2283171,全インド統一ムスリム評議会,44933,10246,False,0,,,,,,,,,,,,,,,,,,,,,,,,
2295757,民主主義回復フォーラム (ケニア),39332,9765,False,0,,,,,,,,,,,,,,,,,,,,,,,,
2296954,民主主義回復フォーラム・アシリ,40126,9930,False,0,,,,,,,,,,,,,,,,,,,,,,,,
2297138,新民党 (香港),53037,9420,False,2,,,,,,,,,,,,,,,,,,,,,,,,
2305705,フランス社会党 (SFIO),62568,21477,False,0,,,,,,,,,,,,,,,,,,,,,,,,
2307745,フランス労働党 (POF),32057,9571,False,0,,,,,,,,,,,,,,,,,,,,,,,,
2307764,フランス国社会党,28869,8208,False,0,,,,,,,,,,,,,,,,,,,,,,,,
2308310,フランス社会党 (PSF),28653,8230,False,0,29,0,3,0,0,0,0,0,5,3,3,3,2,7,0,0,0,0,0,0,0,0,2,1
2308365,統一社会党 (フランス),33891,10046,False,0,,,,,,,,,,,,,,,,,,,,,,,,
2308971,フランス社会主義労働者連盟,29224,8287,False,0,,,,,,,,,,,,,,,,,,,,,,,,
2308976,革命的社会主義労働党,26667,7514,False,0,,,,,,,,,,,,,,,,,,,,,,,,
2308980,革命的社会党 (フランス),26441,7215,False,0,,,,,,,,,,,,,,,,,,,,,,,,
2310907,ボツワナ民主運動,31337,7875,False,0,,,,,,,,,,,,,,,,,,,,,,,,
2311064,日本一愛知の会,76421,26365,False,1,,,,,,,,,,,,,,,,,,,,,,,,
2311090,民主進歩連合 (チャド),32038,7540,False,0,,,,,,,,,,,,,,,,,,,,,,,,
2320284,市民民主党 (リトアニア),37151,8795,False,0,,,,,,,,,,,,,,,,,,,,,,,,
2326190,ドイツ国家社会主義労働者党,77044,16226,False,0,,,,,,,,,,,,,,,,,,,,,,,,
2333971,リトアニア・ロシア人同盟,37534,8688,False,1,,,,,,,,,,,,,,,,,,,,,,,,
2335681,人民党・民主スロバキア運動,49134,13376,False,1,,,,,,,,,,,,,,,,,,,,,,,,
2335747,キリスト教民主運動,52670,13446,False,1,,,,,,,,,,,,,,,,,,,,,,,,
2336212,中小企業生活党,28044,9049,False,0,,,,,,,,,,,,,,,,,,,,,,,,
2337444,表現の自由党,29733,9109,False,0,,,,,,,,,,,,,,,,,,,,,,,,
2339079,モーター新党,26449,7858,False,0,,,,,,,,,,,,,,,,,,,,,,,,
2340329,自由連合 (ポーランド),28048,7915,False,1,,,,,,,,,,,,,,,,,,,,,,,,
2340498,地球維新党,29234,9068,False,0,,,,,,,,,,,,,,,,,,,,,,,,
2341143,新民党 (1960-1961),59679,11682,False,1,,,,,,,,,,,,,,,,,,,,,,,,
2341895,市民の党「自由と責任」,33221,9503,False,1,,,,,,,,,,,,,,,,,,,,,,,,
2346483,カナダ緑の党,58732,14232,False,1,,,,,,,,,,,,,,,,,,,,,,,,
2348810,黒色戦線,84005,16590,False,1,,,,,,,,,,,,,,,,,,,,,,,,
2361848,リトアニア共産党,40027,11103,False,0,,,,,,,,,,,,,,,,,,,,,,,,
2363035,ドイツ民主農民党,69697,16605,False,1,,,,,,,,,,,,,,,,,,,,,,,,
2368382,地域政党いわて,51512,15832,False,1,,,,,,,,,,,,,,,,,,,,,,,,
2369635,シンガポール労働者党,38053,7551,False,1,,,,,,,,,,,,,,,,,,,,,,,,
2371517,フエルサ2011,36224,8471,False,1,,,,,,,,,,,,,,,,,,,,,,,,
2375464,ドイツ共産党 (DKP),69891,15457,False,1,,,,,,,,,,,,,,,,,,,,,,,,
2378520,イタリア共和党,52764,13300,False,1,,,,,,,,,,,,,,,,,,,,,,,,
2378878,南チロル人民党,53202,12709,False,1,53,0,13,0,0,0,0,1,6,2,0,0,3,0,14,2,0,0,0,0,9,2,0,1
2382518,国民協会 (日本 1892-1899),26907,8063,False,0,,,,,,,,,,,,,,,,,,,,,,,,
2382534,国民協会 (日本 1933-1937),32833,7622,False,0,,,,,,,,,,,,,,,,,,,,,,,,
2384656,イタリア社会党 (2007-),62305,12578,False,1,,,,,,,,,,,,,,,,,,,,,,,,
2385137,秋田中正党,29039,8150,False,0,,,,,,,,,,,,,,,,,,,,,,,,
2385138,秋田改進党,28970,8431,False,0,,,,,,,,,,,,,,,,,,,,,,,,
2385380,イタリア人民党 (1994-2002),45405,10582,False,1,,,,,,,,,,,,,,,,,,,,,,,,
2388067,京都党,56296,15906,False,1,,,,,,,,,,,,,,,,,,,,,,,,
2389440,フランス人民党,23676,6383,False,1,,,,,,,,,,,,,,,,,,,,,,,,
2390378,松山維新の会,54492,14497,False,1,,,,,,,,,,,,,,,,,,,,,,,,
2391137,MPD・平和と民主運動,58677,20251,False,0,,,,,,,,,,,,,,,,,,,,,,,,
2391770,埼玉改援隊,58044,21956,False,1,,,,,,,,,,,,,,,,,,,,,,,,
2392423,日本大衆党,35969,8038,False,1,16,0,1,0,0,0,1,2,0,2,0,2,1,5,0,0,0,0,0,0,0,0,1,1
2392524,ポーランド社会党,29315,9031,False,1,39,0,4,0,0,0,0,0,9,3,1,4,4,0,0,0,0,2,0,0,8,0,3,1
2396006,全人民会議,39362,9950,False,0,,,,,,,,,,,,,,,,,,,,,,,,
2399361,銀共和党,21890,6558,False,0,,,,,,,,,,,,,,,,,,,,,,,,
2400559,カンプチア共産党,45160,10968,False,1,60,1,7,0,0,0,5,3,11,3,0,13,2,2,0,2,0,0,0,2,7,0,2,0
2403855,吹田新選会,41560,11153,False,1,,,,,,,,,,,,,,,,,,,,,,,,
2426707,実学党,28695,9115,False,0,,,,,,,,,,,,,,,,,,,,,,,,
2431115,国家社会主義党 (イギリス),28166,8371,False,0,26,0,8,0,0,0,0,0,8,1,0,3,1,2,0,0,0,0,0,0,0,1,2,0
2431693,ブルトン国家党,36423,9437,False,0,,,,,,,,,,,,,,,,,,,,,,,,
2434986,ルーマニアファシスト党,28156,7542,False,1,,,,,,,,,,,,,,,,,,,,,,,,
2435031,国家ファシスト運動 (ルーマニア),26011,7146,False,1,,,,,,,,,,,,,,,,,,,,,,,,
2435953,アルバニアファシスト党,32995,9695,False,1,,,,,,,,,,,,,,,,,,,,,,,,
2440185,進歩党 (ブラジル),64998,12354,False,1,,,,,,,,,,,,,,,,,,,,,,,,
2442635,全国大衆党,36756,7962,False,1,,,,,,,,,,,,,,,,,,,,,,,,
2448619,みんなの運動,43571,10845,False,1,,,,,,,,,,,,,,,,,,,,,,,,
2455320,ナフダ,62426,14354,False,1,,,,,,,,,,,,,,,,,,,,,,,,
2455825,エタカトル,40441,8917,False,1,,,,,,,,,,,,,,,,,,,,,,,,
2475127,公正発展党 (モロッコ),34980,7815,False,0,,,,,,,,,,,,,,,,,,,,,,,,
2476215,セルビア進歩党,56777,11508,False,1,,,,,,,,,,,,,,,,,,,,,,,,
2477457,アマユール,49605,11591,False,1,,,,,,,,,,,,,,,,,,,,,,,,
2480926,ラトビア農民連合,37755,10286,False,0,16,0,1,0,0,0,1,3,3,1,0,0,1,0,0,1,0,0,0,2,0,2,0,1
2481405,カナダ改革党,33135,11080,False,0,,,,,,,,,,,,,,,,,,,,,,,,
2484002,統合進歩党,280076,72083,False,2,206,24,5,0,0,0,14,22,39,13,0,2,3,46,2,15,0,13,1,0,0,0,4,3
2484861,民主党 (韓国 2011-2014),269721,67476,False,2,,,,,,,,,,,,,,,,,,,,,,,,
2489618,自由と公正党,73866,15286,False,1,,,,,,,,,,,,,,,,,,,,,,,,
2490656,新党大地 (2012-),78818,20756,False,1,,,,,,,,,,,,,,,,,,,,,,,,
2494339,赤道ギニア国民民主連合,34430,8017,False,1,,,,,,,,,,,,,,,,,,,,,,,,
2495660,新しい政治の形,69643,15977,False,1,,,,,,,,,,,,,,,,,,,,,,,,
2498612,愛媛維新の会,54068,13317,False,1,,,,,,,,,,,,,,,,,,,,,,,,
2503190,自由エジプト人党,41931,8677,False,0,,,,,,,,,,,,,,,,,,,,,,,,
2505793,イスラム行動戦線,30775,7447,False,0,,,,,,,,,,,,,,,,,,,,,,,,
2506108,ナバーラ住民連合,71197,16207,False,1,,,,,,,,,,,,,,,,,,,,,,,,
2507284,新党きづな,55902,14232,False,1,,,,,,,,,,,,,,,,,,,,,,,,
2508502,建設発展党,46571,9705,False,0,,,,,,,,,,,,,,,,,,,,,,,,
2509101,ワサト党,43298,9508,False,0,,,,,,,,,,,,,,,,,,,,,,,,
2510126,マパム,26213,8035,False,0,,,,,,,,,,,,,,,,,,,,,,,,
2510336,マパイ,28521,8844,False,0,,,,,,,,,,,,,,,,,,,,,,,,
2514103,ヌール党,52069,10688,False,1,,,,,,,,,,,,,,,,,,,,,,,,
2515597,民主的諸地域党,57920,16211,False,1,,,,,,,,,,,,,,,,,,,,,,,,
2528221,西予維新の会,39971,9538,False,1,,,,,,,,,,,,,,,,,,,,,,,,
2532957,自由土地党,47672,15763,False,0,,,,,,,,,,,,,,,,,,,,,,,,
2534131,緑色党,83782,18323,False,2,49,0,17,0,2,1,2,1,12,2,1,0,3,0,1,0,0,0,0,0,0,4,0,3
2538475,国民の考え,62067,11639,False,2,21,0,2,0,0,0,3,3,2,2,0,0,3,0,1,0,0,0,0,0,0,0,2,3
2544745,同盟90,64096,14338,False,0,,,,,,,,,,,,,,,,,,,,,,,,
2544848,東ドイツ緑の党,62400,13717,False,0,,,,,,,,,,,,,,,,,,,,,,,,
2545019,新フォーラム,72784,17154,False,0,,,,,,,,,,,,,,,,,,,,,,,,
2545027,民主主義を今,57943,12300,False,0,19,0,5,0,0,0,0,0,4,4,0,2,1,0,0,0,0,1,0,0,0,1,1,0
2545729,民主主義の出発,61506,13716,False,0,,,,,,,,,,,,,,,,,,,,,,,,
2545757,ドイツ社会同盟,60115,13216,False,0,,,,,,,,,,,,,,,,,,,,,,,,
2546345,ドイツキリスト教民主同盟 (東ドイツ),79102,17298,False,1,,,,,,,,,,,,,,,,,,,,,,,,
2547639,ドナルドダック党,31502,8941,False,1,,,,,,,,,,,,,,,,,,,,,,,,
2549648,ドイツ国家民主党 (東ドイツ),59951,12605,False,1,,,,,,,,,,,,,,,,,,,,,,,,
2549777,ドイツ・フォーラム党,54069,11163,False,0,,,,,,,,,,,,,,,,,,,,,,,,
2552748,黄金の夜明け (ギリシャの政党),86244,20596,False,1,,,,,,,,,,,,,,,,,,,,,,,,
2556462,大日本愛国党,57453,15888,False,1,,,,,,,,,,,,,,,,,,,,,,,,
2557596,パレスチナ人民党,35050,8446,False,1,24,0,7,0,0,0,1,1,5,4,0,0,2,0,0,0,0,3,0,0,0,0,0,1
2557643,ワフド党,28503,7605,False,0,14,0,3,0,0,0,0,0,1,4,0,0,2,0,0,0,0,1,0,0,0,1,1,1
2566645,尊厳党 (エジプト),40817,8559,False,0,,,,,,,,,,,,,,,,,,,,,,,,
2567067,左翼党 (フランス),49467,10488,False,1,,,,,,,,,,,,,,,,,,,,,,,,
2573384,ガリシア社会主義者党,36481,10595,False,1,20,3,5,0,0,0,1,1,6,0,0,0,0,0,4,0,0,0,0,0,0,0,0,0
2573718,ルクセンブルク社会主義労働者党,42026,9269,False,1,,,,,,,,,,,,,,,,,,,,,,,,
2573852,キリスト教社会人民党,46707,10477,False,1,,,,,,,,,,,,,,,,,,,,,,,,
2574351,ガリシア民族主義ブロック,108849,32553,False,1,,,,,,,,,,,,,,,,,,,,,,,,
2577807,急進左派連合,67623,20606,False,1,,,,,,,,,,,,,,,,,,,,,,,,
2583856,WASG,54577,11907,False,1,,,,,,,,,,,,,,,,,,,,,,,,
2590947,五つ星運動,79134,18206,False,1,,,,,,,,,,,,,,,,,,,,,,,,
2591428,国民民主党 (チェコスロバキア),24762,7262,False,0,23,0,2,0,0,0,2,0,4,1,0,2,1,4,0,2,0,1,2,2,0,0,0,0
2591820,人民党 (アメリカ),84100,36873,False,0,,,,,,,,,,,,,,,,,,,,,,,,
2592693,南シュレースヴィヒ選挙人同盟,56799,12087,False,1,,,,,,,,,,,,,,,,,,,,,,,,
2596058,ロシア・ソビエト連邦社会主義共和国共産党,37573,10407,False,1,,,,,,,,,,,,,,,,,,,,,,,,
2600289,スロバキア国民党 (1871-1938),26747,8789,False,0,,,,,,,,,,,,,,,,,,,,,,,,
2600305,スロバキア国民党,53210,12284,False,1,,,,,,,,,,,,,,,,,,,,,,,,
2601056,スロバキア人民党,31142,10219,False,0,,,,,,,,,,,,,,,,,,,,,,,,
2601385,モンゴル人民革命党 (2010-),33315,7620,False,1,,,,,,,,,,,,,,,,,,,,,,,,
2601638,アンダルシーア社会労働党,37823,10843,False,1,,,,,,,,,,,,,,,,,,,,,,,,
2602978,グレートブリテン共産党 (マルクス・レーニン主義),53056,10106,False,1,,,,,,,,,,,,,,,,,,,,,,,,
2605512,国民の生活が第一,103225,23766,False,1,,,,,,,,,,,,,,,,,,,,,,,,
2606533,農業党 (チェコスロバキア),32398,11461,False,0,,,,,,,,,,,,,,,,,,,,,,,,
2607150,オランダ国家社会主義運動,32167,9531,False,1,,,,,,,,,,,,,,,,,,,,,,,,
2607480,グレートブリテン共産党 (暫定中央委員会),43073,9397,False,1,,,,,,,,,,,,,,,,,,,,,,,,
2607665,チェコスロバキア国民社会党,31926,9809,False,0,,,,,,,,,,,,,,,,,,,,,,,,
2608172,国民統一党 (チェコスロバキア),22374,6065,False,0,,,,,,,,,,,,,,,,,,,,,,,,
2608994,共和連盟,26527,7032,False,1,,,,,,,,,,,,,,,,,,,,,,,,
2609431,内モンゴル人民革命党,32638,9431,False,0,,,,,,,,,,,,,,,,,,,,,,,,
2609647,みどりの風,87182,23922,False,1,69,0,5,0,0,0,2,2,3,2,0,1,5,8,1,0,0,32,0,0,0,4,3,1
2612817,民主左派,33641,9707,False,1,23,0,6,0,0,0,3,2,3,4,0,0,2,1,1,0,0,0,0,0,0,0,0,1
2613270,国民勢力連合,36220,8248,False,1,,,,,,,,,,,,,,,,,,,,,,,,
2613799,改革無所属の会,35273,9897,False,1,,,,,,,,,,,,,,,,,,,,,,,,
2616930,緑の党グリーンズジャパン,114533,28813,False,1,,,,,,,,,,,,,,,,,,,,,,,,
2618626,パレスチナ解放民主戦線,46112,12119,False,1,,,,,,,,,,,,,,,,,,,,,,,,
2621304,マドリード国民党,36096,8518,False,1,,,,,,,,,,,,,,,,,,,,,,,,
2622563,公正建設党,36470,8088,False,1,,,,,,,,,,,,,,,,,,,,,,,,
2623189,中京維新の会,46907,12168,False,0,12,0,0,0,0,0,0,0,0,0,0,0,3,0,0,0,0,0,0,0,0,6,2,1
2624834,連合・進歩・民主主義,84506,21316,False,1,,,,,,,,,,,,,,,,,,,,,,,,
2631685,国民革新党 (チリ),41186,9270,False,1,,,,,,,,,,,,,,,,,,,,,,,,
2631698,独立民主連合,50270,10748,False,1,,,,,,,,,,,,,,,,,,,,,,,,
2632465,ブルガリア共産党,39207,11137,False,1,52,0,4,0,0,0,1,6,16,5,3,0,3,0,2,0,0,0,0,9,2,0,0,1
2639471,日本維新の会 (2012-2014),290052,93850,False,1,,,,,,,,,,,,,,,,,,,,,,,,
2646485,協同連邦党,28175,8343,False,0,,,,,,,,,,,,,,,,,,,,,,,,
2648336,シッキム民主戦線,54400,14202,False,1,,,,,,,,,,,,,,,,,,,,,,,,
2648850,立憲党,40931,8223,False,1,,,,,,,,,,,,,,,,,,,,,,,,
2649203,東京維新の会 (2012-2013),119451,33990,False,2,,,,,,,,,,,,,,,,,,,,,,,,
2649336,アソム人民会議,49761,12041,False,1,,,,,,,,,,,,,,,,,,,,,,,,
2649425,全インド統一民主戦線,48012,11527,False,1,,,,,,,,,,,,,,,,,,,,,,,,
2649666,ボドランド人民戦線,53055,12993,False,1,,,,,,,,,,,,,,,,,,,,,,,,
2651848,ナガランド人民戦線,51806,12480,False,1,,,,,,,,,,,,,,,,,,,,,,,,
2651957,ジャールカンド開発戦線 (民主主義),48162,10638,False,1,,,,,,,,,,,,,,,,,,,,,,,,
2652602,シッキム国民党,32760,12030,False,0,,,,,,,,,,,,,,,,,,,,,,,,
2653135,シッキム国家会議派,33848,12993,False,0,,,,,,,,,,,,,,,,,,,,,,,,
2653582,シッキム国民会議派,38537,15690,False,0,,,,,,,,,,,,,,,,,,,,,,,,
2654896,シッキム会議派,36447,13693,False,0,,,,,,,,,,,,,,,,,,,,,,,,
2656067,シッキム人民党,26772,8813,False,0,30,0,3,0,0,0,1,1,6,4,0,2,1,7,0,0,0,1,0,0,0,1,2,1
2656528,シッキム人民会議派,31196,11225,False,0,,,,,,,,,,,,,,,,,,,,,,,,
2657278,共和党 (ドイツ),69278,15224,False,1,,,,,,,,,,,,,,,,,,,,,,,,
2658560,正義党 (韓国),118411,31419,False,2,,,,,,,,,,,,,,,,,,,,,,,,
2660112,独立ギリシャ人,41331,10625,False,1,29,0,10,0,0,0,1,2,4,2,0,0,2,4,1,0,0,2,0,0,0,0,0,1
2665551,黒羽織党,100360,46194,False,0,,,,,,,,,,,,,,,,,,,,,,,,
2666982,全ウクライナ連合「自由」,93048,23079,False,1,,,,,,,,,,,,,,,,,,,,,,,,
2667070,ウクライナ共産党,44057,10459,False,1,35,0,5,0,1,0,1,1,9,7,0,0,3,1,1,0,0,3,0,0,0,0,2,1
2667174,UDAR,37771,8539,False,1,,,,,,,,,,,,,,,,,,,,,,,,
2667264,全ウクライナ連合「祖国」,51745,12187,False,1,,,,,,,,,,,,,,,,,,,,,,,,
2677351,太陽の党,94698,27829,False,1,,,,,,,,,,,,,,,,,,,,,,,,
2679187,減税日本・反TPP・脱原発を実現する党,53669,12692,False,1,,,,,,,,,,,,,,,,,,,,,,,,
2681445,進歩社会党 (レバノン),29268,7778,False,1,,,,,,,,,,,,,,,,,,,,,,,,
2681935,東京維新の会,20875,5875,True,0,,,,,,,,,,,,,,,,,,,,,,,,
2683525,日本未来の党,134827,40358,False,1,127,0,12,0,0,0,4,2,10,2,0,13,4,12,1,0,0,44,0,0,2,18,2,1
2689373,TOP 09,60290,11930,False,1,,,,,,,,,,,,,,,,,,,,,,,,
2693268,民主党 (スロバキア),26791,8492,False,0,,,,,,,,,,,,,,,,,,,,,,,,
2697166,ユダヤ人の家,39062,9194,False,1,,,,,,,,,,,,,,,,,,,,,,,,
2700323,自由党 (日本 2016-),187395,43800,False,1,151,0,4,1,1,1,47,12,4,2,0,0,3,50,1,0,1,22,1,0,0,0,0,1
2702555,ヌル・オタン,34248,8786,False,1,27,0,4,0,2,0,2,2,11,2,0,0,1,0,2,0,0,0,0,1,0,0,0,0
2703780,モルドバ共産党 (2011年),38675,8812,False,0,,,,,,,,,,,,,,,,,,,,,,,,
2705404,日本未来の党 (政治団体),57571,13139,False,1,,,,,,,,,,,,,,,,,,,,,,,,
2711250,イタリア同盟,35758,8321,False,1,,,,,,,,,,,,,,,,,,,,,,,,
2714068,モザンビーク民族抵抗運動・選挙連合,35994,8577,False,1,,,,,,,,,,,,,,,,,,,,,,,,
2714527,モザンビーク独立同盟,32527,7685,False,1,,,,,,,,,,,,,,,,,,,,,,,,
2714552,モザンビーク民族主義運動,32907,7813,False,1,,,,,,,,,,,,,,,,,,,,,,,,
2714569,国民会議党 (モザンビーク),32629,7622,False,1,,,,,,,,,,,,,,,,,,,,,,,,
2714949,新しき力,28272,7221,False,1,,,,,,,,,,,,,,,,,,,,,,,,
2716207,エジプト社会民主党,74793,13728,False,1,,,,,,,,,,,,,,,,,,,,,,,,
2717643,エルサルバドル共産党,33745,8608,False,0,,,,,,,,,,,,,,,,,,,,,,,,
2717944,改革支持無党派ブロック,28290,8279,False,1,,,,,,,,,,,,,,,,,,,,,,,,
2718548,イェシュ・アティッド,30852,9068,False,1,,,,,,,,,,,,,,,,,,,,,,,,
2720700,バーモント進歩党,44321,9482,False,1,12,0,3,0,0,0,0,0,2,3,0,0,2,0,2,0,0,0,0,0,0,0,0,0
2722212,国民統一党 (モザンビーク),32637,7627,False,1,,,,,,,,,,,,,,,,,,,,,,,,
2722641,愛国行動戦線,31877,7535,False,1,,,,,,,,,,,,,,,,,,,,,,,,
2722710,モザンビーク人民党,32330,7622,False,1,,,,,,,,,,,,,,,,,,,,,,,,
2722720,モザンビーク統一戦線,32500,7658,False,1,,,,,,,,,,,,,,,,,,,,,,,,
2723267,モザンビーク独立党,31891,7602,False,1,,,,,,,,,,,,,,,,,,,,,,,,
2729766,タミル人民解放の虎,56477,10626,False,1,,,,,,,,,,,,,,,,,,,,,,,,
2731526,シッキム革命戦線,45567,10649,False,1,,,,,,,,,,,,,,,,,,,,,,,,
2731544,統一人民自由同盟,68142,13023,False,1,,,,,,,,,,,,,,,,,,,,,,,,
2732164,独立労働党,94521,34705,False,0,,,,,,,,,,,,,,,,,,,,,,,,
2741954,改革国民政党,76414,14702,False,2,,,,,,,,,,,,,,,,,,,,,,,,
2744956,ウズベキスタン自由民主党,36247,8824,False,1,,,,,,,,,,,,,,,,,,,,,,,,
2744961,ウズベキスタン人民民主党,34894,8299,False,1,,,,,,,,,,,,,,,,,,,,,,,,
2745127,公正社会民主党,34478,7962,False,1,,,,,,,,,,,,,,,,,,,,,,,,
2745136,ウズベキスタン国民復興民主党,40710,9862,False,1,,,,,,,,,,,,,,,,,,,,,,,,
2745139,自己献身・国民民主党,32071,7952,False,0,,,,,,,,,,,,,,,,,,,,,,,,
2745864,ウズベキスタン共産党,38464,9206,False,0,11,0,1,0,0,0,1,1,4,2,0,0,0,1,0,0,0,0,0,0,0,0,0,1
2749334,民主進歩党 (シンガポール),42227,8888,False,1,34,0,2,0,0,0,4,3,9,7,0,0,3,6,0,0,0,0,0,0,0,0,0,0
2749484,日本農民党 (1926-1928),36392,8462,False,0,,,,,,,,,,,,,,,,,,,,,,,,
2749894,民主運動 (カーボベルデ),25926,7828,False,0,,,,,,,,,,,,,,,,,,,,,,,,
2753417,セレカ,40190,11890,False,0,,,,,,,,,,,,,,,,,,,,,,,,
2753755,民主運動党 (キプロス),39155,9265,False,1,,,,,,,,,,,,,,,,,,,,,,,,
2754071,奈良維新の会,40428,9664,False,1,,,,,,,,,,,,,,,,,,,,,,,,
2757729,京都維新の会,70249,16372,False,1,,,,,,,,,,,,,,,,,,,,,,,,
2777010,進歩党 (アメリカ 1948),26818,7179,False,1,,,,,,,,,,,,,,,,,,,,,,,,
2777025,進歩党 (アメリカ 1924),24269,6724,False,0,,,,,,,,,,,,,,,,,,,,,,,,
2777030,進歩党 (アメリカ 1912),27409,7305,False,1,23,0,2,0,0,0,2,1,5,3,0,1,2,2,1,0,0,0,0,2,0,0,1,1
2780308,車会党,40901,10800,False,0,,,,,,,,,,,,,,,,,,,,,,,,
2780789,日本無産党,47654,12533,False,0,34,0,3,0,1,0,5,2,2,1,0,1,3,1,0,9,0,2,0,0,0,2,1,1
2785370,共和国のための会議,76880,16765,False,1,,,,,,,,,,,,,,,,,,,,,,,,
2785425,パキスタン・ムスリム連盟ナワーズ・シャリーフ派,51163,11625,False,1,,,,,,,,,,,,,,,,,,,,,,,,
2785447,パキスタン・ムスリム連盟カーイデ・アーザム派,38861,8799,False,0,,,,,,,,,,,,,,,,,,,,,,,,
2785596,統一民族運動,52460,11348,False,1,,,,,,,,,,,,,,,,,,,,,,,,
2785608,統一行動評議会,35091,8078,False,0,,,,,,,,,,,,,,,,,,,,,,,,
2785732,アワーミー国民党,43613,9921,False,1,,,,,,,,,,,,,,,,,,,,,,,,
2797928,行革110番,27367,8087,False,0,,,,,,,,,,,,,,,,,,,,,,,,
2799561,明るい未来,38136,8064,False,1,,,,,,,,,,,,,,,,,,,,,,,,
2800231,海賊党 (アイスランド),50284,13743,False,1,,,,,,,,,,,,,,,,,,,,,,,,
2812807,無産大衆党,33294,7734,False,0,,,,,,,,,,,,,,,,,,,,,,,,
2815033,サンクム,65164,17941,False,1,,,,,,,,,,,,,,,,,,,,,,,,
2822412,ミュサヴァト党,101400,25497,False,1,82,7,15,0,0,0,2,5,8,10,0,0,4,1,0,1,0,2,12,5,0,9,0,1
2823243,カンボジア救国党,45312,10679,False,1,29,0,4,0,0,0,4,2,4,3,0,0,2,6,1,1,0,1,0,0,0,0,0,1
2829110,自由統一党 (イギリス),39489,10133,False,0,,,,,,,,,,,,,,,,,,,,,,,,
2830773,進歩党 (グリーンランド),38935,8965,False,1,,,,,,,,,,,,,,,,,,,,,,,,
2837167,国民党 (韓国 1971-1973),58969,11942,False,2,,,,,,,,,,,,,,,,,,,,,,,,
2845534,フィンランド共産党,48165,12096,False,1,,,,,,,,,,,,,,,,,,,,,,,,
2850783,エジプト共産党,43722,9237,False,0,,,,,,,,,,,,,,,,,,,,,,,,
2853253,ドイツのための選択肢,281467,96197,False,1,,,,,,,,,,,,,,,,,,,,,,,,
2854839,アルメニア全国民運動,38572,8605,False,1,,,,,,,,,,,,,,,,,,,,,,,,
2863759,平和党 (イギリス),47523,10323,False,1,,,,,,,,,,,,,,,,,,,,,,,,
2867188,ボスニア・ヘルツェゴビナ社会民主党,44838,9820,False,0,14,1,2,0,1,0,1,1,2,1,1,0,1,3,0,0,0,0,0,0,0,0,0,0
2869203,アタ・ジュルト党,29823,7956,False,0,,,,,,,,,,,,,,,,,,,,,,,,
2870957,社会民主党 (スロベニア),55274,13077,False,1,,,,,,,,,,,,,,,,,,,,,,,,
2874585,マケドニア社会民主同盟,39320,9978,False,0,,,,,,,,,,,,,,,,,,,,,,,,
2874587,新社会民主党,32329,7488,False,0,,,,,,,,,,,,,,,,,,,,,,,,
2882586,グレートブリテン共産党,39740,8715,False,1,,,,,,,,,,,,,,,,,,,,,,,,
2885691,左翼・エコロジー・自由,47696,11021,False,1,,,,,,,,,,,,,,,,,,,,,,,,
2886628,新中道右派,36739,8499,False,1,,,,,,,,,,,,,,,,,,,,,,,,
2897231,結いの党,67824,20174,False,1,,,,,,,,,,,,,,,,,,,,,,,,
2899369,新多数派,53656,11607,False,1,,,,,,,,,,,,,,,,,,,,,,,,
2899379,新政治連合,104450,21569,False,2,46,0,3,0,0,0,8,6,7,1,0,4,1,9,0,0,0,0,0,0,0,4,1,2
2903476,カタルーニャ民主協定,31471,7856,False,1,38,0,1,0,0,0,1,1,5,1,0,2,1,21,4,0,0,1,0,0,0,0,0,0
2903609,人民社会党 (スペイン),33313,9135,False,1,35,0,4,0,0,0,3,2,9,2,1,7,2,0,0,0,0,0,0,0,2,0,3,0
2904165,アンダルシーア社会党,38045,10652,False,1,,,,,,,,,,,,,,,,,,,,,,,,
2904609,アンダルシーア国民党,38500,10862,False,1,,,,,,,,,,,,,,,,,,,,,,,,
2904734,ガリシア共産党,43184,13432,False,1,,,,,,,,,,,,,,,,,,,,,,,,
2906086,サンマリノファシスト党,43751,11705,False,1,,,,,,,,,,,,,,,,,,,,,,,,
2912304,社会主義労働者党,25563,7079,True,0,,,,,,,,,,,,,,,,,,,,,,,,
2913200,紀清両党,45324,14062,False,0,,,,,,,,,,,,,,,,,,,,,,,,
2924665,アーム・アードミ党,49387,11471,False,1,,,,,,,,,,,,,,,,,,,,,,,,
2931903,青年エジプト党,32402,9048,False,0,,,,,,,,,,,,,,,,,,,,,,,,
2952212,社会党 (アルゼンチン),49408,13667,False,1,,,,,,,,,,,,,,,,,,,,,,,,
2955520,韓国独立党,51388,12187,False,0,,,,,,,,,,,,,,,,,,,,,,,,
2955904,共に民主党,334547,79289,False,2,,,,,,,,,,,,,,,,,,,,,,,,
2957463,右派セクター,55836,14222,False,1,,,,,,,,,,,,,,,,,,,,,,,,
2957565,アラブ社会党,28744,8187,False,1,,,,,,,,,,,,,,,,,,,,,,,,
2960235,アルゼンチン共産党,45882,13410,False,1,,,,,,,,,,,,,,,,,,,,,,,,
2962708,民族自主連盟,41209,10721,False,1,37,0,4,0,0,0,9,4,4,2,0,0,4,0,1,0,0,4,0,0,0,2,2,1
2979544,経済的解放の闘士,45430,10160,False,1,,,,,,,,,,,,,,,,,,,,,,,,
2989396,ビルドゥ,56499,12311,False,1,,,,,,,,,,,,,,,,,,,,,,,,
2998136,アストゥリエス・ブロック,59001,13092,False,1,,,,,,,,,,,,,,,,,,,,,,,,
3000253,バスク社会党,50703,11508,False,1,,,,,,,,,,,,,,,,,,,,,,,,
3007004,イスラム民族運動,31246,7920,False,0,12,0,0,0,0,0,3,1,0,3,0,0,1,2,0,0,0,0,0,2,0,0,0,0
3012519,モルディブ進歩党,40555,10977,False,1,,,,,,,,,,,,,,,,,,,,,,,,
3012879,革命的人民解放党・戦線,30169,8022,False,0,,,,,,,,,,,,,,,,,,,,,,,,
3012929,モルディブ民主党,43654,12270,False,1,,,,,,,,,,,,,,,,,,,,,,,,
3012978,民主連合 (ハンガリー),40628,10006,False,1,,,,,,,,,,,,,,,,,,,,,,,,
3013476,共和党 (モルディブ),37485,10572,False,1,25,0,0,0,0,0,9,2,5,5,0,0,2,0,1,0,0,0,0,0,0,0,0,1
3013783,モルディブ開発連合,33659,8306,False,1,,,,,,,,,,,,,,,,,,,,,,,,
3017686,モルディブ人民党,37673,10011,False,1,32,0,3,0,0,0,3,5,11,6,0,0,2,0,1,0,0,0,0,1,0,0,0,0
3020232,日本のこころ (政党),226101,52906,False,1,,,,,,,,,,,,,,,,,,,,,,,,
3026989,レバノン共産党,31778,9725,False,1,,,,,,,,,,,,,,,,,,,,,,,,
3043982,リトアニア市民同盟,26503,7303,False,1,,,,,,,,,,,,,,,,,,,,,,,,
3048620,林業労働者国民連合・ガボン連合,36258,9169,False,1,,,,,,,,,,,,,,,,,,,,,,,,
3048822,民主共和同盟 (ガボン),34609,8426,False,1,,,,,,,,,,,,,,,,,,,,,,,,
3048875,自由改革派団体,34967,8590,False,1,,,,,,,,,,,,,,,,,,,,,,,,
3049142,社会民主党 (ガボン),33400,8213,False,1,,,,,,,,,,,,,,,,,,,,,,,,
3049490,ブラジル社会党,46256,9763,False,1,,,,,,,,,,,,,,,,,,,,,,,,
3050702,ガボン人民連合,39268,9177,False,1,,,,,,,,,,,,,,,,,,,,,,,,
3051557,ガボン民主開発連合,38112,9071,False,1,,,,,,,,,,,,,,,,,,,,,,,,
3052497,ガボン進歩党,38150,9590,False,1,,,,,,,,,,,,,,,,,,,,,,,,
3053887,ペトロ・ポロシェンコ・ブロック,46715,10297,False,1,,,,,,,,,,,,,,,,,,,,,,,,
3056735,人民戦線党 (ウクライナ),47722,10464,False,1,,,,,,,,,,,,,,,,,,,,,,,,
3060577,維新の党,211463,60687,False,1,,,,,,,,,,,,,,,,,,,,,,,,
3060975,カタルーニャ共和主義左翼,211359,59962,False,1,,,,,,,,,,,,,,,,,,,,,,,,
3073962,正義第一党,40044,9598,False,1,,,,,,,,,,,,,,,,,,,,,,,,
3079462,禁酒党,132303,25540,False,1,,,,,,,,,,,,,,,,,,,,,,,,
3090047,沖縄社会党,55667,11393,False,1,,,,,,,,,,,,,,,,,,,,,,,,
3107826,女王陛下の野党 (イギリス),70026,13423,False,0,,,,,,,,,,,,,,,,,,,,,,,,
3109131,日本を元気にする会,135672,36015,False,1,,,,,,,,,,,,,,,,,,,,,,,,
3110495,ポデモス,196237,45874,False,1,,,,,,,,,,,,,,,,,,,,,,,,
3111022,アノーバ＝イルマンダーデ・ナショナリスタ,69392,17504,False,1,,,,,,,,,,,,,,,,,,,,,,,,
3113067,イスラーム・ダアワ党,64886,17518,False,1,89,0,11,0,0,0,2,4,25,26,0,2,2,2,2,0,0,5,0,8,0,0,0,0
3117774,エウスカル・エリア・ビルドゥ,107444,27180,False,1,,,,,,,,,,,,,,,,,,,,,,,,
3145512,クルド民主統一党,122847,22412,False,1,,,,,,,,,,,,,,,,,,,,,,,,
3147394,人民自由党,42829,9519,False,1,,,,,,,,,,,,,,,,,,,,,,,,
3188772,シウダダノス,153739,35434,False,1,,,,,,,,,,,,,,,,,,,,,,,,
3200815,無所属クラブ (日本 2014-),73195,14660,False,0,,,,,,,,,,,,,,,,,,,,,,,,
3206679,国民民主主義党,43415,11242,False,1,,,,,,,,,,,,,,,,,,,,,,,,
3216517,市民ネットワーク北海道,36544,11274,False,1,,,,,,,,,,,,,,,,,,,,,,,,
3222206,バルサローナ・アン・クムー,51188,13419,False,1,,,,,,,,,,,,,,,,,,,,,,,,
3227167,共和党 (フランス 2015-),54075,12037,False,1,,,,,,,,,,,,,,,,,,,,,,,,
3243258,民主党 (グリーンランド),34488,7689,False,1,,,,,,,,,,,,,,,,,,,,,,,,
3243398,ナレラク党,32290,7488,False,1,,,,,,,,,,,,,,,,,,,,,,,,
3243443,連帯党 (グリーンランド),34630,7771,False,1,,,,,,,,,,,,,,,,,,,,,,,,
3246115,同盟党,34088,7615,False,1,,,,,,,,,,,,,,,,,,,,,,,,
3246296,共和 (フェロー諸島),57921,9541,False,1,,,,,,,,,,,,,,,,,,,,,,,,
3247322,人民党 (フェロー諸島),35109,7832,False,1,17,0,5,0,0,0,1,1,4,1,0,0,1,0,3,0,0,0,0,0,0,0,0,1
3247699,社会民主党 (フェロー諸島),53992,9327,False,1,,,,,,,,,,,,,,,,,,,,,,,,
3248489,正義党 (モルディブ),37335,9629,False,1,,,,,,,,,,,,,,,,,,,,,,,,
3251686,進歩 (フェロー諸島),33429,7245,False,1,,,,,,,,,,,,,,,,,,,,,,,,
3255249,オーランド社会民主党,31817,7304,False,1,,,,,,,,,,,,,,,,,,,,,,,,
3255278,オーランド中央党,31280,7220,False,1,,,,,,,,,,,,,,,,,,,,,,,,
3255284,オーランドのための自由,32256,7396,False,1,,,,,,,,,,,,,,,,,,,,,,,,
3255290,オーランドの穏健派,31593,7273,False,1,,,,,,,,,,,,,,,,,,,,,,,,
3255299,非同盟連合,31019,7173,False,1,12,0,2,0,0,0,1,1,3,0,0,0,1,0,3,0,0,0,0,0,0,0,0,1
3258880,クマン・ナ・ゲール,33964,8801,False,1,,,,,,,,,,,,,,,,,,,,,,,,
3277675,ポーランド・リトアニア王国社会民主党,58887,18188,False,0,,,,,,,,,,,,,,,,,,,,,,,,
3279128,人民連合 (ギリシャ),36257,8351,False,1,,,,,,,,,,,,,,,,,,,,,,,,
3279401,アオーラ・マドリード,60929,17851,False,1,,,,,,,,,,,,,,,,,,,,,,,,
3284716,中道連合 (ギリシャ),33521,9526,False,1,,,,,,,,,,,,,,,,,,,,,,,,
3284921,実業同志会,36118,8813,False,1,,,,,,,,,,,,,,,,,,,,,,,,
3289867,ジュンツ・パル・シ,77573,18245,False,1,,,,,,,,,,,,,,,,,,,,,,,,
3294665,カタルーニャ民主連合,115315,26725,False,1,,,,,,,,,,,,,,,,,,,,,,,,
3299008,ゲロア・バイ,56595,14873,False,1,47,1,10,0,0,0,3,3,4,1,0,0,3,16,6,0,0,0,0,0,0,0,0,0
3304720,日本維新の会 (2016-),244360,63630,False,1,,,,,,,,,,,,,,,,,,,,,,,,
3312260,カタルーニャ民主集中,89218,18277,False,1,,,,,,,,,,,,,,,,,,,,,,,,
3313131,民主主義と自由,45295,9550,False,1,,,,,,,,,,,,,,,,,,,,,,,,
3318247,バヌア・アク党,37497,8980,False,1,,,,,,,,,,,,,,,,,,,,,,,,
3322359,自由党 (フィリピン),32902,8151,False,1,,,,,,,,,,,,,,,,,,,,,,,,
3334619,改革結集の会,66683,14101,False,1,33,0,3,0,1,1,1,1,2,2,0,9,1,8,1,0,1,0,0,0,0,0,1,1
3349092,時代力量,48353,9930,False,2,,,,,,,,,,,,,,,,,,,,,,,,
3367001,エコロジー民主党,55987,11300,False,1,,,,,,,,,,,,,,,,,,,,,,,,
3372419,同盟 (ウクライナ),45535,10404,False,0,,,,,,,,,,,,,,,,,,,,,,,,
3372497,立憲同盟,55156,10316,False,1,28,0,6,0,0,0,2,1,6,3,3,0,2,0,1,0,0,0,0,3,0,0,0,1
3372513,立憲連合党 (アメリカ),49880,10167,False,1,,,,,,,,,,,,,,,,,,,,,,,,
3398969,我らがジョージア 自由民主主義者,35032,8493,False,1,,,,,,,,,,,,,,,,,,,,,,,,
3399575,ジョージア保守党,38133,8635,False,1,,,,,,,,,,,,,,,,,,,,,,,,
3399925,国民の党 (大韓民国 2016-),86955,19528,False,2,,,,,,,,,,,,,,,,,,,,,,,,
3409051,ジョージア共和党 (ジョージア),49271,12739,False,1,,,,,,,,,,,,,,,,,,,,,,,,
3409166,産業はジョージアを救済する,42134,8945,False,1,,,,,,,,,,,,,,,,,,,,,,,,
3411263,国民フォーラム (ジョージア),31190,7815,False,0,,,,,,,,,,,,,,,,,,,,,,,,
3411510,グルジアの夢＝民主グルジア,59636,13600,False,1,41,0,2,0,0,0,3,4,5,8,2,0,3,3,1,0,0,0,0,8,1,0,0,1
3412163,国民連合,24178,7203,False,1,,,,,,,,,,,,,,,,,,,,,,,,
3414659,統一国民運動 (グルジア),49886,12926,False,1,,,,,,,,,,,,,,,,,,,,,,,,
3420816,フィジー第一党,39062,10586,False,1,,,,,,,,,,,,,,,,,,,,,,,,
3431908,拡大戦線 (ペルー),34784,8099,False,1,,,,,,,,,,,,,,,,,,,,,,,,
3431997,変革のためのペルー国民,35893,8089,False,1,,,,,,,,,,,,,,,,,,,,,,,,
3459452,タアン民族党,34776,7783,False,1,,,,,,,,,,,,,,,,,,,,,,,,
3489806,立憲党 (アメリカ),42915,8395,False,1,,,,,,,,,,,,,,,,,,,,,,,,
3500633,ソマリ青年同盟,60975,16752,False,1,,,,,,,,,,,,,,,,,,,,,,,,
3503342,民衆連合党,48201,10461,False,2,,,,,,,,,,,,,,,,,,,,,,,,
3506776,岡山維新の会 (2015-),42112,9550,False,1,,,,,,,,,,,,,,,,,,,,,,,,
3519113,リトアニア右派連合,31315,7882,False,1,,,,,,,,,,,,,,,,,,,,,,,,
3520128,リトアニア民主党,33001,8539,False,1,,,,,,,,,,,,,,,,,,,,,,,,
3520382,独立党 (リトアニア),31245,8032,False,1,,,,,,,,,,,,,,,,,,,,,,,,
3521297,祖国人民党,29474,7465,False,1,,,,,,,,,,,,,,,,,,,,,,,,
3525588,日本無政府共産党,39722,10184,False,0,,,,,,,,,,,,,,,,,,,,,,,,
3537895,正しい政党,92319,16870,False,2,,,,,,,,,,,,,,,,,,,,,,,,
3550635,自由と直接民主主義のヨーロッパ,28267,7200,False,1,,,,,,,,,,,,,,,,,,,,,,,,
3559834,リトアニア中道党,40321,8689,False,1,,,,,,,,,,,,,,,,,,,,,,,,
3562435,リトアニア自由連合 (1990-2003),31514,7646,False,1,,,,,,,,,,,,,,,,,,,,,,,,
3566344,リトアニア社会民主連合,32521,8296,False,1,,,,,,,,,,,,,,,,,,,,,,,,
3570556,共和国前進,64745,14630,False,1,,,,,,,,,,,,,,,,,,,,,,,,
3571052,フルンリンクス,38231,8440,False,1,,,,,,,,,,,,,,,,,,,,,,,,
3582122,シュヴァルツ＝ゲルベ・アリアンツ,47348,10513,False,1,,,,,,,,,,,,,,,,,,,,,,,,
3586445,セヌリ党 (2017-),74525,12828,False,1,,,,,,,,,,,,,,,,,,,,,,,,
3586803,チームしが,28226,7936,False,1,19,0,3,0,0,0,2,3,1,2,0,0,1,2,2,0,0,0,0,0,0,3,0,0
3626751,香港衆志,56068,11693,False,2,,,,,,,,,,,,,,,,,,,,,,,,
3629380,沖縄民主同盟,36713,10934,False,0,,,,,,,,,,,,,,,,,,,,,,,,
3629905,共和党 (沖縄),28178,8018,False,0,,,,,,,,,,,,,,,,,,,,,,,,
3631431,キューバ真正革命党,34204,8372,False,1,,,,,,,,,,,,,,,,,,,,,,,,
3672433,希望の党,118310,30295,False,1,,,,,,,,,,,,,,,,,,,,,,,,
3681209,立憲民主党 (日本),167733,46050,False,2,,,,,,,,,,,,,,,,,,,,,,,,
3685022,10月17日同盟,73654,14843,False,1,,,,,,,,,,,,,,,,,,,,,,,,
3694323,民国党,37236,7970,False,1,,,,,,,,,,,,,,,,,,,,,,,,
3694774,無所属の会 (2017-),79970,15499,False,1,,,,,,,,,,,,,,,,,,,,,,,,
