page_id,title,html_file_size,text_file_size,is_disambiguation_page,infobox_count,num_annotations,pH,付近の河川,別名,名前の謂れ,国名,属する温泉郷,座標・経度,座標・緯度,所在地,最寄路線,最寄駅,構成する温泉,泉温,泉質,液性,湧出量,源泉名,観光地,記念碑,読み,開湯年
9754,黒川温泉,68572,19049,False,1,,,,,,,,,,,,,,,,,,,,,,
9756,阿蘇温泉郷,20212,5469,False,0,,,,,,,,,,,,,,,,,,,,,,
25457,北投温泉,75347,13860,False,1,,,,,,,,,,,,,,,,,,,,,,
40420,別所温泉,81253,23714,False,1,,,,,,,,,,,,,,,,,,,,,,
60706,有馬温泉,105355,24815,False,1,,,,,,,,,,,,,,,,,,,,,,
61349,酸ヶ湯,73135,16868,False,1,,,,,,,,,,,,,,,,,,,,,,
61358,夏油温泉,48057,10371,False,1,,,,,,,,,,,,,,,,,,,,,,
61415,鶴巻温泉,31385,7869,False,1,,,,,,,,,,,,,,,,,,,,,,
61738,後生掛温泉,60172,15453,False,1,,,,,,,,,,,,,,,,,,,,,,
61756,塩原温泉郷,46215,13625,False,0,53,0,5,2,0,0,1,0,0,3,5,5,11,0,1,0,0,0,18,0,1,1
61791,那須温泉郷,85917,21144,False,2,,,,,,,,,,,,,,,,,,,,,,
61929,洞川温泉,58647,12590,False,1,,,,,,,,,,,,,,,,,,,,,,
61939,岳温泉,57706,12830,False,1,26,0,1,0,0,0,0,2,2,5,2,2,0,2,2,0,0,0,6,0,1,1
61978,城崎温泉,82833,20595,False,1,,,,,,,,,,,,,,,,,,,,,,
61981,中ノ沢温泉,50988,10830,False,1,,,,,,,,,,,,,,,,,,,,,,
70500,道後温泉,102174,30436,False,1,,,,,,,,,,,,,,,,,,,,,,
71157,旭岳温泉,50214,11216,False,1,,,,,,,,,,,,,,,,,,,,,,
72373,越後湯沢温泉,53508,12903,False,1,51,0,0,1,0,0,0,0,0,3,3,3,0,2,8,2,1,1,25,0,1,1
72730,水上温泉郷,66661,16377,False,0,,,,,,,,,,,,,,,,,,,,,,
73420,箱根温泉,78614,24223,False,2,,,,,,,,,,,,,,,,,,,,,,
73476,下部温泉,55134,12950,False,1,,,,,,,,,,,,,,,,,,,,,,
73616,湯ヶ島温泉,47803,9783,False,1,,,,,,,,,,,,,,,,,,,,,,
73628,上諏訪温泉,55207,11646,False,1,,,,,,,,,,,,,,,,,,,,,,
83447,雲仙温泉,60770,14178,False,1,,,,,,,,,,,,,,,,,,,,,,
83452,小浜温泉,55373,12373,False,1,,,,,,,,,,,,,,,,,,,,,,
85413,南紀白浜温泉,74770,20187,False,1,,,,,,,,,,,,,,,,,,,,,,
101357,月岡温泉,53146,13943,False,1,,,,,,,,,,,,,,,,,,,,,,
105919,下風呂温泉,46782,10334,False,1,,,,,,,,,,,,,,,,,,,,,,
108232,昼神温泉,57214,12786,False,1,29,2,0,0,0,0,1,2,2,3,2,2,0,4,2,1,4,0,0,0,1,3
113028,白布温泉,49318,10690,False,1,,,,,,,,,,,,,,,,,,,,,,
116838,湯谷温泉 (愛知県),48009,9714,False,1,,,,,,,,,,,,,,,,,,,,,,
117054,湯野浜温泉,52057,10367,False,2,19,0,0,0,0,0,1,1,1,4,2,3,0,0,4,0,0,0,0,0,1,2
119828,蔵王温泉,68535,15516,False,1,32,1,1,5,1,0,0,1,1,6,0,1,0,0,4,1,0,0,7,0,1,2
120735,登別温泉,105369,23618,False,1,,,,,,,,,,,,,,,,,,,,,,
124888,白骨温泉,54379,12264,False,1,24,0,0,0,0,0,0,0,0,5,2,2,0,0,9,0,0,0,4,0,1,1
124947,豊富温泉,54000,13334,False,1,,,,,,,,,,,,,,,,,,,,,,
125119,羽根沢温泉,45371,9827,False,1,,,,,,,,,,,,,,,,,,,,,,
125203,矢指ヶ浦温泉,45858,9003,False,1,,,,,,,,,,,,,,,,,,,,,,
125214,養老渓谷温泉,54345,10794,False,1,,,,,,,,,,,,,,,,,,,,,,
125221,曽呂温泉,45449,9174,False,1,,,,,,,,,,,,,,,,,,,,,,
125227,亀山温泉,46759,9459,False,1,,,,,,,,,,,,,,,,,,,,,,
127999,須川高原温泉,49472,10359,False,1,,,,,,,,,,,,,,,,,,,,,,
128000,須川温泉,34535,9558,False,1,,,,,,,,,,,,,,,,,,,,,,
128014,黒石温泉郷,23245,6454,False,0,,,,,,,,,,,,,,,,,,,,,,
128657,草津温泉,115856,36941,False,1,,,,,,,,,,,,,,,,,,,,,,
129466,乳頭温泉郷,28503,8176,False,0,,,,,,,,,,,,,,,,,,,,,,
129811,湯の花温泉 (京都府),50214,10426,False,1,17,0,0,0,1,0,0,0,0,4,2,4,0,2,3,0,0,0,0,0,1,0
130703,花巻温泉郷,28115,7630,False,0,,,,,,,,,,,,,,,,,,,,,,
130806,日景温泉,54512,11320,False,1,,,,,,,,,,,,,,,,,,,,,,
130893,小野川温泉,49987,11775,False,1,,,,,,,,,,,,,,,,,,,,,,
130942,沢渡温泉 (長野県),49230,10031,False,1,,,,,,,,,,,,,,,,,,,,,,
131118,西山温泉 (福島県),49378,10864,False,1,,,,,,,,,,,,,,,,,,,,,,
131132,由布院温泉,81033,27767,False,1,,,,,,,,,,,,,,,,,,,,,,
131136,東山温泉,54050,11581,False,1,,,,,,,,,,,,,,,,,,,,,,
131143,別府温泉,137698,40307,False,1,,,,,,,,,,,,,,,,,,,,,,
131144,嬉野温泉,54268,13210,False,1,,,,,,,,,,,,,,,,,,,,,,
131153,鳴子温泉郷,25265,7034,False,0,,,,,,,,,,,,,,,,,,,,,,
131297,湯村温泉 (兵庫県),67277,15406,False,1,,,,,,,,,,,,,,,,,,,,,,
131305,本沢温泉,51334,11004,False,1,,,,,,,,,,,,,,,,,,,,,,
131316,高湯温泉,49753,10869,False,1,,,,,,,,,,,,,,,,,,,,,,
131324,甲子温泉,45395,9564,False,1,,,,,,,,,,,,,,,,,,,,,,
131336,松川温泉,36993,9524,False,1,,,,,,,,,,,,,,,,,,,,,,
131343,藤七温泉,46828,9643,False,1,,,,,,,,,,,,,,,,,,,,,,
131376,浅間温泉,64899,14773,False,2,,,,,,,,,,,,,,,,,,,,,,
131702,蔦温泉,50290,10524,False,1,,,,,,,,,,,,,,,,,,,,,,
131714,谷地温泉,38506,9122,False,1,,,,,,,,,,,,,,,,,,,,,,
132656,姥湯温泉,46794,9955,False,1,26,0,0,0,1,0,0,2,2,6,2,3,0,1,3,2,0,0,1,0,1,2
132691,川渡温泉,44236,8772,False,1,,,,,,,,,,,,,,,,,,,,,,
133093,花巻温泉,58184,16568,False,1,,,,,,,,,,,,,,,,,,,,,,
133530,松之山温泉,51125,10975,False,1,,,,,,,,,,,,,,,,,,,,,,
133566,滑川温泉,45723,9763,False,1,,,,,,,,,,,,,,,,,,,,,,
133583,浅虫温泉,62302,13259,False,1,,,,,,,,,,,,,,,,,,,,,,
133706,大鰐温泉,57804,12706,False,1,,,,,,,,,,,,,,,,,,,,,,
133723,貝掛温泉,49119,10588,False,1,,,,,,,,,,,,,,,,,,,,,,
133784,山田温泉 (長野県),50813,10385,False,1,,,,,,,,,,,,,,,,,,,,,,
134311,銀山温泉,54225,12152,False,1,,,,,,,,,,,,,,,,,,,,,,
134588,下呂温泉,65697,15031,False,1,32,1,5,2,1,0,0,2,2,4,2,2,0,0,2,2,0,0,5,0,1,1
134838,奥飛騨温泉郷,33127,8520,False,0,,,,,,,,,,,,,,,,,,,,,,
134889,濁河温泉,39505,10654,False,1,,,,,,,,,,,,,,,,,,,,,,
135477,天竜峡温泉,36951,9590,False,1,,,,,,,,,,,,,,,,,,,,,,
136445,沢渡温泉 (群馬県),48063,9876,False,1,,,,,,,,,,,,,,,,,,,,,,
136446,泥湯温泉,47376,10289,False,1,,,,,,,,,,,,,,,,,,,,,,
137011,川棚温泉,50850,11532,False,1,,,,,,,,,,,,,,,,,,,,,,
137218,熱海温泉,63735,16639,False,1,,,,,,,,,,,,,,,,,,,,,,
137226,宝塚温泉,48440,10898,False,1,,,,,,,,,,,,,,,,,,,,,,
137229,箕面温泉,47442,14210,False,1,,,,,,,,,,,,,,,,,,,,,,
137237,玉造温泉,56439,13948,False,1,33,0,2,1,1,0,0,2,2,3,2,2,0,2,2,0,0,0,12,0,1,1
137400,伊豆長岡温泉,38844,10188,False,1,28,0,0,0,0,0,0,2,1,4,2,4,3,1,2,2,0,0,4,0,1,2
137417,修善寺温泉,60444,13126,False,1,,,,,,,,,,,,,,,,,,,,,,
137433,土肥温泉,48806,10302,False,1,,,,,,,,,,,,,,,,,,,,,,
137643,指宿温泉,61664,17109,False,1,,,,,,,,,,,,,,,,,,,,,,
137673,秋保温泉,100132,24430,False,2,52,0,4,2,0,0,0,2,2,5,2,3,0,1,6,2,0,0,20,1,1,1
137685,榊原温泉,54510,13470,False,1,,,,,,,,,,,,,,,,,,,,,,
137697,龍神温泉,58088,12384,False,1,,,,,,,,,,,,,,,,,,,,,,
137708,奥鬼怒温泉郷,53217,11514,False,1,,,,,,,,,,,,,,,,,,,,,,
137744,雄琴温泉,74659,18757,False,1,,,,,,,,,,,,,,,,,,,,,,
137758,川治温泉,46737,9668,False,1,,,,,,,,,,,,,,,,,,,,,,
137763,南紀勝浦温泉,58884,13616,False,1,,,,,,,,,,,,,,,,,,,,,,
137769,椿温泉,46150,9919,False,1,,,,,,,,,,,,,,,,,,,,,,
137775,皆生温泉,76821,16894,False,1,,,,,,,,,,,,,,,,,,,,,,
137776,伊東温泉,46567,9795,False,1,,,,,,,,,,,,,,,,,,,,,,
137783,芦原温泉,55012,13345,False,1,,,,,,,,,,,,,,,,,,,,,,
137789,川原湯温泉,54088,11811,False,1,,,,,,,,,,,,,,,,,,,,,,
137982,大沢温泉 (岩手県),30505,8309,False,1,19,0,1,0,0,0,1,0,0,4,2,2,0,0,2,2,0,0,3,0,1,1
137983,大沢温泉 (静岡県),43927,8878,False,1,,,,,,,,,,,,,,,,,,,,,,
138247,川湯温泉 (和歌山県),34341,8850,False,1,,,,,,,,,,,,,,,,,,,,,,
138254,川湯温泉 (北海道),55748,12721,False,1,35,0,3,0,2,0,0,2,2,2,3,3,1,1,7,2,0,0,2,0,1,4
138287,温湯温泉 (宮城県),48153,10021,False,1,,,,,,,,,,,,,,,,,,,,,,
138288,温湯温泉 (青森県),29638,8187,False,1,17,0,0,2,1,0,1,0,0,3,2,2,0,2,2,0,0,0,0,0,1,1
139370,黒薙温泉,58103,14341,False,1,,,,,,,,,,,,,,,,,,,,,,
140512,五色温泉 (北海道),50477,10550,False,1,41,2,0,1,0,0,2,2,2,4,2,2,0,2,12,5,2,0,2,0,1,0
140516,五色温泉 (山形県),46328,9884,False,1,,,,,,,,,,,,,,,,,,,,,,
140523,五色温泉 (群馬県),47134,9170,False,1,,,,,,,,,,,,,,,,,,,,,,
140597,野沢温泉,54867,13339,False,1,,,,,,,,,,,,,,,,,,,,,,
140607,湯の山温泉 (三重県),61037,13825,False,1,,,,,,,,,,,,,,,,,,,,,,
140845,鶴の湯温泉 (秋田県),57338,13056,False,1,,,,,,,,,,,,,,,,,,,,,,
140856,鶴の湯温泉 (東京都),49125,10237,False,1,,,,,,,,,,,,,,,,,,,,,,
140884,鬼怒川温泉,70440,17750,False,1,49,0,5,2,0,0,0,2,2,6,4,6,2,0,3,2,0,0,11,0,1,3
140902,飯坂温泉,67263,17713,False,1,42,0,2,3,1,0,0,2,2,6,3,3,0,0,2,0,0,0,16,0,1,1
140963,山代温泉,37967,10934,False,1,,,,,,,,,,,,,,,,,,,,,,
140972,片山津温泉,44397,11570,False,1,,,,,,,,,,,,,,,,,,,,,,
140984,山中温泉,84965,23869,False,1,,,,,,,,,,,,,,,,,,,,,,
141064,日光湯元温泉,54958,13444,False,1,,,,,,,,,,,,,,,,,,,,,,
141130,湯西川温泉,62480,13499,False,1,,,,,,,,,,,,,,,,,,,,,,
141150,鹿教湯温泉,52762,11753,False,1,,,,,,,,,,,,,,,,,,,,,,
141237,粟津温泉,53997,12135,False,1,,,,,,,,,,,,,,,,,,,,,,
141249,和倉温泉,64027,15170,False,1,35,1,0,0,1,0,0,2,2,2,2,4,0,1,7,3,4,0,2,0,1,3
141502,大子温泉,29243,7678,False,1,,,,,,,,,,,,,,,,,,,,,,
141514,ニセコ薬師温泉,46977,9909,False,1,,,,,,,,,,,,,,,,,,,,,,
141558,万座温泉,53504,12131,False,1,,,,,,,,,,,,,,,,,,,,,,
141573,微温湯温泉,43850,9120,False,1,,,,,,,,,,,,,,,,,,,,,,
141979,三朝温泉,66825,14360,False,1,,,,,,,,,,,,,,,,,,,,,,
142152,尻焼温泉,48682,10379,False,1,,,,,,,,,,,,,,,,,,,,,,
142615,日中温泉,47654,9833,False,1,,,,,,,,,,,,,,,,,,,,,,
142655,川中温泉,48175,9912,False,1,,,,,,,,,,,,,,,,,,,,,,
142710,長湯温泉,62015,17356,False,1,,,,,,,,,,,,,,,,,,,,,,
142730,祖谷温泉,44696,8825,False,1,,,,,,,,,,,,,,,,,,,,,,
142818,作並温泉,57379,13544,False,1,,,,,,,,,,,,,,,,,,,,,,
142852,寒の地獄温泉,29029,7916,False,1,20,0,0,0,0,0,1,0,0,5,0,2,0,2,3,0,2,0,4,0,1,0
142908,磯部温泉,53590,12101,False,1,,,,,,,,,,,,,,,,,,,,,,
143031,松ノ湯温泉,44998,9180,False,1,15,0,0,0,0,0,1,0,0,3,2,2,0,2,2,0,0,0,2,0,1,0
143057,入之波温泉,51443,10926,False,1,,,,,,,,,,,,,,,,,,,,,,
143069,湯河原温泉,56421,13822,False,1,,,,,,,,,,,,,,,,,,,,,,
143087,法師温泉,50504,10120,False,1,19,0,0,0,1,0,0,3,3,3,0,0,0,0,2,0,0,0,5,0,1,1
143135,五色温泉 (長野県),49985,10027,False,1,19,0,0,0,1,0,0,2,2,4,3,2,0,0,4,0,0,0,0,0,1,0
143653,木賊温泉,54145,11609,False,1,,,,,,,,,,,,,,,,,,,,,,
143660,大川温泉,27095,6976,False,1,,,,,,,,,,,,,,,,,,,,,,
143667,赤湯温泉 (山形県),49269,10749,False,1,,,,,,,,,,,,,,,,,,,,,,
143885,鳴子温泉,56015,12810,False,1,,,,,,,,,,,,,,,,,,,,,,
143925,湯ノ口温泉,50373,10931,False,1,24,0,1,0,0,0,0,0,0,5,2,3,0,1,2,0,1,0,5,0,1,3
143999,いわき湯本温泉,53276,13631,False,1,,,,,,,,,,,,,,,,,,,,,,
144061,あつみ温泉,59263,16128,False,1,,,,,,,,,,,,,,,,,,,,,,
144170,阿蘇内牧温泉,51002,10602,False,1,,,,,,,,,,,,,,,,,,,,,,
144178,湯原温泉,54042,18982,False,1,62,1,4,0,2,0,3,2,2,4,1,4,0,1,4,2,2,0,26,1,1,2
144191,湯郷温泉,39225,12041,False,1,,,,,,,,,,,,,,,,,,,,,,
144194,湯之谷温泉郷,49509,11056,False,0,,,,,,,,,,,,,,,,,,,,,,
144231,阿蘇赤水温泉,46828,8973,False,1,20,1,0,0,0,0,1,2,2,4,2,2,0,1,3,0,1,0,0,0,1,0
144287,飯山温泉,56042,11713,False,1,,,,,,,,,,,,,,,,,,,,,,
144323,鶴の湯温泉 (北海道),48203,10086,False,1,25,2,0,0,0,0,0,0,0,2,2,2,0,2,8,3,0,0,0,0,1,3
144383,鹿沢温泉,49227,10702,False,1,24,0,0,0,1,0,0,0,0,5,2,2,4,0,2,0,0,0,5,0,1,2
144511,水上温泉,51804,12629,False,1,,,,,,,,,,,,,,,,,,,,,,
145257,志戸平温泉,29221,7610,False,1,,,,,,,,,,,,,,,,,,,,,,
145263,中山平温泉,45841,9617,False,1,,,,,,,,,,,,,,,,,,,,,,
146032,瀬見温泉,45547,9511,False,1,,,,,,,,,,,,,,,,,,,,,,
146370,東鳴子温泉,46797,10437,False,1,,,,,,,,,,,,,,,,,,,,,,
146390,台温泉,29121,7950,False,1,,,,,,,,,,,,,,,,,,,,,,
146403,青荷温泉,31230,7647,False,1,,,,,,,,,,,,,,,,,,,,,,
146632,鬼首温泉,47355,10098,False,1,,,,,,,,,,,,,,,,,,,,,,
146640,鉛温泉,28863,8151,False,1,,,,,,,,,,,,,,,,,,,,,,
146674,黒湯温泉,51337,10907,False,1,25,0,1,1,0,0,4,2,2,3,3,2,0,0,3,0,0,0,0,0,1,3
146712,妙乃湯温泉,46818,9645,False,1,,,,,,,,,,,,,,,,,,,,,,
146719,蟹場温泉,50219,10084,False,1,,,,,,,,,,,,,,,,,,,,,,
146725,大釜温泉,33477,8398,False,1,17,0,0,0,0,0,2,2,2,2,2,2,0,0,0,2,0,0,0,0,1,2
146737,孫六温泉,46714,9722,False,1,,,,,,,,,,,,,,,,,,,,,,
146750,落合温泉,29332,7349,False,1,,,,,,,,,,,,,,,,,,,,,,
146757,板留温泉,30136,7646,False,1,,,,,,,,,,,,,,,,,,,,,,
146805,平湯温泉,58422,12748,False,1,,,,,,,,,,,,,,,,,,,,,,
147177,赤倉温泉 (山形県),45855,9280,False,1,,,,,,,,,,,,,,,,,,,,,,
147182,赤倉温泉 (新潟県),49049,10511,False,1,,,,,,,,,,,,,,,,,,,,,,
147248,新穂高温泉,53640,12031,False,1,,,,,,,,,,,,,,,,,,,,,,
147301,新平湯温泉,33327,8604,False,1,,,,,,,,,,,,,,,,,,,,,,
147564,渡り温泉,27029,6885,False,1,,,,,,,,,,,,,,,,,,,,,,
147593,高倉山温泉,29014,7321,False,1,,,,,,,,,,,,,,,,,,,,,,
147893,山の神温泉 (岩手県),28332,7120,False,1,,,,,,,,,,,,,,,,,,,,,,
147898,新鉛温泉,27096,7330,False,1,,,,,,,,,,,,,,,,,,,,,,
147899,松倉温泉,28351,7162,False,1,16,0,1,0,0,0,1,0,0,5,2,2,0,0,2,2,0,0,0,0,1,0
148308,栃尾温泉,28522,7162,False,1,,,,,,,,,,,,,,,,,,,,,,
148316,福地温泉,29291,7788,False,1,,,,,,,,,,,,,,,,,,,,,,
148335,遠刈田温泉,57814,13117,False,1,,,,,,,,,,,,,,,,,,,,,,
148726,青根温泉,52443,11092,False,1,,,,,,,,,,,,,,,,,,,,,,
148734,蒸ノ湯温泉,48458,9792,False,1,,,,,,,,,,,,,,,,,,,,,,
148748,城ヶ倉温泉,47549,9357,False,1,,,,,,,,,,,,,,,,,,,,,,
148754,湯田川温泉,47508,10568,False,1,23,0,0,1,0,0,0,0,0,5,2,2,0,2,2,0,0,0,5,1,1,2
149252,湯村温泉 (山梨県),60305,12922,False,1,,,,,,,,,,,,,,,,,,,,,,
149260,出雲湯村温泉,47401,9635,False,1,,,,,,,,,,,,,,,,,,,,,,
149268,黄金崎不老不死温泉,50774,10487,False,1,,,,,,,,,,,,,,,,,,,,,,
149274,国見温泉,30936,8537,False,1,,,,,,,,,,,,,,,,,,,,,,
149280,瀬波温泉,50006,10101,False,1,,,,,,,,,,,,,,,,,,,,,,
149284,由良温泉,45948,9601,False,1,,,,,,,,,,,,,,,,,,,,,,
149292,草薙温泉,46588,9700,False,1,,,,,,,,,,,,,,,,,,,,,,
149298,東根温泉,43833,9101,False,1,,,,,,,,,,,,,,,,,,,,,,
149323,大平温泉,46504,9365,False,1,,,,,,,,,,,,,,,,,,,,,,
149338,上山温泉,44011,9637,False,1,,,,,,,,,,,,,,,,,,,,,,
149352,肘折温泉,48744,11185,False,1,,,,,,,,,,,,,,,,,,,,,,
149382,磐梯熱海温泉,61586,15068,False,1,,,,,,,,,,,,,,,,,,,,,,
149394,熱塩温泉,49347,9843,False,1,,,,,,,,,,,,,,,,,,,,,,
149445,湯の花温泉 (和歌山県),45561,9370,False,1,,,,,,,,,,,,,,,,,,,,,,
149450,湯ノ花温泉,45931,9348,False,1,,,,,,,,,,,,,,,,,,,,,,
149521,稲取温泉,45629,9338,False,1,,,,,,,,,,,,,,,,,,,,,,
149528,熱川温泉,48925,10192,False,1,,,,,,,,,,,,,,,,,,,,,,
149532,赤沢温泉,43007,8610,False,1,,,,,,,,,,,,,,,,,,,,,,
149541,北川温泉 (静岡県),44115,9223,False,1,,,,,,,,,,,,,,,,,,,,,,
149551,北川温泉 (高知県),44579,8678,False,1,,,,,,,,,,,,,,,,,,,,,,
149560,はわい温泉,82759,21010,False,1,,,,,,,,,,,,,,,,,,,,,,
149566,下田温泉 (静岡県),44726,9174,False,1,,,,,,,,,,,,,,,,,,,,,,
149588,白馬八方温泉,52936,11094,False,1,,,,,,,,,,,,,,,,,,,,,,
149780,鎌先温泉,46196,9477,False,1,,,,,,,,,,,,,,,,,,,,,,
149833,温根湯温泉,51888,11056,False,1,28,1,2,1,1,0,0,2,2,2,2,2,0,2,5,1,0,0,4,0,1,0
150062,湯涌温泉,59821,14731,False,1,,,,,,,,,,,,,,,,,,,,,,
150190,湯瀬温泉,47865,10025,False,1,26,1,2,0,1,0,0,2,2,4,2,2,0,3,3,1,1,0,0,0,1,1
150198,矢立温泉,52883,10722,False,1,,,,,,,,,,,,,,,,,,,,,,
150201,象潟温泉,46937,9289,False,1,24,2,0,0,0,0,0,0,0,4,2,2,0,4,5,0,2,0,2,0,1,0
150209,大湯温泉 (鹿角市),52326,10578,False,1,30,0,1,1,0,0,0,2,2,4,3,4,0,0,2,1,0,0,7,0,1,2
150215,大湯温泉 (湯沢市),50236,10011,False,1,20,0,0,2,0,0,0,2,2,4,2,2,0,2,2,0,0,0,0,0,1,1
150521,小谷温泉,47039,9440,False,1,12,0,0,0,0,0,0,0,0,4,1,2,0,0,2,0,0,0,1,0,1,1
150538,中の湯温泉,52244,12226,False,1,,,,,,,,,,,,,,,,,,,,,,
150569,湯田中温泉,49335,11080,False,1,24,0,1,4,0,0,1,3,2,2,2,3,0,0,4,0,0,0,0,0,1,1
150629,上湯温泉,49341,10161,False,1,,,,,,,,,,,,,,,,,,,,,,
150634,十津川温泉,47142,9312,False,1,,,,,,,,,,,,,,,,,,,,,,
150719,三谷温泉,39465,11222,False,1,,,,,,,,,,,,,,,,,,,,,,
150737,山田温泉 (北海道),66107,17288,False,1,,,,,,,,,,,,,,,,,,,,,,
150747,秋ノ宮温泉郷,50603,11280,False,1,,,,,,,,,,,,,,,,,,,,,,
151244,湯の峰温泉,63513,16422,False,1,,,,,,,,,,,,,,,,,,,,,,
151251,男鹿温泉郷,49472,10346,False,1,,,,,,,,,,,,,,,,,,,,,,
151737,四万温泉,54801,12067,False,1,,,,,,,,,,,,,,,,,,,,,,
152624,豊平峡温泉,48702,10114,False,1,,,,,,,,,,,,,,,,,,,,,,
152652,真湯温泉,28793,7260,False,1,15,0,0,0,0,0,0,0,0,4,2,2,0,2,2,0,0,0,0,0,1,2
154545,岩蔵温泉,46631,9411,False,1,,,,,,,,,,,,,,,,,,,,,,
154826,湯泉地温泉,55163,12074,False,1,31,0,0,1,1,0,1,0,0,4,8,6,2,2,4,0,0,0,0,0,1,1
154842,湯の山温泉 (広島県),48398,9992,False,1,,,,,,,,,,,,,,,,,,,,,,
155334,中川温泉,56490,9928,False,1,,,,,,,,,,,,,,,,,,,,,,
155344,広沢寺温泉,52464,11897,False,1,,,,,,,,,,,,,,,,,,,,,,
155349,七沢温泉,52230,11739,False,1,,,,,,,,,,,,,,,,,,,,,,
155356,根府川温泉,26740,6817,False,1,,,,,,,,,,,,,,,,,,,,,,
155384,三浦マホロバ温泉,28849,7061,False,1,,,,,,,,,,,,,,,,,,,,,,
155387,渡瀬温泉,31972,8228,False,1,,,,,,,,,,,,,,,,,,,,,,
155398,鶴の湯温泉 (和歌山県),44175,9002,False,1,,,,,,,,,,,,,,,,,,,,,,
155467,碇ヶ関温泉郷,45047,9522,False,1,30,0,2,0,0,0,0,0,0,2,1,2,14,0,8,0,0,0,0,0,1,0
155584,裂石温泉,48448,9606,False,1,,,,,,,,,,,,,,,,,,,,,,
155844,見奈良温泉,30372,7565,False,1,,,,,,,,,,,,,,,,,,,,,,
155972,宇奈月温泉,92132,26582,False,1,,,,,,,,,,,,,,,,,,,,,,
155975,藪塚温泉,45940,9539,False,1,12,0,0,0,0,0,0,0,0,3,2,2,0,0,2,0,0,0,2,0,1,0
156457,寸又峡温泉,46979,9673,False,1,,,,,,,,,,,,,,,,,,,,,,
156832,舘山寺温泉,51602,11342,False,1,32,0,0,0,1,0,0,0,0,3,2,2,0,0,1,0,0,11,9,0,1,2
157254,増富温泉,52707,12291,False,1,,,,,,,,,,,,,,,,,,,,,,
157595,伊香保温泉,63754,15788,False,1,,,,,,,,,,,,,,,,,,,,,,
158209,湯田温泉峡,63144,16418,False,0,,,,,,,,,,,,,,,,,,,,,,
158270,湯之谷温泉 (鹿児島県),29574,7399,False,1,,,,,,,,,,,,,,,,,,,,,,
158284,長門湯本温泉,35345,8832,False,1,31,1,2,1,0,0,0,2,2,3,2,2,0,1,2,2,1,0,8,0,1,1
158300,今神温泉,50538,11547,False,1,,,,,,,,,,,,,,,,,,,,,,
158531,湯田温泉,43081,11901,False,1,,,,,,,,,,,,,,,,,,,,,,
158790,奈良田温泉,58064,13262,False,1,,,,,,,,,,,,,,,,,,,,,,
158798,西山温泉 (山梨県),55288,11430,False,1,26,0,1,0,0,0,0,0,0,6,2,3,0,2,2,1,2,0,4,0,1,2
158802,湯の川温泉 (北海道),72574,15539,False,1,,,,,,,,,,,,,,,,,,,,,,
158822,層雲峡温泉,57151,12513,False,1,,,,,,,,,,,,,,,,,,,,,,
158840,然別湖畔温泉,46830,9681,False,1,26,0,0,0,0,0,0,2,2,5,0,4,0,2,5,1,0,0,4,0,1,0
158847,阿寒湖温泉,56067,12515,False,1,32,0,0,0,0,0,0,2,2,4,1,3,0,1,6,2,0,0,9,0,1,1
158854,支笏湖温泉,47496,9920,False,1,22,0,0,0,0,0,0,2,2,3,2,2,0,2,4,0,0,0,2,0,1,2
158860,洞爺湖温泉,105441,22274,False,3,,,,,,,,,,,,,,,,,,,,,,
158897,定山渓温泉,101267,24673,False,1,,,,,,,,,,,,,,,,,,,,,,
158926,岩尾別温泉,49876,10670,False,1,,,,,,,,,,,,,,,,,,,,,,
159344,都幾川温泉,43133,8506,False,1,21,2,0,0,0,0,0,0,0,3,2,2,0,0,7,3,0,0,0,0,1,1
159634,池田温泉,29353,7826,False,1,,,,,,,,,,,,,,,,,,,,,,
159961,船小屋温泉,31806,8103,False,1,,,,,,,,,,,,,,,,,,,,,,
160014,下諏訪温泉,48038,10608,False,1,,,,,,,,,,,,,,,,,,,,,,
161218,渋温泉,56272,13876,False,1,,,,,,,,,,,,,,,,,,,,,,
161241,湯平温泉,34025,10913,False,1,39,0,5,0,0,0,1,0,0,5,2,5,0,0,3,0,0,0,15,0,1,2
161255,湯之谷温泉 (愛媛県),56514,15648,False,1,,,,,,,,,,,,,,,,,,,,,,
161260,本谷温泉,30853,7995,False,1,,,,,,,,,,,,,,,,,,,,,,
161278,多々羅温泉,30678,7894,False,1,,,,,,,,,,,,,,,,,,,,,,
161295,湯ノ浦温泉,52861,11894,False,1,44,2,0,0,0,0,0,0,0,4,3,3,0,1,24,1,2,0,3,0,1,0
161311,温泉津温泉,51538,11915,False,1,,,,,,,,,,,,,,,,,,,,,,
161314,有福温泉,44235,9236,False,1,,,,,,,,,,,,,,,,,,,,,,
161324,岩井温泉,82939,21439,False,1,,,,,,,,,,,,,,,,,,,,,,
161382,鹿野温泉,61436,12628,False,1,,,,,,,,,,,,,,,,,,,,,,
161394,吉岡温泉,66571,14236,False,1,,,,,,,,,,,,,,,,,,,,,,
161404,東郷温泉,79271,17818,False,1,,,,,,,,,,,,,,,,,,,,,,
161411,関金温泉,69103,14762,False,1,,,,,,,,,,,,,,,,,,,,,,
161425,浜村温泉,67438,15503,False,1,39,0,0,0,0,0,0,0,0,2,4,5,5,0,3,0,0,0,15,0,1,4
161430,鳥取温泉,64959,14673,False,1,48,1,0,1,0,0,1,3,3,19,2,3,0,2,6,1,1,0,0,0,1,4
161484,松江しんじ湖温泉,46050,9352,False,1,22,0,0,1,1,0,0,0,0,4,4,5,0,2,2,0,0,0,1,0,1,1
161490,奥津温泉,31787,8686,False,1,,,,,,,,,,,,,,,,,,,,,,
162519,三加和温泉,44377,9008,False,1,,,,,,,,,,,,,,,,,,,,,,
162527,山鹿温泉,51291,12050,False,1,,,,,,,,,,,,,,,,,,,,,,
162879,湯俣温泉,54973,13478,False,1,,,,,,,,,,,,,,,,,,,,,,
163507,塚原温泉,31488,8888,False,1,,,,,,,,,,,,,,,,,,,,,,
163513,平山温泉,49639,11238,False,1,,,,,,,,,,,,,,,,,,,,,,
163999,玉名温泉,45550,9911,False,1,,,,,,,,,,,,,,,,,,,,,,
164301,媛彦温泉,33919,8243,False,1,,,,,,,,,,,,,,,,,,,,,,
164457,法華院温泉,49684,10561,False,1,,,,,,,,,,,,,,,,,,,,,,
164482,筌の口温泉,34939,8624,False,1,,,,,,,,,,,,,,,,,,,,,,
164488,菊池温泉,48840,10823,False,1,,,,,,,,,,,,,,,,,,,,,,
164661,川内温泉,29515,7557,False,1,,,,,,,,,,,,,,,,,,,,,,
164685,奥道後温泉,33664,8629,False,1,,,,,,,,,,,,,,,,,,,,,,
164814,壁湯温泉,28188,7228,False,1,,,,,,,,,,,,,,,,,,,,,,
164823,川底温泉,26020,6789,False,1,,,,,,,,,,,,,,,,,,,,,,
164846,筋湯温泉,30121,8317,False,1,,,,,,,,,,,,,,,,,,,,,,
164864,天ヶ瀬温泉,30939,8873,False,1,,,,,,,,,,,,,,,,,,,,,,
164870,日田温泉,28639,7469,False,1,,,,,,,,,,,,,,,,,,,,,,
166040,山田温泉 (沖縄県),31113,8176,False,1,,,,,,,,,,,,,,,,,,,,,,
166053,脇田温泉,46289,9755,False,1,,,,,,,,,,,,,,,,,,,,,,
166451,原鶴温泉,49609,10912,False,1,,,,,,,,,,,,,,,,,,,,,,
166452,筑後川温泉,45592,9223,False,1,22,0,2,0,0,0,0,0,0,5,2,2,0,2,5,0,0,0,1,0,1,2
166504,湯田中渋温泉郷,34245,9760,False,0,,,,,,,,,,,,,,,,,,,,,,
167666,二日市温泉 (筑紫野市),55014,11819,False,1,,,,,,,,,,,,,,,,,,,,,,
168395,霧島温泉郷,52932,14269,False,0,,,,,,,,,,,,,,,,,,,,,,
168409,風の国温泉,42604,8784,False,1,,,,,,,,,,,,,,,,,,,,,,
168451,人吉温泉,43563,9158,False,1,,,,,,,,,,,,,,,,,,,,,,
168460,満願寺温泉,53639,11861,False,1,,,,,,,,,,,,,,,,,,,,,,
168476,奴留湯温泉,43504,9105,False,1,,,,,,,,,,,,,,,,,,,,,,
169019,熊の川温泉,43853,8662,False,1,,,,,,,,,,,,,,,,,,,,,,
169069,古湯温泉,47100,9548,False,1,,,,,,,,,,,,,,,,,,,,,,
169719,武雄温泉,51546,11350,False,1,,,,,,,,,,,,,,,,,,,,,,
169798,柿下温泉,27740,6904,False,1,,,,,,,,,,,,,,,,,,,,,,
170581,薬王寺温泉,44203,9089,False,1,,,,,,,,,,,,,,,,,,,,,,
171281,博多温泉,43616,8766,False,1,,,,,,,,,,,,,,,,,,,,,,
171290,所田温泉,44219,9291,False,1,,,,,,,,,,,,,,,,,,,,,,
171679,白川郷平瀬温泉,29575,7642,False,1,,,,,,,,,,,,,,,,,,,,,,
171735,下田温泉 (熊本県),44373,8939,False,1,13,0,1,1,0,0,0,0,0,3,2,2,0,0,2,0,0,0,0,0,1,1
171740,湯来温泉,53922,11765,False,1,,,,,,,,,,,,,,,,,,,,,,
171743,ウトロ温泉,50690,10810,False,1,,,,,,,,,,,,,,,,,,,,,,
171744,小金湯温泉,51655,12703,False,1,,,,,,,,,,,,,,,,,,,,,,
171994,水無海浜温泉,35116,9644,False,1,23,0,0,0,0,0,1,3,3,3,1,2,0,2,4,0,0,0,3,0,1,0
172008,網走湖畔温泉,44502,9113,False,1,18,0,0,0,0,0,0,0,0,3,3,3,0,2,2,0,0,0,3,0,1,1
174156,北湯沢温泉,51114,11381,False,1,,,,,,,,,,,,,,,,,,,,,,
174241,白金温泉,51495,11202,False,1,22,0,1,1,1,0,0,0,0,2,2,3,0,2,6,0,0,0,1,0,1,2
174250,ぬかびら温泉,39033,10954,False,1,32,0,0,0,1,0,3,2,2,3,1,3,0,2,9,1,0,0,0,0,1,4
174256,半原温泉,31179,7805,False,1,,,,,,,,,,,,,,,,,,,,,,
174280,焼山温泉 (新潟県),48010,9528,False,1,20,1,0,0,1,0,0,0,0,4,4,3,0,2,2,1,1,0,0,0,1,0
174293,焼山温泉 (青森県),32946,8045,False,1,,,,,,,,,,,,,,,,,,,,,,
174300,十和田湖温泉郷,27986,7481,False,1,,,,,,,,,,,,,,,,,,,,,,
174305,十和田湖畔温泉,47778,9818,False,1,,,,,,,,,,,,,,,,,,,,,,
174325,金田一温泉,35361,9152,False,1,,,,,,,,,,,,,,,,,,,,,,
174332,繋温泉,29453,8122,False,1,,,,,,,,,,,,,,,,,,,,,,
174426,馬門温泉,28829,7745,False,1,,,,,,,,,,,,,,,,,,,,,,
174441,嶽温泉,31578,8469,False,1,,,,,,,,,,,,,,,,,,,,,,
174470,猿倉温泉,29553,7478,False,1,13,0,0,0,1,0,0,0,0,2,2,2,0,1,4,0,0,0,0,0,1,0
174481,みちのく温泉,35909,9644,False,1,23,0,0,1,0,0,0,0,0,3,3,3,0,1,10,0,1,0,0,0,0,1
174556,たらポッキ温泉,33941,9199,False,1,,,,,,,,,,,,,,,,,,,,,,
174567,三内温泉,49034,9877,False,1,,,,,,,,,,,,,,,,,,,,,,
174577,鷺ノ湯温泉,44574,8948,False,1,,,,,,,,,,,,,,,,,,,,,,
174586,秋元温泉,26775,7513,False,1,,,,,,,,,,,,,,,,,,,,,,
174588,知内温泉,49147,10456,False,1,20,0,0,0,0,0,0,0,0,2,4,2,0,2,8,0,0,0,0,0,1,1
174668,百沢温泉,45370,9230,False,1,16,0,0,0,0,0,0,0,0,3,2,2,0,2,3,0,0,0,3,0,1,0
174676,薬研温泉,45283,12709,False,2,,,,,,,,,,,,,,,,,,,,,,
174719,小原温泉,45913,9418,False,1,,,,,,,,,,,,,,,,,,,,,,
179340,関温泉,46314,9402,False,1,,,,,,,,,,,,,,,,,,,,,,
179350,燕温泉,50020,10843,False,1,,,,,,,,,,,,,,,,,,,,,,
179770,カルルス温泉,59137,12732,False,1,,,,,,,,,,,,,,,,,,,,,,
179777,権現温泉,29421,7529,False,1,,,,,,,,,,,,,,,,,,,,,,
180140,鈍川温泉,31021,7959,False,1,,,,,,,,,,,,,,,,,,,,,,
180144,道後温泉郷,22250,5823,False,0,,,,,,,,,,,,,,,,,,,,,,
180152,鶯宿温泉,30991,8680,False,1,,,,,,,,,,,,,,,,,,,,,,
180412,大牧温泉,49132,10622,False,1,23,1,2,0,0,0,0,2,2,4,2,2,0,2,2,1,0,0,1,0,1,1
180528,鐘釣温泉,47563,9960,False,1,,,,,,,,,,,,,,,,,,,,,,
183739,山田温泉 (富山県),46589,9697,False,1,,,,,,,,,,,,,,,,,,,,,,
183807,寺尾温泉,47215,9596,False,1,,,,,,,,,,,,,,,,,,,,,,
184090,袋田温泉,34813,10126,False,1,,,,,,,,,,,,,,,,,,,,,,
186574,安比温泉,32124,8711,False,1,,,,,,,,,,,,,,,,,,,,,,
186590,金太郎温泉,59358,12955,False,2,23,0,0,0,1,0,0,2,2,4,3,3,0,2,2,0,0,0,0,0,1,3
186600,呉羽山温泉,46200,9566,False,1,,,,,,,,,,,,,,,,,,,,,,
186602,川合田温泉,47365,9455,False,1,,,,,,,,,,,,,,,,,,,,,,
186703,犬鳴山温泉,34963,8952,False,1,31,0,1,1,1,0,0,1,1,3,6,6,0,1,5,2,0,1,0,0,1,1
186716,牛滝温泉,32810,8884,False,1,,,,,,,,,,,,,,,,,,,,,,
186729,森岳温泉,48455,9691,False,1,,,,,,,,,,,,,,,,,,,,,,
186735,塩田温泉,54523,11603,False,1,,,,,,,,,,,,,,,,,,,,,,
186765,芦ノ牧温泉,47455,10174,False,1,,,,,,,,,,,,,,,,,,,,,,
186790,湯野上温泉,48814,10010,False,1,27,0,1,0,0,0,0,2,2,5,2,2,0,2,2,0,0,5,2,0,1,1
186941,馬頭温泉郷,26953,7455,False,0,,,,,,,,,,,,,,,,,,,,,,
186951,老神温泉,54125,13238,False,1,,,,,,,,,,,,,,,,,,,,,,
186956,猿ヶ京温泉,52140,11299,False,1,,,,,,,,,,,,,,,,,,,,,,
186959,上牧温泉,47347,9650,False,1,,,,,,,,,,,,,,,,,,,,,,
186977,戸倉上山田温泉,63235,17671,False,1,,,,,,,,,,,,,,,,,,,,,,
186984,白山一里野温泉,31473,8210,False,1,,,,,,,,,,,,,,,,,,,,,,
186989,中宮温泉,31085,8258,False,1,,,,,,,,,,,,,,,,,,,,,,
187116,長良川温泉,46701,9849,False,1,,,,,,,,,,,,,,,,,,,,,,
187220,咲花温泉,45800,9776,False,1,,,,,,,,,,,,,,,,,,,,,,
187239,岩井戸温泉 (富山県),50065,9836,False,1,,,,,,,,,,,,,,,,,,,,,,
187242,岩井戸温泉 (福島県),44740,9212,False,1,,,,,,,,,,,,,,,,,,,,,,
187524,古町温泉,46669,9629,False,1,22,0,2,0,0,0,3,0,0,3,1,2,0,2,6,0,0,0,1,0,1,1
187531,宮島温泉,47283,9078,False,1,,,,,,,,,,,,,,,,,,,,,,
187626,俵山温泉,34042,9170,False,1,,,,,,,,,,,,,,,,,,,,,,
187968,湯田上温泉,44096,9310,False,1,,,,,,,,,,,,,,,,,,,,,,
187992,六日町温泉,45814,9678,False,1,,,,,,,,,,,,,,,,,,,,,,
188450,村杉温泉,46416,9706,False,1,,,,,,,,,,,,,,,,,,,,,,
188487,弥彦温泉,49523,11007,False,1,22,0,0,0,0,0,0,0,0,3,4,4,0,2,2,2,2,0,0,0,1,2
188493,岩室温泉,68932,12659,False,2,,,,,,,,,,,,,,,,,,,,,,
188569,市比野温泉,29622,7913,False,1,,,,,,,,,,,,,,,,,,,,,,
188572,西浦温泉,31322,8315,False,1,,,,,,,,,,,,,,,,,,,,,,
188576,形原温泉,33114,8862,False,1,,,,,,,,,,,,,,,,,,,,,,
188906,下の茗温泉,44986,9153,False,1,18,0,0,0,0,0,0,2,2,3,2,2,0,2,3,1,0,0,0,0,1,0
188917,祖母谷温泉,50339,10872,False,1,,,,,,,,,,,,,,,,,,,,,,
188919,京町温泉,51937,11243,False,1,,,,,,,,,,,,,,,,,,,,,,
188931,名剣温泉,47600,9874,False,1,,,,,,,,,,,,,,,,,,,,,,
188936,日当山温泉,37960,11672,False,0,31,0,4,1,0,1,1,0,0,3,2,2,10,0,0,0,0,0,2,1,1,3
188957,宮之城温泉,29205,7866,False,1,,,,,,,,,,,,,,,,,,,,,,
188985,穂高温泉,47736,10193,False,1,,,,,,,,,,,,,,,,,,,,,,
189400,石和温泉,63606,14683,False,1,,,,,,,,,,,,,,,,,,,,,,
189414,宝泉寺温泉,32069,8379,False,1,,,,,,,,,,,,,,,,,,,,,,
189465,湯之元温泉,28265,7458,False,1,,,,,,,,,,,,,,,,,,,,,,
189493,吹上温泉 (鹿児島県),29818,7763,False,1,,,,,,,,,,,,,,,,,,,,,,
189512,みくりが池温泉,53014,11875,False,1,,,,,,,,,,,,,,,,,,,,,,
189517,湯之尾温泉,40763,9931,False,1,,,,,,,,,,,,,,,,,,,,,,
189526,立山温泉,54115,13635,False,1,,,,,,,,,,,,,,,,,,,,,,
189528,川内高城温泉,30759,8016,False,1,,,,,,,,,,,,,,,,,,,,,,
189542,新川渓谷温泉郷,22894,6569,False,0,,,,,,,,,,,,,,,,,,,,,,
189634,日奈久温泉,53256,14162,False,1,,,,,,,,,,,,,,,,,,,,,,
189679,妙見温泉 (鹿児島県),30856,8161,False,1,,,,,,,,,,,,,,,,,,,,,,
189684,紫尾温泉,26526,6879,False,1,,,,,,,,,,,,,,,,,,,,,,
189696,湯の児温泉,45131,9979,False,1,,,,,,,,,,,,,,,,,,,,,,
189700,湯の鶴温泉,44250,9402,False,1,,,,,,,,,,,,,,,,,,,,,,
189708,植木温泉,43655,8942,False,1,18,0,1,1,0,0,0,0,0,4,2,2,0,0,5,1,0,0,0,0,1,1
189725,宮浜温泉,46581,9295,False,1,,,,,,,,,,,,,,,,,,,,,,
189873,湯抱温泉,44314,9237,False,1,22,0,2,0,0,0,0,0,0,4,3,3,0,2,2,0,0,0,4,0,1,1
189885,稲武夏焼温泉,48241,9635,False,1,,,,,,,,,,,,,,,,,,,,,,
189889,湯川温泉 (和歌山県),46388,9409,False,1,,,,,,,,,,,,,,,,,,,,,,
189903,海潮温泉,47159,9776,False,1,,,,,,,,,,,,,,,,,,,,,,
189906,三瓶温泉,44560,9531,False,1,25,0,0,2,0,0,0,0,0,4,2,2,0,2,8,0,2,0,2,0,1,0
189911,丸尾温泉,48445,10214,False,1,,,,,,,,,,,,,,,,,,,,,,
189920,島原温泉,46357,9700,False,1,,,,,,,,,,,,,,,,,,,,,,
189924,壱岐湯ノ本温泉,46561,9927,False,1,,,,,,,,,,,,,,,,,,,,,,
189929,籠坊温泉,47202,9985,False,1,22,0,2,2,0,0,0,0,0,5,3,3,0,2,3,0,0,0,0,0,1,1
189931,武田尾温泉,51031,10718,False,1,,,,,,,,,,,,,,,,,,,,,,
189937,藺牟田温泉,34627,8946,False,1,,,,,,,,,,,,,,,,,,,,,,
189952,梅ヶ島温泉,47537,10721,False,1,,,,,,,,,,,,,,,,,,,,,,
189972,洲本温泉,50747,10599,False,1,,,,,,,,,,,,,,,,,,,,,,
190015,虎杖浜温泉,46680,9711,False,1,,,,,,,,,,,,,,,,,,,,,,
190481,雌阿寒温泉,47719,10146,False,1,,,,,,,,,,,,,,,,,,,,,,
191325,羅臼温泉,28589,7415,False,1,,,,,,,,,,,,,,,,,,,,,,
191332,愛山渓温泉,50954,11755,False,1,,,,,,,,,,,,,,,,,,,,,,
191354,大仁温泉,44550,9637,False,1,,,,,,,,,,,,,,,,,,,,,,
192112,蟠渓温泉,45378,9290,False,1,,,,,,,,,,,,,,,,,,,,,,
192122,天人峡温泉,52410,12177,False,1,,,,,,,,,,,,,,,,,,,,,,
192445,雷電温泉,30047,8032,False,1,,,,,,,,,,,,,,,,,,,,,,
192452,朝里川温泉,48222,10071,False,1,17,0,2,0,0,0,0,0,0,2,2,2,0,2,2,0,0,0,2,0,1,2
192480,盃温泉,45944,9617,False,1,,,,,,,,,,,,,,,,,,,,,,
192538,濁川温泉,30796,8307,False,1,21,0,1,0,0,0,1,0,0,3,2,3,0,2,6,0,0,0,1,1,1,0
192559,二股ラヂウム温泉,52111,12175,False,1,26,1,0,3,0,0,0,2,2,2,2,2,0,2,7,1,0,0,0,0,1,1
192573,雲見温泉,54118,11782,False,1,,,,,,,,,,,,,,,,,,,,,,
192576,湯ヶ野温泉,44067,8810,False,1,,,,,,,,,,,,,,,,,,,,,,
192596,網代温泉,43771,8997,False,1,,,,,,,,,,,,,,,,,,,,,,
192604,堂ヶ島温泉,50463,10297,False,1,,,,,,,,,,,,,,,,,,,,,,
192609,松崎温泉,43389,8889,False,1,,,,,,,,,,,,,,,,,,,,,,
192611,下賀茂温泉,43341,9030,False,1,18,0,1,0,0,0,0,0,0,3,2,2,0,2,2,0,0,0,4,0,1,1
192614,夕日ヶ浦温泉,47380,10665,False,1,,,,,,,,,,,,,,,,,,,,,,
192616,赤穂御崎温泉,48371,9832,False,1,21,0,0,1,0,0,0,0,0,4,2,2,0,2,4,0,0,0,4,0,1,1
192621,湯谷温泉 (山口県),45462,9465,False,1,,,,,,,,,,,,,,,,,,,,,,
192624,湯野温泉,44138,9071,False,1,,,,,,,,,,,,,,,,,,,,,,
192627,荒川温泉 (青森県),26556,6829,False,1,,,,,,,,,,,,,,,,,,,,,,
192632,荒川温泉 (長崎県),42468,8589,False,1,,,,,,,,,,,,,,,,,,,,,,
192980,長者原温泉,29352,7396,False,1,,,,,,,,,,,,,,,,,,,,,,
192998,古里温泉,33022,8246,False,1,,,,,,,,,,,,,,,,,,,,,,
193011,尾之間温泉,28665,7593,False,1,,,,,,,,,,,,,,,,,,,,,,
193039,松島温泉 (熊本県),44735,9152,False,1,,,,,,,,,,,,,,,,,,,,,,
193044,松島温泉 (栃木県),46355,9292,False,1,,,,,,,,,,,,,,,,,,,,,,
195307,久美の浜温泉,44793,9089,False,1,,,,,,,,,,,,,,,,,,,,,,
195311,久美浜シーサイド温泉,45495,9235,False,1,,,,,,,,,,,,,,,,,,,,,,
195336,こんだ薬師温泉,49123,10426,False,1,,,,,,,,,,,,,,,,,,,,,,
195486,花敷温泉,43941,8968,False,1,15,0,2,0,1,0,0,0,0,3,2,2,0,2,2,0,0,0,0,0,1,0
195833,小安峡温泉,48448,9585,False,1,,,,,,,,,,,,,,,,,,,,,,
195910,シルク温泉,47402,10500,False,1,,,,,,,,,,,,,,,,,,,,,,
196060,美ヶ原温泉,51377,11063,False,1,,,,,,,,,,,,,,,,,,,,,,
196063,碁点温泉,45109,9105,False,1,17,0,1,0,0,0,0,0,0,4,2,2,0,2,2,0,0,0,2,0,1,1
196149,新甲子温泉,46106,9522,False,1,25,0,1,0,0,0,0,0,0,5,0,2,0,2,6,2,0,0,4,0,1,2
199301,敷島温泉,46206,9200,False,1,,,,,,,,,,,,,,,,,,,,,,
199309,片品温泉,26376,7001,False,0,,,,,,,,,,,,,,,,,,,,,,
199686,早戸温泉,43802,8971,False,1,,,,,,,,,,,,,,,,,,,,,,
199706,沓野温泉,45269,10083,False,1,,,,,,,,,,,,,,,,,,,,,,
199719,田沢温泉,47959,10211,False,1,21,0,1,1,0,0,0,0,0,4,2,2,0,2,2,0,0,0,4,0,1,2
199728,沓掛温泉,51123,10846,False,1,19,0,1,1,0,0,0,1,1,4,3,2,0,2,2,0,0,0,0,0,1,1
202337,中房温泉,60458,14773,False,1,,,,,,,,,,,,,,,,,,,,,,
202358,霊泉寺温泉,47336,9995,False,1,,,,,,,,,,,,,,,,,,,,,,
202367,大塩温泉 (長野県),48107,9769,False,1,,,,,,,,,,,,,,,,,,,,,,
202390,大塩温泉 (福島県),47637,10370,False,1,,,,,,,,,,,,,,,,,,,,,,
203169,吉井温泉 (福岡県),45273,9137,False,1,,,,,,,,,,,,,,,,,,,,,,
203206,吉井温泉 (群馬県),45638,9103,False,1,,,,,,,,,,,,,,,,,,,,,,
203213,奈女沢温泉,79970,15699,False,1,,,,,,,,,,,,,,,,,,,,,,
203226,湯宿温泉,48863,10208,False,1,18,0,0,0,0,0,0,0,0,4,2,2,0,2,3,0,0,0,3,0,1,1
203232,川古温泉,48190,9765,False,1,,,,,,,,,,,,,,,,,,,,,,
203419,綱島温泉,57909,16049,False,2,40,1,1,3,0,0,0,3,3,4,3,4,0,2,7,0,0,0,6,1,1,1
204085,大塩裏磐梯温泉,47061,9607,False,1,,,,,,,,,,,,,,,,,,,,,,
204439,矢野温泉,44507,9254,False,1,,,,,,,,,,,,,,,,,,,,,,
205735,芦別温泉,64914,16001,False,1,,,,,,,,,,,,,,,,,,,,,,
205867,中岳温泉,45923,10026,False,1,,,,,,,,,,,,,,,,,,,,,,
207179,三丘温泉,47220,9639,False,1,,,,,,,,,,,,,,,,,,,,,,
207294,奈古谷温泉,43997,9321,False,1,,,,,,,,,,,,,,,,,,,,,,
207302,畑毛温泉,45067,9613,False,1,,,,,,,,,,,,,,,,,,,,,,
207343,田の原温泉,44671,9165,False,1,15,0,2,0,0,0,0,0,0,3,2,2,0,2,2,0,0,0,0,0,1,1
207414,るり渓温泉,45808,9651,False,1,,,,,,,,,,,,,,,,,,,,,,
207577,湯ノ岱温泉 (北海道),46204,9480,False,1,21,3,2,1,0,0,0,0,0,2,1,1,0,4,4,1,0,0,0,0,1,1
207580,湯ノ岱温泉 (秋田県),53288,11496,False,1,,,,,,,,,,,,,,,,,,,,,,
207589,幕別温泉,50182,11210,False,1,,,,,,,,,,,,,,,,,,,,,,
207901,地獄谷温泉 (長野県),52902,10998,False,1,,,,,,,,,,,,,,,,,,,,,,
209015,ながぬま温泉,47157,9633,False,1,,,,,,,,,,,,,,,,,,,,,,
209453,平内海中温泉,30622,7964,False,1,,,,,,,,,,,,,,,,,,,,,,
210844,長沼温泉 (山形県),44613,8896,False,1,,,,,,,,,,,,,,,,,,,,,,
210873,十勝岳温泉,67624,18099,False,1,,,,,,,,,,,,,,,,,,,,,,
211121,菅野温泉,65854,16141,False,1,,,,,,,,,,,,,,,,,,,,,,
211999,東莱温泉,25358,7098,False,0,,,,,,,,,,,,,,,,,,,,,,
212002,儒城温泉,25924,7544,False,0,9,0,0,2,0,1,0,0,0,2,0,1,0,0,1,1,0,0,0,0,0,1
213253,佐野川温泉,46900,9462,False,1,,,,,,,,,,,,,,,,,,,,,,
213795,洞爺温泉,46713,9700,False,1,,,,,,,,,,,,,,,,,,,,,,
216993,大深温泉,47538,9400,False,1,,,,,,,,,,,,,,,,,,,,,,
218474,ポーリン温泉,33452,9540,False,0,,,,,,,,,,,,,,,,,,,,,,
219425,美川温泉,30947,7702,False,1,19,0,1,0,0,0,0,0,0,3,2,2,0,2,5,0,2,0,0,0,1,1
219845,吉川温泉,49836,10174,False,1,,,,,,,,,,,,,,,,,,,,,,
220776,昆布川温泉,45023,8781,False,1,,,,,,,,,,,,,,,,,,,,,,
220886,ニセコ昆布温泉,31332,7487,False,1,,,,,,,,,,,,,,,,,,,,,,
221065,ニセコ新見温泉,55214,11720,False,1,,,,,,,,,,,,,,,,,,,,,,
221091,ニセコ東山温泉,28017,7072,False,1,,,,,,,,,,,,,,,,,,,,,,
221104,ニセコアンヌプリ温泉,47737,9564,False,1,,,,,,,,,,,,,,,,,,,,,,
221115,ニセコ駅前温泉,44409,8944,False,1,,,,,,,,,,,,,,,,,,,,,,
223252,喜連川温泉,59873,15949,False,1,30,0,0,0,0,0,0,0,0,4,2,2,0,3,5,0,2,3,6,0,1,2
223441,湯谷温泉 (島根県),44158,8703,False,1,,,,,,,,,,,,,,,,,,,,,,
226729,滝の湯温泉,45843,9326,False,1,,,,,,,,,,,,,,,,,,,,,,
227260,北見温泉,45116,9469,False,1,,,,,,,,,,,,,,,,,,,,,,
227581,谷地頭温泉,48458,10399,False,1,,,,,,,,,,,,,,,,,,,,,,
231708,紅葉温泉,45313,9152,False,1,,,,,,,,,,,,,,,,,,,,,,
231726,大歩危温泉,43625,8815,False,1,,,,,,,,,,,,,,,,,,,,,,
234850,静内温泉,46781,10130,False,1,,,,,,,,,,,,,,,,,,,,,,
235529,割石温泉,40070,9805,False,1,,,,,,,,,,,,,,,,,,,,,,
235914,馬曲温泉,50170,10290,False,1,,,,,,,,,,,,,,,,,,,,,,
240373,江汐湖温泉,44804,8999,False,1,,,,,,,,,,,,,,,,,,,,,,
240684,由仁温泉,28222,7191,False,1,,,,,,,,,,,,,,,,,,,,,,
240760,かぶと湯温泉,50230,11163,False,1,,,,,,,,,,,,,,,,,,,,,,
242994,赤石温泉 (山梨県),46568,9284,False,1,,,,,,,,,,,,,,,,,,,,,,
248315,戸田温泉,45528,8927,False,1,,,,,,,,,,,,,,,,,,,,,,
253748,五味温泉,54729,12205,False,1,,,,,,,,,,,,,,,,,,,,,,
255773,玉川温泉 (秋田県),85991,25019,False,1,52,2,4,4,1,0,1,2,2,7,2,5,0,1,7,3,2,0,6,0,1,2
255776,玉川温泉 (埼玉県),49363,10169,False,1,25,0,0,0,0,0,0,0,0,2,4,4,0,2,2,2,2,0,5,0,1,1
262736,麻布十番温泉,27902,8173,False,0,,,,,,,,,,,,,,,,,,,,,,
262852,白寿の湯,44072,8689,False,1,,,,,,,,,,,,,,,,,,,,,,
269873,霧積温泉,48704,10479,False,1,15,0,0,1,0,0,0,0,0,3,2,2,0,2,3,0,0,0,0,0,1,1
278880,湯屋温泉,32220,8624,False,1,,,,,,,,,,,,,,,,,,,,,,
278907,下島温泉,29754,7911,False,1,,,,,,,,,,,,,,,,,,,,,,
282577,木津温泉,47089,10082,False,1,,,,,,,,,,,,,,,,,,,,,,
283587,網張温泉,48505,10802,False,1,,,,,,,,,,,,,,,,,,,,,,
283615,美又温泉,44768,9098,False,1,,,,,,,,,,,,,,,,,,,,,,
284379,柳津温泉,45847,9237,False,1,,,,,,,,,,,,,,,,,,,,,,
284991,白子温泉,44451,9098,False,1,,,,,,,,,,,,,,,,,,,,,,
285171,勝浦温泉,45138,9184,False,1,14,0,0,0,0,0,0,0,0,3,2,2,0,2,3,0,0,0,1,0,1,0
292807,重富温泉,27193,6990,False,1,,,,,,,,,,,,,,,,,,,,,,
293813,浜島温泉,49269,10094,False,1,,,,,,,,,,,,,,,,,,,,,,
294296,阿児温泉,43621,8932,False,1,,,,,,,,,,,,,,,,,,,,,,
299022,只見温泉,43987,9029,False,1,,,,,,,,,,,,,,,,,,,,,,
300344,のりくら温泉郷,25538,7348,False,0,,,,,,,,,,,,,,,,,,,,,,
300805,乗鞍高原温泉,51166,11130,False,1,,,,,,,,,,,,,,,,,,,,,,
309992,平賀温泉郷,28685,7720,False,0,,,,,,,,,,,,,,,,,,,,,,
312963,甲斐大泉温泉,45702,9037,False,1,,,,,,,,,,,,,,,,,,,,,,
315746,杖立温泉,51426,12778,False,1,,,,,,,,,,,,,,,,,,,,,,
318619,白浜温泉 (千葉県),46589,9489,False,1,,,,,,,,,,,,,,,,,,,,,,
320269,早太郎温泉,46838,9530,False,1,,,,,,,,,,,,,,,,,,,,,,
332952,浪岡温泉,29018,7978,False,1,,,,,,,,,,,,,,,,,,,,,,
343428,大雪高原温泉,34927,9702,False,1,,,,,,,,,,,,,,,,,,,,,,
352479,上高地温泉,57617,11071,False,1,,,,,,,,,,,,,,,,,,,,,,
359249,姥子温泉,33520,9352,False,1,,,,,,,,,,,,,,,,,,,,,,
362695,切明温泉,48325,9824,False,1,22,1,2,0,0,0,0,2,2,3,1,2,0,3,3,1,0,0,0,0,1,1
363643,相乗温泉,52188,11179,False,1,,,,,,,,,,,,,,,,,,,,,,
364024,板橋温泉,45783,9601,False,1,,,,,,,,,,,,,,,,,,,,,,
364846,有毒温泉,30742,8617,False,1,,,,,,,,,,,,,,,,,,,,,,
368729,地獄温泉,52753,13310,False,1,17,0,0,0,1,0,0,2,2,2,2,3,0,0,4,0,0,0,0,0,1,0
369845,蓮華温泉,59176,14903,False,1,,,,,,,,,,,,,,,,,,,,,,
370444,雨飾温泉,47884,10990,False,1,15,0,0,2,0,0,0,0,0,4,1,2,0,0,2,0,0,0,3,0,1,0
373608,白馬鑓温泉,57727,13441,False,1,,,,,,,,,,,,,,,,,,,,,,
374253,垂玉温泉,50928,10837,False,1,,,,,,,,,,,,,,,,,,,,,,
380035,弓ヶ浜温泉 (熊本県),44171,9053,False,1,,,,,,,,,,,,,,,,,,,,,,
384216,太山寺温泉,54113,11573,False,1,,,,,,,,,,,,,,,,,,,,,,
398527,摂津峡温泉,30121,8319,False,1,,,,,,,,,,,,,,,,,,,,,,
428928,梨木温泉,47781,9653,False,1,,,,,,,,,,,,,,,,,,,,,,
433459,花山温泉,46163,9225,False,1,,,,,,,,,,,,,,,,,,,,,,
437695,星野温泉,55168,11476,False,1,,,,,,,,,,,,,,,,,,,,,,
452221,二口温泉,44418,8993,False,1,,,,,,,,,,,,,,,,,,,,,,
458781,出湯温泉,55391,17486,False,1,,,,,,,,,,,,,,,,,,,,,,
470704,河津七滝温泉,48712,11518,False,1,27,2,2,0,0,0,1,0,0,4,2,2,0,0,2,2,0,0,9,0,1,0
475315,天塩川温泉,44442,9171,False,1,22,0,3,1,0,0,0,0,0,2,2,2,0,2,4,2,0,0,2,0,1,1
475475,摩周温泉,44112,9008,False,1,,,,,,,,,,,,,,,,,,,,,,
475556,壮瞥温泉,28608,7223,False,1,,,,,,,,,,,,,,,,,,,,,,
476425,白久温泉,45086,8978,False,1,,,,,,,,,,,,,,,,,,,,,,
476436,松山温泉 (山形県),44929,9181,False,1,,,,,,,,,,,,,,,,,,,,,,
477754,神通温泉,46339,9525,False,1,,,,,,,,,,,,,,,,,,,,,,
478423,西吉野温泉,45235,9372,False,1,,,,,,,,,,,,,,,,,,,,,,
479331,高槻樫田温泉,31483,7962,False,1,,,,,,,,,,,,,,,,,,,,,,
480559,三国温泉,50504,10458,False,1,,,,,,,,,,,,,,,,,,,,,,
480706,越前玉川温泉,46585,9163,False,1,,,,,,,,,,,,,,,,,,,,,,
487235,天の川温泉,46493,9466,False,1,13,0,1,0,0,0,0,0,0,2,2,2,0,0,4,0,0,0,1,0,1,0
503387,塩江温泉,31564,8420,False,1,,,,,,,,,,,,,,,,,,,,,,
508007,和琴温泉,46516,9738,False,1,,,,,,,,,,,,,,,,,,,,,,
508009,コタン温泉,48032,10006,False,1,,,,,,,,,,,,,,,,,,,,,,
508014,西表島温泉,46790,9783,False,1,,,,,,,,,,,,,,,,,,,,,,
509319,沼尻温泉,48724,10070,False,1,,,,,,,,,,,,,,,,,,,,,,
518823,十勝川温泉,76691,18490,False,1,,,,,,,,,,,,,,,,,,,,,,
520516,池の平温泉 (立科町),46390,9358,False,1,,,,,,,,,,,,,,,,,,,,,,
530742,姫川温泉,49878,10003,False,1,25,0,2,0,0,0,0,0,0,4,2,2,0,3,4,0,3,0,4,0,1,0
536447,湯野川温泉,50539,10705,False,1,,,,,,,,,,,,,,,,,,,,,,
536691,一の俣温泉,48077,9614,False,1,20,1,0,0,0,0,0,2,2,4,3,3,0,0,3,1,0,0,0,0,1,0
564725,阿武川温泉,44391,8995,False,1,,,,,,,,,,,,,,,,,,,,,,
568785,新鶴温泉,49653,10815,False,1,,,,,,,,,,,,,,,,,,,,,,
573070,川原毛大湯滝,32470,8999,False,2,,,,,,,,,,,,,,,,,,,,,,
573466,浜坂温泉,51310,10666,False,1,,,,,,,,,,,,,,,,,,,,,,
573468,七釜温泉,49132,10227,False,1,,,,,,,,,,,,,,,,,,,,,,
573469,二日市温泉,20352,5839,True,0,,,,,,,,,,,,,,,,,,,,,,
578932,敦賀トンネル温泉,47690,9823,False,1,20,2,0,0,0,0,0,0,0,2,2,2,0,2,4,2,2,0,0,0,1,1
587841,あやべ温泉,32227,7930,False,1,,,,,,,,,,,,,,,,,,,,,,
606458,鵜の浜温泉,47595,9519,False,1,,,,,,,,,,,,,,,,,,,,,,
606851,矢板温泉,52026,12228,False,1,,,,,,,,,,,,,,,,,,,,,,
606939,光徳温泉,48012,9796,False,1,,,,,,,,,,,,,,,,,,,,,,
606971,中禅寺温泉,48691,9939,False,1,22,0,0,0,0,0,0,0,0,3,4,4,0,0,1,0,0,1,6,0,1,2
606987,三斗小屋温泉,51729,10702,False,1,31,0,0,0,0,0,2,2,2,4,2,2,0,2,6,3,0,0,3,0,1,2
607271,吹上温泉 (北海道),52256,11921,False,1,,,,,,,,,,,,,,,,,,,,,,
608496,大田原温泉,29560,8315,False,0,,,,,,,,,,,,,,,,,,,,,,
608527,佐久山温泉,47292,9565,False,1,,,,,,,,,,,,,,,,,,,,,,
608797,瀬石温泉,48872,10776,False,1,,,,,,,,,,,,,,,,,,,,,,
608803,相泊温泉,44490,8991,False,1,,,,,,,,,,,,,,,,,,,,,,
612886,早乙女温泉,49496,10134,False,1,,,,,,,,,,,,,,,,,,,,,,
613883,小川温泉 (富山県),49877,10371,False,1,,,,,,,,,,,,,,,,,,,,,,
614436,倉真温泉,42320,8432,False,1,,,,,,,,,,,,,,,,,,,,,,
619187,榛名湖温泉,46752,9646,False,1,,,,,,,,,,,,,,,,,,,,,,
630527,川北温泉,47344,10434,False,1,,,,,,,,,,,,,,,,,,,,,,
631075,七里田温泉,40580,11683,False,1,,,,,,,,,,,,,,,,,,,,,,
647613,二岐温泉,53185,12075,False,1,,,,,,,,,,,,,,,,,,,,,,
651019,会津川口温泉,46497,9508,False,1,,,,,,,,,,,,,,,,,,,,,,
656892,高根沢温泉,48225,9674,False,1,,,,,,,,,,,,,,,,,,,,,,
670935,関子嶺温泉,87437,18426,False,1,,,,,,,,,,,,,,,,,,,,,,
671935,奥熊野温泉,45051,8921,False,1,17,0,0,0,0,0,0,0,0,2,2,2,0,0,7,2,0,0,1,0,1,0
672836,上小野温泉,45137,8860,False,1,,,,,,,,,,,,,,,,,,,,,,
674696,天神山温泉,44285,8922,False,1,,,,,,,,,,,,,,,,,,,,,,
688537,北山鉱泉,45548,9006,False,1,,,,,,,,,,,,,,,,,,,,,,
700766,宮内温泉,52333,12245,False,1,,,,,,,,,,,,,,,,,,,,,,
703559,岩瀬湯本温泉,46970,9521,False,1,,,,,,,,,,,,,,,,,,,,,,
721699,船瀬温泉,44537,9383,False,1,,,,,,,,,,,,,,,,,,,,,,
724294,渡合温泉,29807,8130,False,1,,,,,,,,,,,,,,,,,,,,,,
743821,寒河江温泉,47632,10279,False,1,,,,,,,,,,,,,,,,,,,,,,
754562,新祖谷温泉,44638,8848,False,1,,,,,,,,,,,,,,,,,,,,,,
759215,川俣温泉,54942,11685,False,1,,,,,,,,,,,,,,,,,,,,,,
761435,塩原新湯温泉,51738,10590,False,1,,,,,,,,,,,,,,,,,,,,,,
761448,塩原元湯温泉,50582,10576,False,1,,,,,,,,,,,,,,,,,,,,,,
761588,塩の湯温泉 (栃木県),48065,9725,False,1,,,,,,,,,,,,,,,,,,,,,,
761670,大網温泉,47630,9679,False,1,,,,,,,,,,,,,,,,,,,,,,
761704,福渡温泉,46201,9407,False,1,,,,,,,,,,,,,,,,,,,,,,
761825,塩の湯温泉 (新潟県),47250,9804,False,1,,,,,,,,,,,,,,,,,,,,,,
762011,塩釜温泉,47218,9621,False,1,,,,,,,,,,,,,,,,,,,,,,
762178,中塩原温泉,48360,9773,False,1,,,,,,,,,,,,,,,,,,,,,,
762203,上塩原温泉,46306,9380,False,1,,,,,,,,,,,,,,,,,,,,,,
762867,大沢温泉 (栃木県),48555,9862,False,1,,,,,,,,,,,,,,,,,,,,,,
762892,芦野温泉,48640,9692,False,1,,,,,,,,,,,,,,,,,,,,,,
766755,塩谷温泉,36799,10131,False,0,,,,,,,,,,,,,,,,,,,,,,
769054,上河内温泉,52386,11153,False,1,,,,,,,,,,,,,,,,,,,,,,
769087,黒羽温泉,48518,9947,False,1,,,,,,,,,,,,,,,,,,,,,,
773273,板室温泉,59186,13791,False,1,,,,,,,,,,,,,,,,,,,,,,
777866,霧島神宮温泉,29351,7943,False,1,,,,,,,,,,,,,,,,,,,,,,
789822,鳴滝温泉,47526,9958,False,1,,,,,,,,,,,,,,,,,,,,,,
790038,王喜温泉・糸根温泉,47045,9556,False,1,,,,,,,,,,,,,,,,,,,,,,
793140,鶴ヶ浜温泉,49873,10213,False,1,13,0,0,0,0,0,0,0,0,4,2,4,0,0,2,0,0,0,0,0,1,0
799290,川汲温泉,46271,10852,False,1,,,,,,,,,,,,,,,,,,,,,,
799361,篭岩温泉,46678,9184,False,1,,,,,,,,,,,,,,,,,,,,,,
800130,犬吠埼温泉,47637,10043,False,1,,,,,,,,,,,,,,,,,,,,,,
811575,恵庭温泉,46385,9849,False,1,,,,,,,,,,,,,,,,,,,,,,
813360,母畑温泉,49033,10050,False,1,,,,,,,,,,,,,,,,,,,,,,
817112,吉良温泉,31241,9249,False,1,,,,,,,,,,,,,,,,,,,,,,
819699,猫啼温泉,47191,9761,False,1,,,,,,,,,,,,,,,,,,,,,,
819755,片倉温泉 (山口県),45707,9233,False,1,,,,,,,,,,,,,,,,,,,,,,
819832,片倉温泉 (福島県),48192,9587,False,1,,,,,,,,,,,,,,,,,,,,,,
819886,塩ノ沢温泉 (群馬県),47787,9487,False,1,,,,,,,,,,,,,,,,,,,,,,
819913,塩ノ沢温泉 (茨城県),28129,7040,False,1,,,,,,,,,,,,,,,,,,,,,,
820641,湯の口温泉,49813,10061,False,1,22,0,0,0,1,0,0,0,0,4,2,2,0,2,3,0,0,0,4,0,1,3
825115,南部アルカディア温泉,51486,11303,False,1,,,,,,,,,,,,,,,,,,,,,,
825863,鹿塩温泉,49302,10882,False,1,,,,,,,,,,,,,,,,,,,,,,
825889,小渋温泉,46782,9460,False,1,19,2,1,1,0,0,0,0,0,3,2,2,0,2,4,0,0,0,0,0,1,1
826376,新湯田中温泉,44357,9029,False,1,19,0,0,0,0,0,2,2,2,3,2,3,0,0,2,0,0,0,2,0,1,0
826940,安代温泉,43396,8834,False,1,,,,,,,,,,,,,,,,,,,,,,
827326,坂巻温泉,30009,8117,False,1,,,,,,,,,,,,,,,,,,,,,,
827365,上林温泉,48426,10859,False,1,,,,,,,,,,,,,,,,,,,,,,
827367,葛温泉,49864,10273,False,1,,,,,,,,,,,,,,,,,,,,,,
828508,よませ温泉,46220,9627,False,1,,,,,,,,,,,,,,,,,,,,,,
828793,発哺温泉,51322,10551,False,1,,,,,,,,,,,,,,,,,,,,,,
830139,鰻温泉,28391,7565,False,1,,,,,,,,,,,,,,,,,,,,,,
831357,天神岬温泉,45702,9215,False,1,,,,,,,,,,,,,,,,,,,,,,
834124,熊の湯温泉,46727,9757,False,1,,,,,,,,,,,,,,,,,,,,,,
834798,大滝温泉 (秋田県),33342,8162,False,1,20,0,1,0,0,0,1,2,2,6,2,2,0,0,2,0,0,0,0,0,1,1
838586,星川温泉,45968,9656,False,1,,,,,,,,,,,,,,,,,,,,,,
840416,竹瓦温泉,34982,10067,False,0,,,,,,,,,,,,,,,,,,,,,,
843186,伏目温泉,30665,8449,False,1,,,,,,,,,,,,,,,,,,,,,,
845740,斐乃上温泉,45075,8914,False,1,22,0,0,0,0,0,0,2,2,4,2,2,0,2,2,2,2,0,0,0,1,1
846013,北志賀温泉,46372,9724,False,1,,,,,,,,,,,,,,,,,,,,,,
846016,湊山温泉,34584,10663,False,1,,,,,,,,,,,,,,,,,,,,,,
848319,大葛温泉,32574,7764,False,1,,,,,,,,,,,,,,,,,,,,,,
849048,東和温泉,30421,7877,False,1,18,2,0,0,0,0,0,0,0,2,2,2,0,2,6,1,0,0,0,0,1,0
849206,ストロックル間欠泉,27287,8351,False,0,,,,,,,,,,,,,,,,,,,,,,
850049,法林寺温泉,51162,10790,False,1,,,,,,,,,,,,,,,,,,,,,,
850457,伊豆山温泉,52596,13795,False,1,,,,,,,,,,,,,,,,,,,,,,
851706,地獄谷温泉 (富山県),61863,17595,False,1,,,,,,,,,,,,,,,,,,,,,,
852350,大谷温泉 (富山県),48183,9814,False,1,25,0,0,0,0,0,0,2,2,3,2,2,0,2,5,4,0,0,2,0,1,0
863365,開聞温泉,26045,6573,False,1,,,,,,,,,,,,,,,,,,,,,,
866189,戸狩温泉,49699,9743,False,1,,,,,,,,,,,,,,,,,,,,,,
870263,長万部温泉,47297,9535,False,1,,,,,,,,,,,,,,,,,,,,,,
871863,熊入温泉,44714,9042,False,1,16,0,0,0,0,1,0,2,2,2,0,0,0,2,2,2,0,0,2,0,1,0
872462,潮温泉,46606,9168,False,1,,,,,,,,,,,,,,,,,,,,,,
872531,昭和温泉 (福島県),48328,9267,False,1,,,,,,,,,,,,,,,,,,,,,,
873409,くろがね温泉,54536,13085,False,1,,,,,,,,,,,,,,,,,,,,,,
875872,奥嬬恋温泉,46162,9369,False,1,,,,,,,,,,,,,,,,,,,,,,
895537,木戸池温泉,47101,9445,False,1,17,0,0,0,0,0,0,0,0,3,2,2,0,2,4,2,0,0,0,0,1,1
896032,竜王温泉,47222,9793,False,1,,,,,,,,,,,,,,,,,,,,,,
903538,夏瀬温泉,54580,11207,False,1,,,,,,,,,,,,,,,,,,,,,,
905650,河内千丈温泉,34568,9946,False,1,,,,,,,,,,,,,,,,,,,,,,
916335,有村温泉,44698,9233,False,1,,,,,,,,,,,,,,,,,,,,,,
917662,佐野温泉,52841,13251,False,1,22,1,0,0,0,0,0,2,2,6,0,2,0,1,3,1,1,0,0,0,1,2
922069,小薮温泉,29858,7816,False,1,,,,,,,,,,,,,,,,,,,,,,
928129,鉄輪温泉,42402,12232,False,0,,,,,,,,,,,,,,,,,,,,,,
933343,白雲谷温泉,33280,8608,False,1,,,,,,,,,,,,,,,,,,,,,,
936080,温陽温泉,30163,7609,False,1,,,,,,,,,,,,,,,,,,,,,,
941114,高野温泉,49206,10534,False,1,,,,,,,,,,,,,,,,,,,,,,
944371,伊豆湯河原温泉,27297,6989,False,1,,,,,,,,,,,,,,,,,,,,,,
949433,赤怒谷温泉,48289,9910,False,1,,,,,,,,,,,,,,,,,,,,,,
949633,ぽんぴら温泉,43389,8636,False,1,,,,,,,,,,,,,,,,,,,,,,
949660,びふか温泉,45478,8975,False,1,21,0,0,0,0,0,0,2,2,2,2,2,0,2,5,2,0,0,0,0,1,1
949954,鍬渓温泉,56827,14021,False,1,25,0,1,0,0,0,0,2,2,3,2,2,0,2,6,0,0,1,0,1,1,2
950746,さるふつ温泉,46831,9390,False,1,21,2,0,0,0,0,0,0,0,2,3,3,0,2,2,1,0,0,4,0,1,1
950764,日本三大美肌の湯,24943,6805,False,0,,,,,,,,,,,,,,,,,,,,,,
950885,ピンネシリ温泉,46282,9218,False,1,,,,,,,,,,,,,,,,,,,,,,
950902,浜頓別温泉,44865,8760,False,1,,,,,,,,,,,,,,,,,,,,,,
950913,枝幸温泉,44422,8870,False,1,,,,,,,,,,,,,,,,,,,,,,
951362,天塩温泉,26172,6702,False,1,16,0,0,0,0,0,0,0,0,2,2,2,0,2,6,0,0,0,0,0,1,1
951366,初山別温泉,44460,8695,False,1,,,,,,,,,,,,,,,,,,,,,,
951382,歌登温泉,46374,9966,False,1,,,,,,,,,,,,,,,,,,,,,,
953908,旭温泉 (北海道),47275,9989,False,1,,,,,,,,,,,,,,,,,,,,,,
954977,利尻富士温泉,43739,8727,False,1,,,,,,,,,,,,,,,,,,,,,,
955328,旭温泉 (島根県),43526,8798,False,1,,,,,,,,,,,,,,,,,,,,,,
955398,毒沢温泉,46859,9534,False,1,20,2,0,1,0,0,0,0,0,3,2,2,0,2,4,1,1,0,0,0,1,1
956558,協和温泉,52616,11685,False,1,31,2,1,0,0,0,0,0,0,2,2,2,0,2,12,2,3,1,0,0,1,1
961026,扉温泉,45740,9391,False,1,19,2,1,0,1,0,0,0,0,2,2,2,0,2,3,2,0,0,0,0,1,1
963810,上畑温泉,31186,7564,False,1,,,,,,,,,,,,,,,,,,,,,,
966973,伊達温泉,44673,8754,False,1,15,0,0,0,0,0,0,0,0,2,1,2,0,2,4,2,0,0,0,0,1,1
966992,豊浦温泉,49188,10427,False,1,,,,,,,,,,,,,,,,,,,,,,
967902,新冠温泉,44591,8756,False,1,22,2,0,0,0,0,0,0,0,2,2,2,0,2,7,2,0,0,1,0,1,1
967908,門別温泉,45075,8935,False,1,25,2,0,0,0,0,0,0,0,2,1,2,0,2,9,3,2,0,0,0,1,1
967918,沙流川温泉,48638,9467,False,1,,,,,,,,,,,,,,,,,,,,,,
967934,平取温泉,45036,8866,False,1,,,,,,,,,,,,,,,,,,,,,,
967960,樹海温泉,45215,8912,False,1,,,,,,,,,,,,,,,,,,,,,,
968404,黒松内温泉,45283,8772,False,1,,,,,,,,,,,,,,,,,,,,,,
968409,留寿都温泉,27118,6802,False,1,11,0,0,0,0,0,0,0,0,2,0,0,0,2,2,0,2,0,0,0,1,2
969128,真狩温泉,45932,9084,False,1,,,,,,,,,,,,,,,,,,,,,,
969154,京極温泉,45087,8952,False,1,,,,,,,,,,,,,,,,,,,,,,
969222,千走川温泉,46662,9336,False,1,,,,,,,,,,,,,,,,,,,,,,
969228,モッタ海岸温泉,46986,9636,False,1,23,1,0,0,0,0,0,0,0,2,2,2,0,2,9,2,1,0,0,0,1,1
969235,川上温泉 (北海道),44751,8760,False,1,,,,,,,,,,,,,,,,,,,,,,
969695,積丹温泉,47076,9478,False,1,20,2,0,0,0,0,0,0,0,3,1,2,0,2,5,2,2,0,0,0,1,0
970055,裏磐梯川上温泉,46095,9204,False,1,,,,,,,,,,,,,,,,,,,,,,
971680,仲洞爺温泉,51939,11279,False,1,,,,,,,,,,,,,,,,,,,,,,
980308,飛島温泉,31183,7990,False,1,19,0,0,0,0,0,0,2,2,3,0,0,2,2,5,2,0,0,0,0,1,0
980358,木曽岬温泉,49158,9565,False,1,12,0,0,0,0,0,0,0,0,2,2,2,0,2,2,1,0,0,0,0,1,0
980378,鍋田川温泉,48629,9529,False,1,,,,,,,,,,,,,,,,,,,,,,
981588,鈴鹿サーキット温泉,44272,8880,False,1,,,,,,,,,,,,,,,,,,,,,,
982899,鈴鹿さつき温泉,47104,9241,False,1,,,,,,,,,,,,,,,,,,,,,,
983252,丸瀬布温泉,50083,10242,False,1,,,,,,,,,,,,,,,,,,,,,,
985216,きいながしま古里温泉,42378,8431,False,1,,,,,,,,,,,,,,,,,,,,,,
987619,生地温泉,50133,10397,False,1,,,,,,,,,,,,,,,,,,,,,,
990707,はげの湯温泉,59766,14364,False,1,40,0,0,2,3,0,1,2,2,4,2,2,0,2,4,2,0,0,13,0,1,0
994330,小坂温泉郷,29208,8026,False,0,,,,,,,,,,,,,,,,,,,,,,
1008245,東八幡平温泉,30884,8976,False,1,,,,,,,,,,,,,,,,,,,,,,
1009989,ちゃたん恵み温泉,33543,8341,False,1,,,,,,,,,,,,,,,,,,,,,,
1016417,礁渓温泉,62432,11068,False,1,,,,,,,,,,,,,,,,,,,,,,
1019140,知本温泉,61374,11015,False,1,,,,,,,,,,,,,,,,,,,,,,
1037486,名湯百選,56383,10975,False,0,,,,,,,,,,,,,,,,,,,,,,
1039265,加古川温泉,56836,13360,False,1,,,,,,,,,,,,,,,,,,,,,,
1041111,湯浜温泉,46796,9554,False,1,,,,,,,,,,,,,,,,,,,,,,
1044727,一宮温泉,47711,10326,False,1,,,,,,,,,,,,,,,,,,,,,,
1053733,びわ湖温泉,63297,14084,False,2,,,,,,,,,,,,,,,,,,,,,,
1079299,蘇澳冷泉,68971,12068,False,1,,,,,,,,,,,,,,,,,,,,,,
1080874,文山温泉,64654,11982,False,1,30,1,0,3,1,1,0,0,0,5,2,1,0,1,8,1,0,0,1,0,4,1
1099093,朝日温泉 (台湾),63642,11441,False,1,,,,,,,,,,,,,,,,,,,,,,
1105495,笹倉温泉,31734,8799,False,1,,,,,,,,,,,,,,,,,,,,,,
1120848,鹿の湯,49301,10732,False,1,,,,,,,,,,,,,,,,,,,,,,
1122714,うすずみ温泉,30352,8263,False,1,,,,,,,,,,,,,,,,,,,,,,
1123226,南濃温泉,41298,11837,False,1,,,,,,,,,,,,,,,,,,,,,,
1124991,八幡平温泉郷,45759,9978,False,0,31,0,0,0,1,0,0,0,0,4,0,0,24,0,0,0,0,0,0,0,1,1
1134032,宇川温泉,60120,15196,False,1,,,,,,,,,,,,,,,,,,,,,,
1149240,蒲原温泉,45259,9350,False,1,,,,,,,,,,,,,,,,,,,,,,
1154250,秋田温泉,35156,8741,False,1,,,,,,,,,,,,,,,,,,,,,,
1181556,辰口温泉,30931,8068,False,1,,,,,,,,,,,,,,,,,,,,,,
1181589,深谷温泉,34530,9204,False,1,28,0,1,0,0,0,1,0,0,2,0,2,0,2,4,0,0,13,0,0,1,2
1184199,見市温泉,47559,9651,False,1,,,,,,,,,,,,,,,,,,,,,,
1205884,鷲敷温泉,45600,9033,False,1,,,,,,,,,,,,,,,,,,,,,,
1216483,白峰温泉,31743,8760,False,1,,,,,,,,,,,,,,,,,,,,,,
1216613,輪島温泉,33134,8879,False,1,15,0,0,0,0,0,2,0,0,3,2,3,0,0,3,0,0,1,0,0,1,0
1224550,松原湖温泉,47606,9773,False,1,,,,,,,,,,,,,,,,,,,,,,
1234799,白川温泉 (岐阜県),28177,7222,False,1,,,,,,,,,,,,,,,,,,,,,,
1244567,つま恋温泉,46970,9410,False,1,,,,,,,,,,,,,,,,,,,,,,
1244602,半出来温泉,45297,9102,False,1,,,,,,,,,,,,,,,,,,,,,,
1249321,縄文真脇温泉,34548,8559,False,1,,,,,,,,,,,,,,,,,,,,,,
1250636,嬬恋温泉,45577,9024,False,1,,,,,,,,,,,,,,,,,,,,,,
1260201,沼沢温泉,42267,8554,False,1,,,,,,,,,,,,,,,,,,,,,,
1260261,火の谷温泉,43700,8731,False,1,11,0,0,0,0,0,0,0,0,2,2,2,0,0,2,2,0,0,0,0,1,0
1275722,加太淡嶋温泉,51322,10498,False,1,,,,,,,,,,,,,,,,,,,,,,
1276089,湯の平温泉,51265,10747,False,1,33,0,3,0,0,0,0,0,0,6,2,2,0,2,3,0,0,0,14,0,1,0
1284214,黒沢温泉,43563,8676,False,1,,,,,,,,,,,,,,,,,,,,,,
1300697,定義温泉,51879,12124,False,1,,,,,,,,,,,,,,,,,,,,,,
1303024,強首温泉郷,25247,6684,False,0,,,,,,,,,,,,,,,,,,,,,,
1303987,美霞洞温泉,26271,7248,False,1,8,0,0,0,0,0,0,0,0,3,0,0,0,0,2,0,0,0,1,0,1,1
1304001,有久寺温泉,62776,11353,False,1,,,,,,,,,,,,,,,,,,,,,,
1304032,湯の川温泉 (島根県),49253,10267,False,1,,,,,,,,,,,,,,,,,,,,,,
1304318,湯ノ釣温泉,29457,7543,False,1,,,,,,,,,,,,,,,,,,,,,,
1304320,久住高原温泉,34577,8464,False,1,,,,,,,,,,,,,,,,,,,,,,
1304322,赤川温泉,33189,9643,False,1,,,,,,,,,,,,,,,,,,,,,,
1304323,荻の里温泉,35672,9316,False,1,26,0,1,1,0,0,2,0,0,6,1,1,0,2,5,0,2,0,2,0,1,2
1304327,竜門温泉,29027,7353,False,1,,,,,,,,,,,,,,,,,,,,,,
1304330,湯坪温泉,29870,7823,False,1,,,,,,,,,,,,,,,,,,,,,,
1304332,星生温泉,31646,8050,False,1,,,,,,,,,,,,,,,,,,,,,,
1304333,牧の戸温泉,34374,9193,False,1,,,,,,,,,,,,,,,,,,,,,,
1304336,九酔渓温泉,30611,7769,False,1,,,,,,,,,,,,,,,,,,,,,,
1304747,黄波戸温泉,43696,8993,False,1,,,,,,,,,,,,,,,,,,,,,,
1304757,添沢温泉,30368,8433,False,1,,,,,,,,,,,,,,,,,,,,,,
1304796,南知多温泉郷,29089,8384,False,1,,,,,,,,,,,,,,,,,,,,,,
1304848,天見温泉,52681,11366,False,1,,,,,,,,,,,,,,,,,,,,,,
1304978,持世寺温泉,45166,9200,False,1,,,,,,,,,,,,,,,,,,,,,,
1305010,苫田温泉,31861,8092,False,1,,,,,,,,,,,,,,,,,,,,,,
1306521,夏山温泉,27043,7099,False,1,,,,,,,,,,,,,,,,,,,,,,
1306552,於福温泉,26715,7113,False,1,,,,,,,,,,,,,,,,,,,,,,
1311588,須賀谷温泉,55297,11419,False,1,31,0,0,0,0,0,0,4,4,4,2,2,0,0,2,0,0,0,9,0,1,3
1325184,金山温泉 (台湾),62845,11010,False,1,,,,,,,,,,,,,,,,,,,,,,
1331021,にっぽんの温泉100選,42191,8745,False,0,,,,,,,,,,,,,,,,,,,,,,
1331040,大間温泉,26923,6865,False,1,13,0,0,0,0,0,0,0,0,3,2,2,0,2,2,0,0,0,0,0,1,1
1331165,竜飛崎温泉,30116,7763,False,1,,,,,,,,,,,,,,,,,,,,,,
1332139,大坊温泉,46524,9495,False,1,,,,,,,,,,,,,,,,,,,,,,
1333491,唐竹温泉,26532,6872,False,1,12,0,1,0,0,0,1,0,0,2,1,2,0,0,2,0,0,0,0,0,1,2
1333507,南田温泉,27819,7303,False,1,17,0,0,0,0,0,1,0,0,3,3,3,0,2,2,0,0,0,0,0,1,2
1333515,稲村ヶ崎温泉,35534,10573,False,1,,,,,,,,,,,,,,,,,,,,,,
1333747,高増温泉,32823,7851,False,1,,,,,,,,,,,,,,,,,,,,,,
1334861,温川温泉 (青森県),48641,9785,False,1,,,,,,,,,,,,,,,,,,,,,,
1334885,湯段温泉,32705,8053,False,1,20,0,1,0,0,0,0,0,0,6,2,2,0,2,3,0,0,0,1,0,1,2
1335356,八甲田温泉,47206,9151,False,1,19,0,1,0,0,0,0,2,2,3,0,0,0,3,4,0,0,0,0,0,1,3
1335364,稲垣温泉,32444,8049,False,1,,,,,,,,,,,,,,,,,,,,,,
1336608,恐山温泉,47121,9867,False,1,,,,,,,,,,,,,,,,,,,,,,
1338590,萩本陣温泉,45034,9523,False,1,,,,,,,,,,,,,,,,,,,,,,
1339262,福田温泉,28571,7210,False,1,,,,,,,,,,,,,,,,,,,,,,
1340684,嵐山温泉,48521,9966,False,1,,,,,,,,,,,,,,,,,,,,,,
1360196,宇佐美温泉,43289,8506,False,1,,,,,,,,,,,,,,,,,,,,,,
1368566,信夫温泉,46878,9378,False,1,,,,,,,,,,,,,,,,,,,,,,
1373702,野地温泉,51392,10593,False,1,,,,,,,,,,,,,,,,,,,,,,
1373712,新野地温泉,46138,9365,False,1,,,,,,,,,,,,,,,,,,,,,,
1373728,鷲倉温泉,49308,10157,False,1,,,,,,,,,,,,,,,,,,,,,,
1403883,蓬平温泉,46116,9702,False,1,,,,,,,,,,,,,,,,,,,,,,
1409102,みちしおの湯,43901,8899,False,1,,,,,,,,,,,,,,,,,,,,,,
1424772,曲水温泉,30126,7952,False,1,,,,,,,,,,,,,,,,,,,,,,
1428144,田代元湯,46883,14352,False,1,,,,,,,,,,,,,,,,,,,,,,
1434491,境関温泉,47759,9689,False,1,,,,,,,,,,,,,,,,,,,,,,
1441197,七里川温泉,46608,9421,False,1,,,,,,,,,,,,,,,,,,,,,,
1441334,神居岩温泉,46995,9215,False,1,,,,,,,,,,,,,,,,,,,,,,
1446462,湯免温泉,32122,8457,False,1,,,,,,,,,,,,,,,,,,,,,,
1470566,崖の湯温泉,28254,7228,False,1,,,,,,,,,,,,,,,,,,,,,,
1478434,トムラウシ温泉,53008,11381,False,1,,,,,,,,,,,,,,,,,,,,,,
1491822,湯〜らんどパルとよね,33770,8220,False,1,,,,,,,,,,,,,,,,,,,,,,
1499991,雙津峡温泉,45814,9225,False,1,13,0,0,0,0,0,0,0,0,3,2,2,0,2,3,0,0,0,0,0,1,0
1519584,幕川温泉,49470,9793,False,1,,,,,,,,,,,,,,,,,,,,,,
1519610,赤湯温泉 (福島県),47699,9610,False,1,,,,,,,,,,,,,,,,,,,,,,
1520412,上の湯温泉,46872,9966,False,1,,,,,,,,,,,,,,,,,,,,,,
1525129,白石湯沢温泉,46138,9147,False,1,,,,,,,,,,,,,,,,,,,,,,
1529067,高山温泉,45573,9051,False,1,,,,,,,,,,,,,,,,,,,,,,
1565139,湯の沢温泉,45895,9336,False,1,,,,,,,,,,,,,,,,,,,,,,
1566599,五龍背温泉,24911,6934,False,0,,,,,,,,,,,,,,,,,,,,,,
1568026,ニセコ湯本温泉,47595,9661,False,1,,,,,,,,,,,,,,,,,,,,,,
1568598,支笏湖いとう温泉,52561,12099,False,1,,,,,,,,,,,,,,,,,,,,,,
1569357,湯崗子温泉,24654,7223,False,0,,,,,,,,,,,,,,,,,,,,,,
1579679,熊岳城温泉,23189,6626,False,0,,,,,,,,,,,,,,,,,,,,,,
1634696,松島温泉 (宮城県),78704,19042,False,1,,,,,,,,,,,,,,,,,,,,,,
1638505,濁川温泉 (長野県),28214,7821,False,0,,,,,,,,,,,,,,,,,,,,,,
1645435,比良招福温泉,31254,10453,False,1,,,,,,,,,,,,,,,,,,,,,,
1654747,鞆の浦温泉,42027,8416,False,1,,,,,,,,,,,,,,,,,,,,,,
1655381,ほったらかし温泉,52261,11717,False,1,,,,,,,,,,,,,,,,,,,,,,
1661579,吉奈温泉,45490,9392,False,1,,,,,,,,,,,,,,,,,,,,,,
1682340,塩沢温泉,45500,9337,False,1,,,,,,,,,,,,,,,,,,,,,,
1695879,江の島温泉,28696,7123,False,1,,,,,,,,,,,,,,,,,,,,,,
1698799,鳩ヶ湯,37717,10065,False,1,,,,,,,,,,,,,,,,,,,,,,
1700648,赤崎温泉,49354,10045,False,1,,,,,,,,,,,,,,,,,,,,,,
1702843,湯川温泉 (石川県),30335,7776,False,1,,,,,,,,,,,,,,,,,,,,,,
1713339,山中渓温泉,30129,8277,False,1,19,0,0,0,0,0,0,0,0,2,3,3,0,1,7,0,0,0,0,0,1,2
1728295,花はす温泉,28580,6988,False,1,,,,,,,,,,,,,,,,,,,,,,
1728424,今庄365温泉,29666,7249,False,1,,,,,,,,,,,,,,,,,,,,,,
1732613,秦野温泉,43871,8771,False,1,,,,,,,,,,,,,,,,,,,,,,
1763249,峰温泉,33826,9849,False,1,,,,,,,,,,,,,,,,,,,,,,
1783648,秩父別温泉,44912,8706,False,1,,,,,,,,,,,,,,,,,,,,,,
1786785,弓ヶ浜温泉 (静岡県),27022,6835,False,1,,,,,,,,,,,,,,,,,,,,,,
1791507,八万温泉,46166,9215,False,1,,,,,,,,,,,,,,,,,,,,,,
1801455,谷関温泉,59106,10311,False,1,,,,,,,,,,,,,,,,,,,,,,
1801456,廬山温泉,79355,14838,False,1,,,,,,,,,,,,,,,,,,,,,,
1803528,神山温泉,44953,9320,False,1,,,,,,,,,,,,,,,,,,,,,,
1808203,大沢山温泉,51115,11668,False,1,,,,,,,,,,,,,,,,,,,,,,
1808880,高天原温泉,60122,14592,False,1,,,,,,,,,,,,,,,,,,,,,,
1809976,古寺鉱泉,45109,9361,False,1,,,,,,,,,,,,,,,,,,,,,,
1810296,阿曽原温泉,59844,14816,False,1,40,0,0,1,0,0,0,2,2,7,2,2,0,2,2,0,0,0,19,0,1,0
1810306,仙人温泉,46419,9298,False,1,11,0,0,0,0,0,0,2,2,2,2,2,0,0,0,0,0,0,0,0,1,0
1811003,猪の倉温泉,47289,9416,False,1,19,2,0,0,0,0,0,2,2,2,1,1,0,2,4,2,0,0,0,0,1,0
1811100,三条の湯,47065,9456,False,1,,,,,,,,,,,,,,,,,,,,,,
1811277,五浦温泉,42707,8536,False,1,,,,,,,,,,,,,,,,,,,,,,
1811690,数馬温泉,49595,11189,False,1,,,,,,,,,,,,,,,,,,,,,,
1812066,峩々温泉,47081,9207,False,1,18,1,0,0,0,0,0,2,2,2,2,3,0,2,2,0,1,0,0,0,1,0
1812088,かもしか温泉 (宮城県),44670,9030,False,1,,,,,,,,,,,,,,,,,,,,,,
1812159,滝ノ上温泉,45594,10203,False,1,,,,,,,,,,,,,,,,,,,,,,
1812172,五浦元湯温泉,43587,8670,False,1,,,,,,,,,,,,,,,,,,,,,,
1812257,天栄温泉,45115,8930,False,1,,,,,,,,,,,,,,,,,,,,,,
1812318,檜枝岐温泉,42388,8499,False,1,,,,,,,,,,,,,,,,,,,,,,
1812627,岩間温泉 (石川県),50459,10200,False,1,14,0,0,0,0,0,0,2,2,3,1,1,1,0,2,0,0,0,1,0,1,0
1812651,新岩間温泉,49474,10445,False,1,,,,,,,,,,,,,,,,,,,,,,
1813027,奥蓼科温泉郷,45472,9351,False,0,,,,,,,,,,,,,,,,,,,,,,
1813391,松代温泉,99373,21672,False,3,,,,,,,,,,,,,,,,,,,,,,
1813656,澄川温泉,48039,10265,False,1,,,,,,,,,,,,,,,,,,,,,,
1814643,湯の平温泉 (新潟県),44642,9214,False,1,,,,,,,,,,,,,,,,,,,,,,
1816841,平潟港温泉,45126,9094,False,1,,,,,,,,,,,,,,,,,,,,,,
1818055,浜平鉱泉,41985,8611,False,1,,,,,,,,,,,,,,,,,,,,,,
1827812,奥香肌峡温泉,46114,9001,False,1,,,,,,,,,,,,,,,,,,,,,,
1828247,中の湯,43361,9146,False,1,,,,,,,,,,,,,,,,,,,,,,
1861387,塩浸温泉,55318,13568,False,1,20,0,1,2,0,0,1,2,2,3,0,1,0,1,3,0,0,0,0,0,2,2
1892961,あわくら温泉,30466,8145,False,0,,,,,,,,,,,,,,,,,,,,,,
1900836,東郷温泉ゆったり館,44836,8904,False,1,10,1,0,0,0,0,0,1,1,2,0,0,0,0,1,1,0,0,0,0,1,2
1959029,三福温泉,47028,9767,False,1,,,,,,,,,,,,,,,,,,,,,,
1959775,礼文島温泉,49806,10333,False,1,,,,,,,,,,,,,,,,,,,,,,
1967830,土湯温泉,56439,14981,False,1,,,,,,,,,,,,,,,,,,,,,,
1968695,養老牛温泉,45938,10706,False,1,,,,,,,,,,,,,,,,,,,,,,
1969393,尾張温泉,45805,15963,False,1,,,,,,,,,,,,,,,,,,,,,,
1973173,天童温泉,50444,10403,False,1,,,,,,,,,,,,,,,,,,,,,,
1975480,宮野温泉,26724,7401,False,0,,,,,,,,,,,,,,,,,,,,,,
1987978,柵口温泉,43517,8657,False,1,16,0,0,0,0,0,0,0,0,3,2,2,0,1,1,0,0,0,6,0,1,0
2015755,四重渓温泉,58272,10009,False,1,,,,,,,,,,,,,,,,,,,,,,
2033093,天橋立温泉,45089,10225,False,0,,,,,,,,,,,,,,,,,,,,,,
2037739,白山杉の子温泉,26163,6842,False,1,,,,,,,,,,,,,,,,,,,,,,
2038971,阿部倉温泉,42894,8794,False,1,,,,,,,,,,,,,,,,,,,,,,
2064495,東温泉,43637,8805,False,1,5,0,0,0,0,0,0,0,0,2,0,0,0,0,2,0,0,0,0,0,1,0
2068617,烏来温泉,63335,11232,False,0,,,,,,,,,,,,,,,,,,,,,,
2081700,相間川温泉,50317,10531,False,1,,,,,,,,,,,,,,,,,,,,,,
2097790,鳩之沢温泉,64154,10963,False,1,,,,,,,,,,,,,,,,,,,,,,
2098350,芽登温泉,45026,9334,False,1,,,,,,,,,,,,,,,,,,,,,,
2098606,奥美利河温泉,49663,10834,False,1,,,,,,,,,,,,,,,,,,,,,,
2105094,女夫渕温泉,47376,9670,False,1,,,,,,,,,,,,,,,,,,,,,,
2125369,鹿部温泉,47047,9374,False,1,,,,,,,,,,,,,,,,,,,,,,
2128361,赤湯温泉 (新潟県),51192,10870,False,1,,,,,,,,,,,,,,,,,,,,,,
2128733,湯の澤温泉,44289,8853,False,1,,,,,,,,,,,,,,,,,,,,,,
2128886,近江温泉,44866,9164,False,1,,,,,,,,,,,,,,,,,,,,,,
2136638,ねぶた温泉,47902,9365,False,1,,,,,,,,,,,,,,,,,,,,,,
2138408,神威脇温泉,45704,9361,False,1,19,2,0,0,0,0,0,0,0,2,0,0,0,2,8,2,2,0,0,0,1,0
2139160,鷹の湯温泉,47541,9670,False,1,,,,,,,,,,,,,,,,,,,,,,
2148164,香住温泉,48232,9765,False,1,,,,,,,,,,,,,,,,,,,,,,
2151880,美利河温泉,46593,9415,False,1,14,1,0,0,0,0,0,0,0,2,1,1,0,1,4,1,1,0,1,0,1,0
2164938,朝日温泉 (北海道),48575,10551,False,1,,,,,,,,,,,,,,,,,,,,,,
2165390,栗野岳温泉,48910,9775,False,1,,,,,,,,,,,,,,,,,,,,,,
2171330,拍子水温泉,46053,9829,False,1,,,,,,,,,,,,,,,,,,,,,,
2171648,千原温泉,44279,9100,False,1,,,,,,,,,,,,,,,,,,,,,,
2178675,岩下温泉,47484,9978,False,1,30,1,2,1,0,0,0,2,2,3,2,2,0,3,2,2,0,0,6,0,1,1
2182135,入来温泉,47500,10485,False,1,,,,,,,,,,,,,,,,,,,,,,
2187155,佐野天然温泉,47863,9917,False,1,,,,,,,,,,,,,,,,,,,,,,
2189806,杉野沢温泉,43283,8774,False,1,,,,,,,,,,,,,,,,,,,,,,
2191369,塩河原温泉,44215,8778,False,1,,,,,,,,,,,,,,,,,,,,,,
2192928,白沢高原温泉,44824,8878,False,1,,,,,,,,,,,,,,,,,,,,,,
2197648,積翠寺温泉,56388,11617,False,2,,,,,,,,,,,,,,,,,,,,,,
2213007,栄之尾温泉,49423,10660,False,1,24,0,0,0,0,0,1,2,2,4,1,1,0,0,2,2,0,0,5,0,2,2
2259170,千春楽温泉,42374,8589,False,1,,,,,,,,,,,,,,,,,,,,,,
2263583,花みずき温泉,48560,9588,False,1,,,,,,,,,,,,,,,,,,,,,,
2266346,生谷温泉,51427,10450,False,1,,,,,,,,,,,,,,,,,,,,,,
2266379,坂本温泉 (鹿児島県),41726,8238,False,1,,,,,,,,,,,,,,,,,,,,,,
2266392,地鉈温泉,45111,9409,False,1,,,,,,,,,,,,,,,,,,,,,,
2267543,月野瀬温泉,43996,8539,False,1,,,,,,,,,,,,,,,,,,,,,,
2268014,鷹巣温泉,51563,10846,False,1,,,,,,,,,,,,,,,,,,,,,,
2268114,銭がめ温泉,46930,9627,False,1,,,,,,,,,,,,,,,,,,,,,,
2275928,葭ヶ浦温泉,27799,6861,False,1,,,,,,,,,,,,,,,,,,,,,,
2276711,古牧温泉,55097,12543,False,1,,,,,,,,,,,,,,,,,,,,,,
2282747,大沼温泉,54203,10843,False,1,,,,,,,,,,,,,,,,,,,,,,
2284409,伏尾温泉,31248,8533,False,1,,,,,,,,,,,,,,,,,,,,,,
2286417,八塩温泉,49765,10679,False,1,,,,,,,,,,,,,,,,,,,,,,
2289422,わいた温泉郷,22004,5559,False,0,,,,,,,,,,,,,,,,,,,,,,
2357765,越後長野温泉,47885,9640,False,1,,,,,,,,,,,,,,,,,,,,,,
2358385,大滝温泉 (埼玉県),45807,9179,False,1,,,,,,,,,,,,,,,,,,,,,,
2363703,加賀温泉郷,44151,9765,False,0,,,,,,,,,,,,,,,,,,,,,,
2367620,青井岳温泉,47942,9930,False,1,,,,,,,,,,,,,,,,,,,,,,
2368304,清武温泉,46606,9414,False,1,,,,,,,,,,,,,,,,,,,,,,
2369052,日向サンパーク温泉,48576,9836,False,1,,,,,,,,,,,,,,,,,,,,,,
2370412,潮来水原温泉,42509,8256,False,1,,,,,,,,,,,,,,,,,,,,,,
2376209,六呂師温泉,32663,8655,False,1,,,,,,,,,,,,,,,,,,,,,,
2384421,木花温泉,55682,11441,False,1,,,,,,,,,,,,,,,,,,,,,,
2396725,青島温泉,49853,10195,False,1,23,0,0,0,0,0,0,0,0,4,2,4,0,2,2,0,0,0,8,0,1,0
2398226,北郷温泉,49521,10376,False,1,,,,,,,,,,,,,,,,,,,,,,
2404911,串間温泉,53411,11858,False,1,,,,,,,,,,,,,,,,,,,,,,
2404956,宮崎リゾート温泉,49331,10389,False,1,,,,,,,,,,,,,,,,,,,,,,
2409594,セーチェーニ温泉,34508,9210,False,0,19,0,0,1,1,1,0,2,2,1,1,1,0,2,4,0,0,0,1,0,0,2
2423892,祝子川温泉,48797,9730,False,1,,,,,,,,,,,,,,,,,,,,,,
2423919,高千穂温泉,46452,9470,False,1,,,,,,,,,,,,,,,,,,,,,,
2424037,横向温泉,33216,8531,False,1,,,,,,,,,,,,,,,,,,,,,,
2424315,天岩戸温泉,45991,9330,False,1,15,0,0,0,0,0,0,0,0,2,0,0,0,0,4,4,0,0,4,0,1,0
2446089,蕨温泉,43952,9220,False,0,13,0,0,0,0,0,2,0,0,1,1,1,0,1,1,0,0,0,5,0,1,0
2448831,七味温泉,48592,9787,False,1,29,0,0,0,0,0,1,0,0,3,4,2,0,2,5,0,0,0,9,0,1,2
2448882,奥山田温泉,26990,7294,False,0,,,,,,,,,,,,,,,,,,,,,,
2448893,子安温泉,47725,9462,False,1,,,,,,,,,,,,,,,,,,,,,,
2448899,松川渓谷温泉,30754,7626,False,1,,,,,,,,,,,,,,,,,,,,,,
2451773,小天温泉,47848,10650,False,1,,,,,,,,,,,,,,,,,,,,,,
2460750,白田温泉,42115,9437,False,0,,,,,,,,,,,,,,,,,,,,,,
2460791,片瀬温泉,41808,9499,False,0,9,0,1,1,0,0,0,0,0,2,1,1,0,1,1,0,0,0,0,0,1,0
2460799,笹戸温泉,26137,7420,False,0,17,0,2,1,0,0,1,0,0,3,1,1,0,0,2,1,0,0,2,0,1,2
2460806,小渡温泉,32494,8027,False,1,18,0,2,0,0,0,1,0,0,3,1,1,2,2,4,0,0,0,1,0,1,0
2460829,蒲郡温泉,29126,7873,False,0,,,,,,,,,,,,,,,,,,,,,,
2465110,尾瀬戸倉温泉,47301,10226,False,1,,,,,,,,,,,,,,,,,,,,,,
2467432,今井浜温泉,49672,9915,False,1,,,,,,,,,,,,,,,,,,,,,,
2467447,角間温泉 (上田市),44060,9299,False,0,,,,,,,,,,,,,,,,,,,,,,
2467455,平田内温泉,48734,10359,False,1,,,,,,,,,,,,,,,,,,,,,,
2467487,角間温泉 (山ノ内町),42084,8761,False,0,,,,,,,,,,,,,,,,,,,,,,
2470055,弁天島温泉,43172,8829,False,0,12,0,0,0,0,0,0,0,0,2,1,1,0,1,1,0,0,0,3,0,1,2
2471320,オホーツクオムイ温泉,47003,9512,False,1,,,,,,,,,,,,,,,,,,,,,,
2471630,瀬戸瀬温泉,47258,10108,False,1,,,,,,,,,,,,,,,,,,,,,,
2471796,塩別温泉,45426,9204,False,1,,,,,,,,,,,,,,,,,,,,,,
2473534,三香温泉,45569,9163,False,1,,,,,,,,,,,,,,,,,,,,,,
2474187,幌加温泉,44835,9572,False,1,,,,,,,,,,,,,,,,,,,,,,
2476986,政和温泉,47080,9996,False,1,,,,,,,,,,,,,,,,,,,,,,
2477585,オソウシ温泉,47071,9505,False,1,,,,,,,,,,,,,,,,,,,,,,
2477746,荒川峡温泉郷,41652,9644,False,0,,,,,,,,,,,,,,,,,,,,,,
2477766,太良温泉,40496,8612,False,0,,,,,,,,,,,,,,,,,,,,,,
2482002,川又温泉,46127,9532,False,1,,,,,,,,,,,,,,,,,,,,,,
2484696,黄金温泉 (北海道),44387,9071,False,1,,,,,,,,,,,,,,,,,,,,,,
2484813,神恵内温泉,47117,9751,False,1,25,2,0,0,0,0,0,1,0,2,1,1,0,2,8,3,2,0,0,0,1,2
2488501,弁景温泉,66179,19082,False,1,34,0,5,0,0,0,0,0,0,4,2,5,0,2,7,1,2,0,4,0,1,1
2489384,大船温泉,45371,9685,False,1,,,,,,,,,,,,,,,,,,,,,,
2490941,留真温泉,46342,9584,False,1,27,2,1,0,0,0,0,0,0,2,0,0,0,2,8,3,2,0,2,0,1,4
2491097,晩成温泉,47586,9632,False,1,,,,,,,,,,,,,,,,,,,,,,
2492028,八雲温泉 (北海道),49171,10602,False,1,,,,,,,,,,,,,,,,,,,,,,
2492094,桜野温泉,48000,10326,False,1,31,2,1,2,0,0,0,3,3,3,1,1,0,2,8,2,0,0,0,0,1,2
2493128,木城温泉,47744,10448,False,1,,,,,,,,,,,,,,,,,,,,,,
2493879,桑畑温泉,44620,9186,False,1,,,,,,,,,,,,,,,,,,,,,,
2497602,さいと温泉,48553,9941,False,1,,,,,,,,,,,,,,,,,,,,,,
2498648,むつ矢立温泉,46774,9516,False,1,,,,,,,,,,,,,,,,,,,,,,
2567124,小豆島温泉,56309,12728,False,2,,,,,,,,,,,,,,,,,,,,,,
2587633,矢巾温泉,22413,5939,False,1,4,0,0,0,0,0,0,0,0,1,0,0,0,0,2,0,0,0,0,0,1,0
2601585,百穴温泉,43367,8741,False,1,,,,,,,,,,,,,,,,,,,,,,
2603428,浜益温泉,44740,8903,False,1,,,,,,,,,,,,,,,,,,,,,,
2607833,薄別温泉,44195,9001,False,1,,,,,,,,,,,,,,,,,,,,,,
2631735,高鍋温泉,31405,8426,False,1,,,,,,,,,,,,,,,,,,,,,,
2639712,塩壺温泉,54406,10934,False,1,,,,,,,,,,,,,,,,,,,,,,
2641397,千ヶ滝温泉,53242,10867,False,1,,,,,,,,,,,,,,,,,,,,,,
2668979,長野温泉,73336,21414,False,1,,,,,,,,,,,,,,,,,,,,,,
2685494,横谷温泉,27737,7416,False,1,15,0,2,0,0,0,1,0,0,3,2,2,0,1,2,0,1,0,0,0,1,0
2692308,猿倉温泉 (由利本荘市),29368,7279,False,1,,,,,,,,,,,,,,,,,,,,,,
2825043,富士河口湖温泉郷,30808,8138,False,1,,,,,,,,,,,,,,,,,,,,,,
2826368,春日居温泉,50684,10374,False,1,,,,,,,,,,,,,,,,,,,,,,
2826374,石和温泉郷,58612,13765,False,1,21,0,0,1,0,0,0,0,0,1,2,3,11,0,0,0,0,0,0,0,1,2
2826422,日の出温泉 (山梨県),48286,9653,False,1,,,,,,,,,,,,,,,,,,,,,,
2829452,甲府温泉,50600,10932,False,1,,,,,,,,,,,,,,,,,,,,,,
2858136,神鍋温泉,48258,10118,False,1,,,,,,,,,,,,,,,,,,,,,,
2859989,蛇の湯温泉,47054,9325,False,1,18,1,0,0,0,0,0,2,2,2,1,1,0,0,4,3,0,0,1,0,1,0
2960709,ボキラス温泉,69029,19162,False,1,,,,,,,,,,,,,,,,,,,,,,
2968804,底倉温泉,46861,14248,False,1,,,,,,,,,,,,,,,,,,,,,,
2971936,稲子湯温泉,47362,11100,False,1,,,,,,,,,,,,,,,,,,,,,,
3025516,奥水間温泉,42102,9879,False,1,,,,,,,,,,,,,,,,,,,,,,
3057162,アイアイ温泉,41220,10126,False,1,,,,,,,,,,,,,,,,,,,,,,
3063338,多度温泉,52064,10621,False,1,21,1,0,1,0,0,0,2,2,3,0,1,0,1,6,1,1,0,0,0,1,1
3209103,八幡温泉郷,67073,16589,False,1,,,,,,,,,,,,,,,,,,,,,,
3276480,京王高尾山温泉,71107,14008,False,1,37,2,0,0,0,0,0,2,2,2,3,2,0,2,9,3,1,0,5,1,1,2
3307038,おじろん,33533,8557,False,1,,,,,,,,,,,,,,,,,,,,,,
3345201,庄川温泉郷,47619,9686,False,1,,,,,,,,,,,,,,,,,,,,,,
3393713,雪沢温泉,46274,9810,False,1,,,,,,,,,,,,,,,,,,,,,,
3398105,月夜野温泉,72613,13815,False,3,,,,,,,,,,,,,,,,,,,,,,
3489475,法泉寺温泉,49581,9662,False,1,,,,,,,,,,,,,,,,,,,,,,
3495484,春陽温泉,65198,11269,False,0,,,,,,,,,,,,,,,,,,,,,,
3515709,板取川温泉バーデェハウス,35052,8839,False,1,,,,,,,,,,,,,,,,,,,,,,
3523077,大安寺温泉,45443,9987,False,1,,,,,,,,,,,,,,,,,,,,,,
3536415,十津川温泉郷,19901,5520,False,0,,,,,,,,,,,,,,,,,,,,,,
3556085,海津温泉,45192,13046,False,1,,,,,,,,,,,,,,,,,,,,,,
3556587,竹田温泉群,35140,9812,False,1,18,0,0,0,0,0,2,0,0,4,0,0,11,0,0,0,0,0,0,0,1,0
3559647,久住高原温泉郷,31488,8315,False,1,33,0,0,0,0,0,1,0,0,3,0,0,7,2,13,0,2,1,2,0,1,1
3589084,碧山温泉,63616,11530,False,0,,,,,,,,,,,,,,,,,,,,,,
3591524,紅葉温泉 (台東県),60801,10745,False,0,,,,,,,,,,,,,,,,,,,,,,
3592466,東埔温泉,68826,12562,False,0,,,,,,,,,,,,,,,,,,,,,,
3596589,爺亨温泉,62036,10808,False,0,,,,,,,,,,,,,,,,,,,,,,
3598557,安通温泉,69261,12213,False,1,25,1,2,1,1,1,0,3,3,2,0,0,0,1,5,1,0,0,0,0,3,1
3601670,泰安温泉,66297,11776,False,0,,,,,,,,,,,,,,,,,,,,,,
3606355,陽明山温泉,56245,9776,False,0,,,,,,,,,,,,,,,,,,,,,,
3650355,湯の沢温泉 (北秋田市),56568,14740,False,1,,,,,,,,,,,,,,,,,,,,,,
