page_id,title,html_file_size,text_file_size,is_disambiguation_page,infobox_count,num_annotations,上位リーグ,下位リーグ,主催団体,代表,優勝決定戦,別名,創立年,創設関係者,名前の謂れ,国・地域,大会,対抗リーグ,後継組織,所属チーム数,所属組織,最多優勝チーム,構成するリーグ,歴代所属チーム,競技,解散年,読み,賞,過去の組織名,開始年
2347,日本プロサッカーリーグ,802908,153261,False,1,,,,,,,,,,,,,,,,,,,,,,,,,
10050,メジャーリーグベースボール,452656,125255,False,1,460,0,18,0,2,23,71,0,0,0,4,49,0,0,8,0,2,72,204,3,0,0,2,0,2
10985,パシフィック・リーグ,342580,75960,False,1,,,,,,,,,,,,,,,,,,,,,,,,,
15864,セントラル・リーグ,277720,43566,False,1,,,,,,,,,,,,,,,,,,,,,,,,,
16343,東京六大学野球連盟,178951,60543,False,1,,,,,,,,,,,,,,,,,,,,,,,,,
19553,セリエA (サッカー),280701,46862,False,2,282,6,6,1,0,0,2,1,0,0,4,4,0,0,2,3,2,0,245,1,0,1,2,0,2
19562,セリエA,24705,6701,True,0,,,,,,,,,,,,,,,,,,,,,,,,,
20491,リーガ・エスパニョーラ,221922,43820,False,1,,,,,,,,,,,,,,,,,,,,,,,,,
21648,アメリカンリーグ,91366,23798,False,1,,,,,,,,,,,,,,,,,,,,,,,,,
21662,ナショナルリーグ,95404,25046,False,1,,,,,,,,,,,,,,,,,,,,,,,,,
23471,NBA,354868,71380,False,1,,,,,,,,,,,,,,,,,,,,,,,,,
26469,KBOリーグ,200543,68035,False,1,,,,,,,,,,,,,,,,,,,,,,,,,
29629,台湾職業棒球大聯盟,62809,13889,False,2,,,,,,,,,,,,,,,,,,,,,,,,,
39806,東都大学野球連盟,192656,68224,False,1,,,,,,,,,,,,,,,,,,,,,,,,,
41557,国民野球連盟,72292,19671,False,1,,,,,,,,,,,,,,,,,,,,,,,,,
41560,日本フットボールリーグ,413264,78177,False,2,,,,,,,,,,,,,,,,,,,,,,,,,
41908,日本野球連盟 (プロ野球),96105,20696,False,1,,,,,,,,,,,,,,,,,,,,,,,,,
41958,日本サッカーリーグ,145647,40384,False,0,386,0,2,0,0,0,23,1,5,0,3,6,0,11,0,6,0,5,276,2,3,1,41,0,1
41991,ジャパンラグビートップリーグ,216232,70038,False,1,164,0,3,1,1,0,0,0,0,0,3,33,0,0,4,2,1,0,98,5,0,0,9,1,3
42167,メジャーリーグサッカー,166865,34461,False,1,135,2,12,0,0,7,16,1,0,0,14,2,0,0,2,1,1,5,50,9,0,0,5,5,3
44282,ジャパンフットボールリーグ,80699,18895,False,1,,,,,,,,,,,,,,,,,,,,,,,,,
44617,イースタン・リーグ,104816,22086,False,1,,,,,,,,,,,,,,,,,,,,,,,,,
44625,ウエスタン・リーグ,105238,24087,False,1,,,,,,,,,,,,,,,,,,,,,,,,,
47598,Xリーグ,155546,46512,False,1,,,,,,,,,,,,,,,,,,,,,,,,,
47753,日本女子サッカーリーグ,435394,85164,False,3,,,,,,,,,,,,,,,,,,,,,,,,,
48186,プリメーラ・ディビシオン (アルゼンチン),322717,68780,False,1,,,,,,,,,,,,,,,,,,,,,,,,,
48994,NFL,289610,95410,False,1,353,0,0,0,2,38,4,1,1,0,10,60,9,0,5,0,0,40,164,11,0,0,0,7,1
48995,NFLヨーロッパ,44759,10937,False,1,,,,,,,,,,,,,,,,,,,,,,,,,
50147,Kリーグクラシック,172964,44997,False,2,,,,,,,,,,,,,,,,,,,,,,,,,
51848,サッカー・ブンデスリーガ (ドイツ),216373,43839,False,1,,,,,,,,,,,,,,,,,,,,,,,,,
51853,エールディヴィジ,241453,37760,False,1,,,,,,,,,,,,,,,,,,,,,,,,,
58300,アメリカン・バスケットボール・アソシエーション,86676,22178,False,1,177,0,0,0,0,0,11,2,0,0,4,1,0,0,2,0,1,6,141,3,0,0,4,0,2
69786,ニグロリーグ,79614,21256,False,1,,,,,,,,,,,,,,,,,,,,,,,,,
70003,新日本リーグ,31236,8882,False,0,,,,,,,,,,,,,,,,,,,,,,,,,
82208,リーグ・アン,174344,24898,False,1,,,,,,,,,,,,,,,,,,,,,,,,,
82256,中国サッカー・スーパーリーグ,186266,26401,False,2,,,,,,,,,,,,,,,,,,,,,,,,,
104225,神奈川大学野球連盟,71414,22066,False,1,,,,,,,,,,,,,,,,,,,,,,,,,
105687,JBLスーパーリーグ,73900,19920,False,1,,,,,,,,,,,,,,,,,,,,,,,,,
105692,日本バスケットボールリーグ,122743,36823,False,2,,,,,,,,,,,,,,,,,,,,,,,,,
111486,ナショナルホッケーリーグ,188602,48218,False,1,,,,,,,,,,,,,,,,,,,,,,,,,
123027,バスケットボール日本リーグ機構,30631,9659,False,0,,,,,,,,,,,,,,,,,,,,,,,,,
124570,関東大学ラグビー対抗戦グループ,121700,37717,False,0,,,,,,,,,,,,,,,,,,,,,,,,,
135884,中国野球リーグ,88004,22390,False,2,,,,,,,,,,,,,,,,,,,,,,,,,
136166,フーフトクラッセ (野球),97609,23103,False,1,,,,,,,,,,,,,,,,,,,,,,,,,
136209,オーストラリアン・ベースボールリーグ,75011,18954,False,1,,,,,,,,,,,,,,,,,,,,,,,,,
136304,セリエA (野球),93449,24613,False,1,,,,,,,,,,,,,,,,,,,,,,,,,
139023,メキシカンリーグ,88420,24287,False,1,,,,,,,,,,,,,,,,,,,,,,,,,
142529,北信越フットボールリーグ,112669,27866,False,1,,,,,,,,,,,,,,,,,,,,,,,,,
143452,アトランティックリーグ,72939,17083,False,1,,,,,,,,,,,,,,,,,,,,,,,,,
144035,阪神大学野球連盟,84741,29296,False,1,,,,,,,,,,,,,,,,,,,,,,,,,
144640,Sリーグ,178582,29785,False,1,107,1,1,1,0,0,1,3,0,0,7,6,0,0,1,1,1,0,70,1,0,0,12,0,1
145013,マレーシア・スーパーリーグ,101768,17173,False,1,,,,,,,,,,,,,,,,,,,,,,,,,
148010,東北ベースボールアカデミーリーグ,29443,9229,False,0,,,,,,,,,,,,,,,,,,,,,,,,,
150531,セントラル・ベースボール・リーグ,51402,12031,False,1,,,,,,,,,,,,,,,,,,,,,,,,,
150542,フロンティアリーグ,86286,19501,False,1,169,0,0,0,0,0,1,2,0,0,2,0,4,0,2,0,0,3,151,2,0,0,0,0,2
150556,ノーザンリーグ,64871,17580,False,1,106,0,0,0,0,0,1,0,0,0,0,0,7,1,1,0,0,5,84,2,1,0,0,2,2
151604,カナディアン・アメリカン・リーグ,88923,20212,False,1,,,,,,,,,,,,,,,,,,,,,,,,,
151900,日本リーグ,26434,7120,True,0,,,,,,,,,,,,,,,,,,,,,,,,,
152422,カナディアン・ベースボール・リーグ,35970,9803,False,1,50,0,0,0,1,0,3,2,0,0,4,1,0,0,3,0,0,3,24,4,3,0,0,0,2
152444,サウスイースタン・リーグ,34649,8297,False,1,32,0,0,0,0,0,1,0,0,0,2,0,0,0,1,0,0,0,19,2,2,0,0,3,2
152667,教育リーグ,36625,11276,False,0,,,,,,,,,,,,,,,,,,,,,,,,,
154166,グローバルリーグ,46577,10467,False,1,43,0,0,0,0,0,1,2,4,0,13,2,0,0,1,0,0,0,14,3,2,0,0,0,1
158716,北海道サッカーリーグ,110537,26325,False,1,139,11,16,0,0,0,0,2,0,0,4,4,0,0,3,2,1,3,90,1,0,1,0,0,1
158719,東北社会人サッカーリーグ,129413,30312,False,1,,,,,,,,,,,,,,,,,,,,,,,,,
158720,関東サッカーリーグ,127919,29161,False,1,200,15,2,0,0,0,1,1,0,0,2,6,0,0,4,1,1,25,136,1,0,1,2,1,1
158735,東海社会人サッカーリーグ,110370,25624,False,1,172,10,3,0,0,0,0,0,0,0,2,4,0,0,2,0,2,7,138,1,0,1,0,0,2
158879,関西サッカーリーグ,125988,32226,False,1,,,,,,,,,,,,,,,,,,,,,,,,,
158898,中国サッカーリーグ,115503,25216,False,2,,,,,,,,,,,,,,,,,,,,,,,,,
158906,四国サッカーリーグ,69286,17041,False,1,,,,,,,,,,,,,,,,,,,,,,,,,
158919,九州サッカーリーグ,104992,26713,False,1,,,,,,,,,,,,,,,,,,,,,,,,,
161078,チャレンジリーグ (バレーボール),141137,29061,False,1,,,,,,,,,,,,,,,,,,,,,,,,,
174553,関西学生野球連盟,80386,27203,False,1,,,,,,,,,,,,,,,,,,,,,,,,,
178726,仙台六大学野球連盟,51654,15014,False,1,,,,,,,,,,,,,,,,,,,,,,,,,
194831,日本独立リーグ,31968,10544,False,0,,,,,,,,,,,,,,,,,,,,,,,,,
199228,四国アイランドリーグplus,448538,184679,False,2,495,0,0,21,2,38,30,1,0,1,2,77,15,0,4,3,1,0,278,3,0,1,4,12,2
205278,イースタン・カンファレンス,24158,6388,True,0,,,,,,,,,,,,,,,,,,,,,,,,,
205552,韓国バスケットボールリーグ,93758,16713,False,2,,,,,,,,,,,,,,,,,,,,,,,,,
210690,首都大学野球連盟,101392,35531,False,1,,,,,,,,,,,,,,,,,,,,,,,,,
213839,インターナショナルリーグ,109233,20646,False,1,,,,,,,,,,,,,,,,,,,,,,,,,
214670,関西六大学野球連盟,64219,19955,False,1,,,,,,,,,,,,,,,,,,,,,,,,,
216965,東京新大学野球連盟,105697,37156,False,1,,,,,,,,,,,,,,,,,,,,,,,,,
217500,近畿学生野球連盟,113805,44572,False,1,,,,,,,,,,,,,,,,,,,,,,,,,
217504,京滋大学野球連盟,80215,26942,False,1,,,,,,,,,,,,,,,,,,,,,,,,,
217561,愛知大学野球連盟,123358,48900,False,1,,,,,,,,,,,,,,,,,,,,,,,,,
226793,北海道学生野球連盟,78174,26304,False,1,,,,,,,,,,,,,,,,,,,,,,,,,
226794,札幌学生野球連盟,80108,27511,False,1,,,,,,,,,,,,,,,,,,,,,,,,,
226811,南東北大学野球連盟,70975,24365,False,1,,,,,,,,,,,,,,,,,,,,,,,,,
226821,北東北大学野球連盟,78214,24350,False,1,,,,,,,,,,,,,,,,,,,,,,,,,
226831,関甲新学生野球連盟,98494,32289,False,1,,,,,,,,,,,,,,,,,,,,,,,,,
226838,千葉県大学野球連盟,84169,28156,False,1,,,,,,,,,,,,,,,,,,,,,,,,,
226851,東海地区大学野球連盟,69634,21796,False,1,,,,,,,,,,,,,,,,,,,,,,,,,
226869,北陸大学野球連盟,75610,24691,False,1,,,,,,,,,,,,,,,,,,,,,,,,,
227211,アメリカン・ホッケー・リーグ,105100,19099,False,1,,,,,,,,,,,,,,,,,,,,,,,,,
227341,四国地区大学野球連盟,71035,20578,False,1,,,,,,,,,,,,,,,,,,,,,,,,,
227345,広島六大学野球連盟,46642,12229,False,1,26,0,0,0,1,0,1,2,0,0,1,2,0,0,3,2,1,0,10,1,0,1,0,1,0
227350,九州六大学野球連盟,49789,13001,False,1,,,,,,,,,,,,,,,,,,,,,,,,,
227356,福岡六大学野球連盟,52118,13694,False,1,,,,,,,,,,,,,,,,,,,,,,,,,
227364,九州地区大学野球連盟,109549,33702,False,3,,,,,,,,,,,,,,,,,,,,,,,,,
233021,ゴールデンベースボールリーグ,46666,11481,False,1,,,,,,,,,,,,,,,,,,,,,,,,,
234238,日本プロバスケットボールリーグ,282483,82560,False,3,,,,,,,,,,,,,,,,,,,,,,,,,
242043,スーパーリーグ,28003,7120,True,0,,,,,,,,,,,,,,,,,,,,,,,,,
246811,ペルシアン・ガルフ・プロリーグ,122458,22079,False,1,,,,,,,,,,,,,,,,,,,,,,,,,
247112,エリテセリエン,149309,21853,False,1,120,2,3,0,0,0,4,1,0,0,2,1,0,0,1,2,1,0,83,1,0,0,2,15,2
250560,プレミアスヌーカーリーグ,45160,12759,False,0,,,,,,,,,,,,,,,,,,,,,,,,,
265212,インディペンデンス・リーグ,61410,10891,False,0,,,,,,,,,,,,,,,,,,,,,,,,,
275718,バレーボール・ワールドリーグ,133278,20118,False,1,,,,,,,,,,,,,,,,,,,,,,,,,
277615,オーストラリアン・ナショナルサッカーリーグ,78601,18147,False,1,,,,,,,,,,,,,,,,,,,,,,,,,
281428,プリメーラ・ディビシオン (メキシコ),217400,33646,False,1,215,1,1,0,0,4,4,1,0,0,5,71,0,0,4,2,3,0,116,1,0,0,2,0,0
284515,ジュピラー・プロ・リーグ,238306,50840,False,1,,,,,,,,,,,,,,,,,,,,,,,,,
285611,ロシアサッカー・プレミアリーグ,142522,23730,False,1,85,2,3,0,0,1,4,1,0,0,3,4,0,0,2,2,2,0,50,1,0,0,1,8,1
288065,プリメーラ・ディビシオン,258040,34443,False,2,,,,,,,,,,,,,,,,,,,,,,,,,
288174,韓国女子バスケットボールリーグ,56460,10823,False,1,,,,,,,,,,,,,,,,,,,,,,,,,
291680,レギオナルリーガ (ドイツサッカー),96398,19707,False,1,,,,,,,,,,,,,,,,,,,,,,,,,
292082,高円宮杯U-18サッカーリーグ プリンスリーグ,139131,20663,False,1,,,,,,,,,,,,,,,,,,,,,,,,,
296603,DDRオーバーリーガ,87261,19335,False,1,,,,,,,,,,,,,,,,,,,,,,,,,
297210,スコティッシュ・プレミアシップ,197592,33279,False,1,,,,,,,,,,,,,,,,,,,,,,,,,
306842,パシフィック12カンファレンス,50589,12595,False,0,,,,,,,,,,,,,,,,,,,,,,,,,
308126,ユナイテッドサッカーリーグ,74687,13572,False,1,,,,,,,,,,,,,,,,,,,,,,,,,
308849,JLSLチャレンジリーグ,51832,11520,False,0,40,15,0,0,0,0,10,0,0,0,0,0,0,0,0,0,0,0,13,1,0,1,0,0,0
312475,全国大学野球連盟,33171,13899,False,0,,,,,,,,,,,,,,,,,,,,,,,,,
313115,フットボールリーグ,266578,40744,False,1,,,,,,,,,,,,,,,,,,,,,,,,,
313759,北部地区大学野球連盟,31634,11350,False,0,,,,,,,,,,,,,,,,,,,,,,,,,
319295,アジアリーグアイスホッケー,169916,46504,False,1,,,,,,,,,,,,,,,,,,,,,,,,,
341935,東京六大学リーグ,43440,8776,True,0,,,,,,,,,,,,,,,,,,,,,,,,,
345002,WHA,93413,25118,False,1,,,,,,,,,,,,,,,,,,,,,,,,,
345554,北米サッカーリーグ,100579,19781,False,1,,,,,,,,,,,,,,,,,,,,,,,,,
357334,セリエB,21583,6009,True,0,,,,,,,,,,,,,,,,,,,,,,,,,
357482,JABA関東選抜リーグ,39823,10810,False,0,,,,,,,,,,,,,,,,,,,,,,,,,
372198,関西学生野球連盟 (旧制専門学校),25820,7066,False,0,,,,,,,,,,,,,,,,,,,,,,,,,
372199,関西学生野球連盟 (終戦前),37926,11412,False,0,,,,,,,,,,,,,,,,,,,,,,,,,
372885,関西六大学野球連盟 (旧連盟),104023,53686,False,0,,,,,,,,,,,,,,,,,,,,,,,,,
376911,ブンデスリーガ,33174,8001,True,0,,,,,,,,,,,,,,,,,,,,,,,,,
377303,東京新大学野球連盟 (旧連盟),28154,8159,False,0,32,0,0,0,0,0,1,2,0,0,0,0,0,4,0,0,0,0,21,3,0,1,0,0,0
378979,関東六大学女子軟式野球連盟,29025,8269,False,0,22,0,0,0,0,0,0,1,0,0,0,0,0,0,2,0,0,6,8,2,0,1,0,2,0
385868,ハンドボール・ブンデスリーガ,78467,15098,False,1,,,,,,,,,,,,,,,,,,,,,,,,,
391765,セリエB (サッカー),165880,24575,False,2,,,,,,,,,,,,,,,,,,,,,,,,,
396216,カンピオナート・ブラジレイロ,98553,18588,False,0,,,,,,,,,,,,,,,,,,,,,,,,,
414340,サッカー・ブンデスリーガ (オーストリア),232374,44963,False,1,181,6,13,3,0,0,15,3,0,0,20,3,0,0,3,6,1,7,83,11,0,0,2,2,3
415800,Vリーグ (韓国),81295,12432,False,1,,,,,,,,,,,,,,,,,,,,,,,,,
416869,プレミアシップ (ラグビー),56944,12262,False,1,,,,,,,,,,,,,,,,,,,,,,,,,
423932,野球ブンデスリーガ,178298,32537,False,1,,,,,,,,,,,,,,,,,,,,,,,,,
424543,Aリーグ,297968,66811,False,1,161,6,0,2,0,6,4,2,3,0,4,2,0,0,5,10,3,0,79,2,0,1,18,12,2
424642,バスケットボール日本リーグ,138182,45272,False,0,,,,,,,,,,,,,,,,,,,,,,,,,
425564,日本アカデミーリーグ,24856,6469,False,0,,,,,,,,,,,,,,,,,,,,,,,,,
425571,九州リーグ (野球),40531,14481,False,0,,,,,,,,,,,,,,,,,,,,,,,,,
426967,ホッケー日本リーグ,49407,12844,False,1,,,,,,,,,,,,,,,,,,,,,,,,,
434568,アメリカン・バスケットボール・アソシエーション (1967-1976年),62417,18423,False,0,124,0,0,0,0,2,21,2,2,0,1,2,25,0,2,0,0,2,56,2,7,0,0,0,0
434988,スーパーリーグ (スイス),190589,31996,False,1,,,,,,,,,,,,,,,,,,,,,,,,,
438126,日本ハンドボールリーグ,86589,23186,False,1,,,,,,,,,,,,,,,,,,,,,,,,,
442431,プライベートリーグ,54284,21005,False,2,,,,,,,,,,,,,,,,,,,,,,,,,
456070,WNBA,93616,18391,False,1,,,,,,,,,,,,,,,,,,,,,,,,,
459753,パシフィック・コーストリーグ,89435,20713,False,1,,,,,,,,,,,,,,,,,,,,,,,,,
484396,HETリガ,152957,23573,False,1,,,,,,,,,,,,,,,,,,,,,,,,,
487888,スーパーラグビー,119134,28814,False,1,,,,,,,,,,,,,,,,,,,,,,,,,
528160,大学体育協会 (NCAAディビジョンIII),23349,6632,False,0,27,0,0,0,0,0,4,0,0,0,1,0,0,0,1,4,0,0,17,0,0,0,0,0,0
539792,ベースボール・チャレンジ・リーグ,269693,88275,False,2,,,,,,,,,,,,,,,,,,,,,,,,,
544800,セリエA (バレーボール),97781,17563,False,1,,,,,,,,,,,,,,,,,,,,,,,,,
547601,東京六大学理工系野球連盟,52997,10704,False,0,,,,,,,,,,,,,,,,,,,,,,,,,
553684,スュペル・リグ,249740,41182,False,1,149,2,3,4,0,0,3,0,0,0,3,5,0,0,4,3,2,0,116,1,0,0,2,0,1
561962,美ら島リーグ,26911,7361,False,0,,,,,,,,,,,,,,,,,,,,,,,,,
562693,XFL,24303,7520,False,0,,,,,,,,,,,,,,,,,,,,,,,,,
578841,ザ・ラグビーチャンピオンシップ,71817,13980,False,1,54,2,0,4,0,0,0,2,0,0,7,7,0,0,1,0,0,0,22,1,0,0,0,5,3
588576,卓球ブンデスリーガ,73570,15831,False,0,,,,,,,,,,,,,,,,,,,,,,,,,
594782,神奈川県社会人サッカーリーグ,55957,13564,False,1,,,,,,,,,,,,,,,,,,,,,,,,,
595788,ハワイ・ウィンターリーグ,35431,10890,False,0,,,,,,,,,,,,,,,,,,,,,,,,,
596406,東京都社会人サッカーリーグ,59001,13850,False,1,92,3,0,0,0,0,0,1,0,0,1,0,0,0,0,2,1,12,69,1,0,1,0,0,1
599826,ビッグ・テン・カンファレンス,56258,12158,False,0,,,,,,,,,,,,,,,,,,,,,,,,,
599836,千葉県社会人サッカーリーグ,52828,12567,False,1,74,2,0,0,0,0,0,0,0,0,1,0,0,0,1,1,2,9,56,1,0,1,0,0,0
599838,ビッグ12カンファレンス,38234,8151,False,0,,,,,,,,,,,,,,,,,,,,,,,,,
600046,栃木県社会人サッカーリーグ,58368,17078,False,0,,,,,,,,,,,,,,,,,,,,,,,,,
600077,群馬県社会人サッカーリーグ,55683,15739,False,0,,,,,,,,,,,,,,,,,,,,,,,,,
600168,沖縄県社会人サッカーリーグ,44674,10040,False,0,,,,,,,,,,,,,,,,,,,,,,,,,
600882,鹿児島県社会人サッカーリーグ,60799,14906,False,0,,,,,,,,,,,,,,,,,,,,,,,,,
604139,大分県社会人サッカーリーグ,48703,11172,False,1,,,,,,,,,,,,,,,,,,,,,,,,,
604196,佐賀県社会人サッカーリーグ,43148,8838,False,0,,,,,,,,,,,,,,,,,,,,,,,,,
608223,プリメイラ・リーガ,205358,32055,False,1,,,,,,,,,,,,,,,,,,,,,,,,,
609537,アメリカ女子サッカーリーグ,54303,10866,False,1,,,,,,,,,,,,,,,,,,,,,,,,,
618339,ヴェイッカウスリーガ,217591,33413,False,1,147,2,6,0,0,0,2,3,0,0,3,2,0,0,2,1,2,0,114,1,0,0,2,4,3
645682,ウクライナ・プレミアリーグ,121406,19945,False,1,,,,,,,,,,,,,,,,,,,,,,,,,
664355,ユーロリーグ,238654,40575,False,1,150,0,0,12,1,5,3,2,0,0,20,1,0,1,2,5,2,0,81,3,0,0,0,10,2
669641,アトランティック・コースト・カンファレンス,46949,11691,False,0,,,,,,,,,,,,,,,,,,,,,,,,,
679506,地域リーグ (フットサル),90092,16508,False,0,27,0,0,1,0,1,0,0,0,0,1,0,2,0,0,1,0,18,1,1,0,1,0,0,0
680742,石川県フットボールリーグ,35602,8289,False,0,,,,,,,,,,,,,,,,,,,,,,,,,
683336,サウジ・プロフェッショナルリーグ,115382,19652,False,1,,,,,,,,,,,,,,,,,,,,,,,,,
684143,サウスイースタン・カンファレンス,62707,12522,False,0,,,,,,,,,,,,,,,,,,,,,,,,,
689004,関東大学サッカーリーグ戦,104777,30903,False,1,,,,,,,,,,,,,,,,,,,,,,,,,
689770,アラビアン・ガルフ・リーグ,92308,16627,False,1,,,,,,,,,,,,,,,,,,,,,,,,,
690052,中国プロバスケットボールリーグ,101896,15502,False,1,,,,,,,,,,,,,,,,,,,,,,,,,
697279,道東ブロックリーグ,56431,16068,False,1,,,,,,,,,,,,,,,,,,,,,,,,,
698820,トップイーストリーグ,143621,40011,False,1,,,,,,,,,,,,,,,,,,,,,,,,,
698871,トップウェスト,154011,43466,False,1,,,,,,,,,,,,,,,,,,,,,,,,,
698884,トップキュウシュウ,137057,37136,False,1,,,,,,,,,,,,,,,,,,,,,,,,,
700504,トップノース,50416,10647,False,0,,,,,,,,,,,,,,,,,,,,,,,,,
706130,フットボールリーグ・チャンピオンシップ,121016,19394,False,1,,,,,,,,,,,,,,,,,,,,,,,,,
715127,フランス選手権トップ14,56375,14104,False,1,,,,,,,,,,,,,,,,,,,,,,,,,
730411,関東社会人リーグ (ラグビー),125646,31790,False,1,,,,,,,,,,,,,,,,,,,,,,,,,
736213,セリエA (バスケットボール),141217,20238,False,1,,,,,,,,,,,,,,,,,,,,,,,,,
738378,関西大学ラグビーフットボールリーグ,105429,27596,False,0,,,,,,,,,,,,,,,,,,,,,,,,,
740346,FA女子プレミアリーグ,83610,12690,False,0,,,,,,,,,,,,,,,,,,,,,,,,,
746547,ソビエト連邦サッカーリーグ,115670,19886,False,0,51,0,0,0,0,0,1,0,0,0,1,0,0,3,0,0,1,0,41,1,1,0,2,0,0
746869,NBAゲータレード・リーグ,197366,37564,False,1,,,,,,,,,,,,,,,,,,,,,,,,,
747854,ナショナル・バスケットボール・リーグ (オーストラリア),131799,19267,False,1,,,,,,,,,,,,,,,,,,,,,,,,,
749442,コンチネンタル・バスケットボール・アソシエーション,82903,17552,False,1,,,,,,,,,,,,,,,,,,,,,,,,,
753836,スーパーリーガ (バレーボール),73485,11466,False,1,,,,,,,,,,,,,,,,,,,,,,,,,
754172,フィリピンプロバスケットボールリーグ,87701,18583,False,1,,,,,,,,,,,,,,,,,,,,,,,,,
765687,チャレンジリーグ,23264,6591,True,0,,,,,,,,,,,,,,,,,,,,,,,,,
767957,中国女子バスケットボールリーグ,54279,10485,False,0,40,0,0,0,0,0,5,1,0,0,1,0,0,0,0,2,0,0,30,1,0,0,0,0,0
768534,バスケットボール・ブンデスリーガ,97817,15187,False,0,,,,,,,,,,,,,,,,,,,,,,,,,
775888,日本フットサルリーグ,210173,43067,False,1,,,,,,,,,,,,,,,,,,,,,,,,,
777937,プロ12,70880,13608,False,1,,,,,,,,,,,,,,,,,,,,,,,,,
778721,東日本トップクラブリーグ,34073,10954,False,0,,,,,,,,,,,,,,,,,,,,,,,,,
782354,リーガACB,130595,18795,False,1,,,,,,,,,,,,,,,,,,,,,,,,,
794164,ロシア・バスケットボール・スーパーリーグ,100422,15290,False,0,,,,,,,,,,,,,,,,,,,,,,,,,
794192,ロシア・スーパーリーグ,36499,8653,False,1,,,,,,,,,,,,,,,,,,,,,,,,,
794729,リーグ・ナショナル・バスケットボール,84839,14574,False,1,,,,,,,,,,,,,,,,,,,,,,,,,
794858,道南ブロックリーグ,55690,15059,False,1,,,,,,,,,,,,,,,,,,,,,,,,,
799386,フランス・バレーボールリーグ,100540,14224,False,1,58,0,0,0,0,0,6,0,0,0,2,0,0,0,1,0,0,6,32,3,0,0,0,4,4
801306,スーパー10,53958,10713,False,1,,,,,,,,,,,,,,,,,,,,,,,,,
802517,USBL,62577,11649,False,1,,,,,,,,,,,,,,,,,,,,,,,,,
808324,カリーカップ,30859,8162,False,1,27,0,0,0,0,0,1,1,0,0,2,0,0,0,4,0,0,0,16,2,0,0,0,0,1
810133,USL Wリーグ,100614,19014,False,1,,,,,,,,,,,,,,,,,,,,,,,,,
834636,関西学生サッカーリーグ,131471,41742,False,1,,,,,,,,,,,,,,,,,,,,,,,,,
835045,中国バレーボールリーグ,103185,13004,False,1,,,,,,,,,,,,,,,,,,,,,,,,,
836652,チェコ・エクストラリーグ,70134,12007,False,1,,,,,,,,,,,,,,,,,,,,,,,,,
841690,プレミアリザーブリーグ,30883,8297,False,0,,,,,,,,,,,,,,,,,,,,,,,,,
846771,スーパーリーグ (格闘技),39272,8813,False,0,2,0,0,0,0,0,1,0,0,0,0,0,0,0,0,0,0,0,0,1,0,0,0,0,0
851850,北関東大学サッカーリーグ戦,33093,8855,False,0,,,,,,,,,,,,,,,,,,,,,,,,,
851970,神奈川県大学サッカーリーグ,31885,9039,False,0,,,,,,,,,,,,,,,,,,,,,,,,,
851973,千葉県大学サッカーリーグ,41270,11407,False,1,,,,,,,,,,,,,,,,,,,,,,,,,
851974,埼玉県大学サッカーリーグ,32021,8955,False,0,,,,,,,,,,,,,,,,,,,,,,,,,
851982,東京都大学サッカーリーグ,33691,9585,False,0,,,,,,,,,,,,,,,,,,,,,,,,,
858359,Fリーグ,21034,5851,True,0,,,,,,,,,,,,,,,,,,,,,,,,,
870541,日本ソフトボールリーグ,105692,28291,False,2,,,,,,,,,,,,,,,,,,,,,,,,,
878128,アルスヴェンスカン,199092,32445,False,1,,,,,,,,,,,,,,,,,,,,,,,,,
879598,イタリアバレーボール連盟,33796,7917,False,0,,,,,,,,,,,,,,,,,,,,,,,,,
895299,リーグ・ドゥ,170043,24021,False,1,,,,,,,,,,,,,,,,,,,,,,,,,
901006,女子超級籃球聯賽,62607,9426,False,1,,,,,,,,,,,,,,,,,,,,,,,,,
902551,ナショナル・バスケットボール・リーグ,25972,6800,True,0,,,,,,,,,,,,,,,,,,,,,,,,,
903786,インターナショナル・バスケットボール・リーグ,63172,11875,False,1,,,,,,,,,,,,,,,,,,,,,,,,,
905323,リーガ・フェミニーナ・バロンセスト,91450,14376,False,1,,,,,,,,,,,,,,,,,,,,,,,,,
905379,ターキッシュ・バスケットボール・リーグ,97192,14281,False,1,,,,,,,,,,,,,,,,,,,,,,,,,
930644,ABAリーグ,177917,23993,False,1,85,0,0,2,1,0,3,2,0,0,15,0,0,0,2,1,2,0,52,2,0,0,0,1,2
933862,北海道地区大学野球連盟,55405,18959,False,0,,,,,,,,,,,,,,,,,,,,,,,,,
934532,リーガ・プロフェッショナル・バロンセスト (ベネズエラ),102827,16496,False,0,,,,,,,,,,,,,,,,,,,,,,,,,
966463,プロヴィンシャル・リーグ,55688,12529,False,1,91,7,0,7,0,1,8,4,0,0,2,1,0,2,0,0,0,10,42,1,4,0,0,2,0
966482,タイ・リーグ,127332,20430,False,1,,,,,,,,,,,,,,,,,,,,,,,,,
967172,ニュージーランド・フットボールチャンピオンシップ,65072,14135,False,1,,,,,,,,,,,,,,,,,,,,,,,,,
967195,ベトナムサッカーリーグ,101094,17085,False,1,,,,,,,,,,,,,,,,,,,,,,,,,
967233,カテゴリア・プリメーラA,180695,30204,False,1,130,2,3,0,0,0,2,2,1,0,2,10,0,0,3,1,2,0,98,1,0,0,1,0,2
967237,プリメーラ・ディビシオン (ウルグアイ),144724,18660,False,1,,,,,,,,,,,,,,,,,,,,,,,,,
972918,サマーリーグ,30716,8952,False,0,,,,,,,,,,,,,,,,,,,,,,,,,
982027,ギリシャ・スーパーリーグ,214090,32041,False,1,171,0,3,0,0,0,2,3,0,0,5,5,0,0,2,2,2,0,136,2,0,0,1,7,1
982364,リーガ1,243863,42333,False,1,,,,,,,,,,,,,,,,,,,,,,,,,
983069,ブルガリアプロサッカーリーグ,238007,39779,False,1,177,2,8,0,0,0,10,3,0,0,2,4,0,0,1,1,1,0,143,1,0,0,1,0,0
990555,広島県社会人サッカーリーグ,43908,11887,False,0,,,,,,,,,,,,,,,,,,,,,,,,,
992464,カメルーン・プレミア・ディビジョン,71911,12829,False,1,,,,,,,,,,,,,,,,,,,,,,,,,
996452,エジプト・プレミアリーグ,101215,20548,False,1,,,,,,,,,,,,,,,,,,,,,,,,,
1002303,プレミアリーグ,261255,47350,False,2,202,4,8,5,0,1,8,5,0,0,18,2,0,0,6,6,3,0,113,9,0,0,2,10,2
1007737,ユーゴスラビア・プルヴァ・リーガ,75659,14534,False,0,,,,,,,,,,,,,,,,,,,,,,,,,
1007820,イスラエル野球リーグ,38120,11356,False,1,,,,,,,,,,,,,,,,,,,,,,,,,
1029667,JUNIOR HYPER LEAGUE,61360,14347,False,0,24,0,0,2,0,0,0,2,0,0,0,5,1,0,0,0,0,3,0,2,0,1,3,2,3
1033686,Iリーグ,90813,14802,False,1,41,0,1,0,0,0,0,3,0,0,4,1,0,0,1,1,1,0,23,2,0,0,0,4,0
1035464,セリエD (サッカー),63299,11909,False,1,,,,,,,,,,,,,,,,,,,,,,,,,
1037878,レガ・プロ・セコンダ・ディヴィジオーネ,64818,13061,False,1,,,,,,,,,,,,,,,,,,,,,,,,,
1043765,レガ・プロ・プリマ・ディヴィジオーネ,75057,13210,False,1,96,3,5,0,0,0,1,3,0,0,2,2,0,1,2,1,2,6,60,1,2,0,0,5,0
1066821,カナディアン・フットボール・リーグ,69911,13058,False,2,,,,,,,,,,,,,,,,,,,,,,,,,
1078794,カリフォルニアリーグ,62477,12270,False,1,,,,,,,,,,,,,,,,,,,,,,,,,
1079455,セグンダ・ディビシオン,275153,47988,False,1,,,,,,,,,,,,,,,,,,,,,,,,,
1084412,ジャーマン・フットボール・リーグ,99872,19319,False,1,68,0,0,0,0,2,2,3,0,0,3,0,0,0,2,0,1,10,37,6,0,0,0,2,0
1089098,カンピオナート・パウリスタ,172605,27538,False,1,200,0,14,7,0,0,11,1,0,0,3,9,0,0,8,26,3,19,95,2,0,0,1,0,1
1114853,ディビジョンシリーズ,129704,28830,False,0,,,,,,,,,,,,,,,,,,,,,,,,,
1118511,プルヴァHNL,146983,22624,False,1,118,0,18,0,0,0,10,2,0,0,4,8,0,0,1,1,2,1,65,1,0,1,2,0,2
1122450,セルビア・スーペルリーガ,136411,21405,False,1,,,,,,,,,,,,,,,,,,,,,,,,,
1125714,Jアイス・ノース・ディビジョン,52439,11213,False,1,,,,,,,,,,,,,,,,,,,,,,,,,
1126921,関西フットサルリーグ,38934,12785,False,1,,,,,,,,,,,,,,,,,,,,,,,,,
1141952,ふく面ワールドリーグ戦,91992,25948,False,0,,,,,,,,,,,,,,,,,,,,,,,,,
1153794,プロフェッショナルコンチネンタルチーム,91564,24035,False,0,,,,,,,,,,,,,,,,,,,,,,,,,
1174800,日本バスケットボールリーグ2部機構,57998,13631,False,1,,,,,,,,,,,,,,,,,,,,,,,,,
1193642,地域リーグ (バスケットボール),28275,6960,False,0,,,,,,,,,,,,,,,,,,,,,,,,,
1207056,フットボールリーグ1,83308,14766,False,1,,,,,,,,,,,,,,,,,,,,,,,,,
1209433,ストロングリーグ,38271,14768,False,0,,,,,,,,,,,,,,,,,,,,,,,,,
1216486,フットボールリーグ2,82905,15795,False,1,,,,,,,,,,,,,,,,,,,,,,,,,
1216555,アメリカン・フットボール・カンファレンス,123209,25547,False,0,,,,,,,,,,,,,,,,,,,,,,,,,
1216559,ナショナル・フットボール・カンファレンス,113119,19928,False,0,,,,,,,,,,,,,,,,,,,,,,,,,
1220377,ナショナルラグビーリーグ,81794,14614,False,1,61,1,0,0,1,3,4,2,0,0,4,6,0,0,1,0,1,0,32,2,0,0,0,3,1
1225147,アリーナフットボールリーグ,46574,11359,False,1,,,,,,,,,,,,,,,,,,,,,,,,,
1233851,全米プロ野球選手協会,123966,22511,False,0,,,,,,,,,,,,,,,,,,,,,,,,,
1234000,フットボールカンファレンス,83533,15484,False,0,,,,,,,,,,,,,,,,,,,,,,,,,
1234633,プレミアリーグ (バレーボール),256324,58698,False,1,,,,,,,,,,,,,,,,,,,,,,,,,
1236515,JBLプレスーパーリーグ,36902,9180,False,0,,,,,,,,,,,,,,,,,,,,,,,,,
1237673,カンファレンス・ノース,78197,12745,False,1,61,3,4,0,0,0,3,1,0,0,2,2,0,0,1,0,0,0,44,1,0,0,0,0,0
1237678,カンファレンス・ナショナル,68789,12463,False,1,,,,,,,,,,,,,,,,,,,,,,,,,
1237700,カンファレンス・サウス,59106,10837,False,1,,,,,,,,,,,,,,,,,,,,,,,,,
1242257,ヨーロピアンツアー,93820,19665,False,1,,,,,,,,,,,,,,,,,,,,,,,,,
1242389,欧州女子ゴルフツアー,51044,11376,False,0,,,,,,,,,,,,,,,,,,,,,,,,,
1247028,ユニオン・アソシエーション,75376,15199,False,0,,,,,,,,,,,,,,,,,,,,,,,,,
1247717,ヴィルスリーガ,100090,15773,False,1,,,,,,,,,,,,,,,,,,,,,,,,,
1253561,ベースボールフィリピン,58243,12942,False,1,,,,,,,,,,,,,,,,,,,,,,,,,
1257140,デンマーク・スーペルリーガ,150260,22410,False,1,,,,,,,,,,,,,,,,,,,,,,,,,
1260006,アメリカンリーグ東地区,238715,32261,False,0,69,2,0,0,0,1,2,1,0,0,2,0,7,0,1,4,0,0,48,0,0,1,0,0,0
1260007,アメリカンリーグ中地区,176482,23591,False,0,,,,,,,,,,,,,,,,,,,,,,,,,
1260012,アメリカンリーグ西地区,188221,27689,False,0,,,,,,,,,,,,,,,,,,,,,,,,,
1260015,ナショナルリーグ東地区,196384,27619,False,0,48,0,0,0,0,0,1,1,0,0,1,0,0,0,1,1,0,0,42,0,0,1,0,0,0
1260016,ナショナルリーグ中地区,209614,27990,False,0,,,,,,,,,,,,,,,,,,,,,,,,,
1260017,ナショナルリーグ西地区,201291,26899,False,0,,,,,,,,,,,,,,,,,,,,,,,,,
1264128,セリエ・ナシオナル・デ・ベイスボル,136749,32183,False,1,111,0,0,0,0,0,2,0,0,0,7,0,0,0,2,4,0,0,88,5,0,0,0,1,2
1270627,ブリティッシュ・バスケットボール・リーグ,129366,17997,False,1,,,,,,,,,,,,,,,,,,,,,,,,,
1282053,アメリカン・アソシエーション (19世紀),177234,26698,False,0,,,,,,,,,,,,,,,,,,,,,,,,,
1294831,アメリカン・フットボール・リーグ,116850,22215,False,1,137,0,0,0,0,7,15,2,5,0,2,5,17,3,2,0,2,4,65,3,2,0,0,0,3
1295997,リーガ・エスパニョーラ・デ・ベイスボル,49025,10317,False,0,,,,,,,,,,,,,,,,,,,,,,,,,
1296086,ディビシオン・デ・オナー,76295,13883,False,1,38,0,0,0,0,0,2,0,0,0,2,0,0,0,2,1,0,0,28,2,0,0,0,0,1
1296114,タイ王国ベースボールリーグ,24743,6721,False,0,,,,,,,,,,,,,,,,,,,,,,,,,
1299414,プレイヤーズ・リーグ,74888,14980,False,0,,,,,,,,,,,,,,,,,,,,,,,,,
1302091,イスミアンフットボールリーグ,74420,12678,False,0,,,,,,,,,,,,,,,,,,,,,,,,,
1303555,プレミアアカデミーリーグ,45647,10985,False,0,39,0,1,0,0,0,2,1,0,0,1,0,0,1,0,0,0,2,21,2,0,0,0,8,0
1312695,女子ユーロリーグ,73671,11661,False,1,,,,,,,,,,,,,,,,,,,,,,,,,
1313670,フェデラル・リーグ,95844,18501,False,0,,,,,,,,,,,,,,,,,,,,,,,,,
1316766,ギリシャA1バスケットボールリーグ,112303,19048,False,1,43,0,1,2,1,0,3,2,0,0,2,1,0,0,1,2,2,0,21,1,0,0,0,3,1
1316869,リトアニア・バスケットボール・リーグ,119918,17662,False,1,,,,,,,,,,,,,,,,,,,,,,,,,
1318371,イスミアンリーグ・プレミアディヴィジョン,65644,13809,False,0,,,,,,,,,,,,,,,,,,,,,,,,,
1335744,ノーザンプレミアフットボールリーグ,60700,11594,False,1,,,,,,,,,,,,,,,,,,,,,,,,,
1336166,ノーザンプレミアリーグ・プレミアディヴィジョン,96943,14819,False,1,79,3,4,0,0,0,2,1,0,0,3,2,0,0,1,1,1,0,60,1,0,0,0,0,0
1337864,サザンフットボールリーグ,55095,9829,False,1,,,,,,,,,,,,,,,,,,,,,,,,,
1337894,サザンフットボールリーグ・プレミアディヴィジョン,108284,17666,False,1,,,,,,,,,,,,,,,,,,,,,,,,,
1338567,熊本県サッカーリーグ,50473,11838,False,0,,,,,,,,,,,,,,,,,,,,,,,,,
1342423,香港ファーストディビジョンリーグ,81248,19672,False,2,222,3,2,0,0,0,8,2,0,0,2,1,0,0,1,4,1,0,192,1,0,2,3,0,0
1345201,東京都大学ソフトボールリーグ,31200,7768,False,0,,,,,,,,,,,,,,,,,,,,,,,,,
1351755,日本卓球リーグ,50550,16271,False,0,107,0,0,4,0,5,5,0,0,0,1,17,0,0,0,0,2,13,55,1,0,1,3,0,0
1361742,山口県社会人サッカーリーグ,38342,9762,False,0,55,4,0,0,0,0,0,0,0,0,0,0,0,0,3,0,0,7,39,1,0,1,0,0,0
1368377,オーストラリアン・フットボール・リーグ,69485,14604,False,1,61,0,0,1,1,1,4,1,0,0,3,2,0,0,2,0,2,0,38,2,0,0,0,3,1
1368963,関西独立リーグ,156376,55835,False,2,,,,,,,,,,,,,,,,,,,,,,,,,
1397193,イスミアンリーグ・ディヴィジョン1・ノース,51727,9444,False,0,,,,,,,,,,,,,,,,,,,,,,,,,
1397214,イスミアンリーグ・ディヴィジョン1・サウス,51699,9414,False,0,,,,,,,,,,,,,,,,,,,,,,,,,
1403965,ワールド・バスケットボール・アソシエーション,37269,9253,False,1,51,0,0,0,0,0,2,1,0,0,2,0,0,0,1,1,1,0,40,2,1,0,0,0,0
1408716,ユナイテッド・バスケットボール・リーグ,57952,10883,False,1,,,,,,,,,,,,,,,,,,,,,,,,,
1408731,イースタン・バスケットボール・アライアンス,58627,10430,False,1,,,,,,,,,,,,,,,,,,,,,,,,,
1415056,ウィミンズ・ナショナル・バスケットボール・リーグ (オーストラリア),102101,16770,False,1,,,,,,,,,,,,,,,,,,,,,,,,,
1415067,ナショナル・バスケットボール・リーグ (ニュージーランド),82128,12465,False,1,,,,,,,,,,,,,,,,,,,,,,,,,
1419602,リーガ・ナシオナル・バスケットボール,114157,14189,False,1,,,,,,,,,,,,,,,,,,,,,,,,,
1420335,マルタ・プレミアリーグ,139318,22757,False,1,,,,,,,,,,,,,,,,,,,,,,,,,
1424673,イスラエル・バスケットボール・スーパーリーグ,117515,17042,False,0,,,,,,,,,,,,,,,,,,,,,,,,,
1433109,カンピオナート・ゴイアーノ,74641,12926,False,1,,,,,,,,,,,,,,,,,,,,,,,,,
1434949,リーグ・フェミニン・バスケットボール,70857,11871,False,0,,,,,,,,,,,,,,,,,,,,,,,,,
1435681,Jアイス・ウエスト・ディビジョン,58948,13152,False,1,37,2,0,2,0,0,2,0,0,0,1,0,5,0,1,0,1,0,19,0,0,0,0,0,4
1436305,スウェーデン・スーパーリーグ,32023,9241,False,0,,,,,,,,,,,,,,,,,,,,,,,,,
1436789,山梨県社会人サッカーリーグ,45595,10494,False,0,,,,,,,,,,,,,,,,,,,,,,,,,
1441829,カンピオナート・パラナエンセ,88856,14806,False,1,,,,,,,,,,,,,,,,,,,,,,,,,
1445761,ウッコネン,67557,11221,False,1,,,,,,,,,,,,,,,,,,,,,,,,,
1452859,1.SNL,134273,20895,False,1,,,,,,,,,,,,,,,,,,,,,,,,,
1456468,プレミアサッカーリーグ,115695,19039,False,1,,,,,,,,,,,,,,,,,,,,,,,,,
1469214,島根県社会人サッカーリーグ,37475,9545,False,0,,,,,,,,,,,,,,,,,,,,,,,,,
1476287,カッコネン,61374,13209,False,1,,,,,,,,,,,,,,,,,,,,,,,,,
1480883,エールステ・ディヴィジ,132630,25686,False,1,,,,,,,,,,,,,,,,,,,,,,,,,
1483212,リーガ・デ・フットボル・プロフェシオナル・ボリビアーノ,152007,22902,False,1,,,,,,,,,,,,,,,,,,,,,,,,,
1484698,セグンダ・ディビシオンB,152396,26860,False,1,,,,,,,,,,,,,,,,,,,,,,,,,
1484993,テルセーラ・ディビシオン,58924,11813,False,1,,,,,,,,,,,,,,,,,,,,,,,,,
1485072,フェロー諸島プレミアリーグ,123492,21098,False,1,,,,,,,,,,,,,,,,,,,,,,,,,
1486151,TFF1.リグ,60710,12324,False,1,80,4,3,1,0,0,4,2,0,0,2,1,0,0,2,2,0,0,54,1,0,0,0,4,0
1486960,イラン・バスケットボール・スーパーリーグ,70240,10709,False,0,,,,,,,,,,,,,,,,,,,,,,,,,
1487891,バロンセスト・スペリア・ナシオナル,84528,12159,False,0,,,,,,,,,,,,,,,,,,,,,,,,,
1490113,リーガ・ナシオナル・バロンセスト・プロフェッショナル,72684,11431,False,1,,,,,,,,,,,,,,,,,,,,,,,,,
1490152,テニス日本リーグ,33347,10054,False,1,,,,,,,,,,,,,,,,,,,,,,,,,
1493391,ディビシオン・デ・オノール・フベニール,79905,14914,False,1,,,,,,,,,,,,,,,,,,,,,,,,,
1493460,リーガ・ナシオナル・フベニール,51538,10636,False,0,,,,,,,,,,,,,,,,,,,,,,,,,
1493498,ディビシオネス・レヒオナレス,57411,13711,False,1,65,5,0,1,0,0,1,0,0,0,2,0,0,0,0,0,0,54,0,2,0,0,0,0,0
1494283,トゥヴェーデ・ディヴィジ,64608,11610,False,1,,,,,,,,,,,,,,,,,,,,,,,,,
1494444,フーフトクラッセ (サッカー),69356,16762,False,1,,,,,,,,,,,,,,,,,,,,,,,,,
1494533,エールステ・クラッセ,43590,9316,False,1,,,,,,,,,,,,,,,,,,,,,,,,,
1499444,FA女子プレミアリーグ・ナショナルディヴィジョン,52935,10189,False,0,31,0,6,1,0,0,1,0,0,0,0,0,0,0,0,1,0,0,20,1,0,0,0,0,1
1500241,FA女子プレミアリーグ・ノーザンディヴィジョン,53143,9975,False,0,,,,,,,,,,,,,,,,,,,,,,,,,
1500264,FA女子プレミアリーグ・サウザンディヴィジョン,53554,9927,False,0,34,2,5,1,0,0,2,0,0,0,0,0,1,0,0,0,0,0,21,1,0,0,0,0,1
1505995,リーガプロ,116531,18047,False,1,,,,,,,,,,,,,,,,,,,,,,,,,
1506013,ポルトガルサッカー連盟,56690,9045,False,1,,,,,,,,,,,,,,,,,,,,,,,,,
1506025,ポルトガルプロサッカーリーグ,34437,7129,False,0,,,,,,,,,,,,,,,,,,,,,,,,,
1507612,カンピオナート・プリマヴェーラ,53547,11686,False,1,52,1,0,1,0,2,4,0,0,0,3,0,0,0,2,1,0,0,34,3,0,0,0,0,1
1507633,カンピオナート・ベレッティ,39843,8701,False,0,,,,,,,,,,,,,,,,,,,,,,,,,
1514672,フランスアマチュア選手権,91753,14509,False,1,,,,,,,,,,,,,,,,,,,,,,,,,
1517073,ポーランド女子バレーボールリーグ,49653,8612,False,1,,,,,,,,,,,,,,,,,,,,,,,,,
1521568,ロシア・バレーボール・スーパーリーグ,88237,12839,False,1,,,,,,,,,,,,,,,,,,,,,,,,,
1534092,インターナショナル・アソシエーション (野球),34559,9887,False,0,,,,,,,,,,,,,,,,,,,,,,,,,
1539045,全米女子プロ野球リーグ,45102,16398,False,1,54,0,0,0,0,0,3,2,2,0,2,0,0,0,1,0,1,0,34,5,2,0,0,0,2
1548266,クウェート・プレミアリーグ,88873,14922,False,1,,,,,,,,,,,,,,,,,,,,,,,,,
1565011,NIFLプレミアシップ,199920,36048,False,1,,,,,,,,,,,,,,,,,,,,,,,,,
1568637,岩手県社会人サッカーリーグ,40183,9373,False,0,48,3,0,0,0,0,0,0,0,0,0,0,0,0,0,0,0,9,32,2,0,1,0,0,1
1577526,ガーナ・プレミアリーグ,110965,18138,False,1,76,1,1,0,0,0,4,1,0,0,2,2,0,0,1,1,2,0,58,1,0,0,2,0,0
1577844,エクストラクラサ,251268,40122,False,1,196,2,1,3,0,0,3,3,0,0,3,3,0,0,2,1,4,0,162,1,0,2,2,2,2
1581007,プリメーラ・ディビシオン (チリ),247447,37569,False,1,,,,,,,,,,,,,,,,,,,,,,,,,
1583240,カタール・スターズリーグ,93636,17421,False,1,,,,,,,,,,,,,,,,,,,,,,,,,
1588133,埼玉県社会人サッカーリーグ,49692,11933,False,0,,,,,,,,,,,,,,,,,,,,,,,,,
1590512,カンピオナート・ミネイロ,81551,13972,False,1,,,,,,,,,,,,,,,,,,,,,,,,,
1592469,セリエA (エクアドル),163576,29758,False,1,145,0,11,2,0,0,11,4,0,0,4,6,0,0,2,1,3,0,97,1,0,0,1,2,0
1593834,リーガ・パラグアージャ,221316,36031,False,1,,,,,,,,,,,,,,,,,,,,,,,,,
1594772,プリメーラ・ディビシオン (ペルー),184190,35529,False,1,,,,,,,,,,,,,,,,,,,,,,,,,
1595575,プリメーラ・ディビシオン (ベネズエラ),180871,25809,False,1,201,0,2,0,0,2,3,3,0,0,2,14,0,0,2,1,2,0,168,1,0,0,1,0,0
1599685,道北ブロックリーグ,56070,14999,False,1,,,,,,,,,,,,,,,,,,,,,,,,,
1599696,道央ブロックリーグ,64675,17696,False,1,,,,,,,,,,,,,,,,,,,,,,,,,
1601526,フィリピノ・プレミアリーグ,28999,7479,False,0,,,,,,,,,,,,,,,,,,,,,,,,,
1607008,九州学生ラグビーフットボールリーグ,86244,22330,False,0,,,,,,,,,,,,,,,,,,,,,,,,,
1607107,北海道地区学生ラグビーフットボール連盟,64039,12499,False,0,44,0,0,1,0,0,0,0,0,0,0,7,0,0,0,0,0,9,24,2,0,1,0,0,0
1607215,東北地区大学ラグビーリーグ,81380,21260,False,0,,,,,,,,,,,,,,,,,,,,,,,,,
1607259,北陸大学ラグビーリーグ,56228,10313,False,0,,,,,,,,,,,,,,,,,,,,,,,,,
1607282,東海学生ラグビーリーグ,73511,17425,False,0,,,,,,,,,,,,,,,,,,,,,,,,,
1607302,四国大学ラグビーリーグ,57167,10421,False,0,,,,,,,,,,,,,,,,,,,,,,,,,
1607363,中国地区大学ラグビーリーグ,63273,12635,False,0,,,,,,,,,,,,,,,,,,,,,,,,,
1607768,スーパーリーグ (ラグビーリーグ),80668,14768,False,1,,,,,,,,,,,,,,,,,,,,,,,,,
1611508,福岡県社会人サッカーリーグ,43378,10839,False,0,,,,,,,,,,,,,,,,,,,,,,,,,
1620658,カンピオナート・バイアーノ,87875,14970,False,1,,,,,,,,,,,,,,,,,,,,,,,,,
1626241,チャレンジリーグ (スイス),72080,12985,False,1,,,,,,,,,,,,,,,,,,,,,,,,,
1642240,イースタンリーグ (北米),64286,13862,False,1,,,,,,,,,,,,,,,,,,,,,,,,,
1659068,ナショナルリーグ (韓国),53632,13842,False,1,,,,,,,,,,,,,,,,,,,,,,,,,
1665122,K3リーグ,52992,11087,False,1,,,,,,,,,,,,,,,,,,,,,,,,,
1669465,鳥取県サッカーリーグ,66284,18009,False,0,,,,,,,,,,,,,,,,,,,,,,,,,
1671902,兵庫県社会人サッカーリーグ,87051,21950,False,1,,,,,,,,,,,,,,,,,,,,,,,,,
1700193,高円宮杯U-18サッカーリーグ プリンスリーグ中国,101352,19075,False,1,,,,,,,,,,,,,,,,,,,,,,,,,
1703475,バングラデシュ・プレミアリーグ,59759,10669,False,1,,,,,,,,,,,,,,,,,,,,,,,,,
1707313,アメリカ女子プロサッカー,92406,21016,False,1,,,,,,,,,,,,,,,,,,,,,,,,,
1709627,中華職業籃球聯盟,24011,6655,False,0,19,0,0,0,0,0,2,1,0,0,3,0,0,0,1,0,0,0,8,1,1,1,0,0,1
1717782,岡山サッカーリーグ,64237,17572,False,0,,,,,,,,,,,,,,,,,,,,,,,,,
1719822,カンピオナート・アクレアーノ,75939,13124,False,1,50,2,1,3,0,0,2,1,0,0,2,2,0,0,3,2,2,0,29,1,0,0,0,0,0
1725326,メジャーリーグ・ラクロス,69295,14727,False,1,,,,,,,,,,,,,,,,,,,,,,,,,
1727583,サザンフットボールリーグ・ディヴィジョン1・セントラル,56455,10200,False,1,,,,,,,,,,,,,,,,,,,,,,,,,
1727586,シリア・プレミアリーグ,88206,14785,False,1,52,1,1,0,0,0,2,2,0,0,2,3,0,0,1,1,1,0,35,1,0,0,2,0,0
1728340,サザンフットボールリーグ・ディヴィジョン1・サウス&ウェスト,54734,9891,False,0,,,,,,,,,,,,,,,,,,,,,,,,,
1751508,ASEANバスケットボールリーグ,68163,13786,False,1,38,0,0,1,0,1,3,2,2,0,6,1,0,0,2,1,0,0,15,3,0,0,0,0,1
1753205,台湾・インターシティフットボールリーグ,70434,13138,False,2,,,,,,,,,,,,,,,,,,,,,,,,,
1759163,インディアン・プレミアリーグ,86690,16702,False,1,30,0,0,1,0,2,3,1,0,0,1,0,0,0,2,0,1,0,16,2,0,0,0,0,1
1762410,新潟県社会人サッカーリーグ,46341,11051,False,0,,,,,,,,,,,,,,,,,,,,,,,,,
1774991,熊本県フットサルリーグ,33739,9611,False,0,,,,,,,,,,,,,,,,,,,,,,,,,
1775622,アンドラン・プリメーラ・ディビシオ,83272,14285,False,1,,,,,,,,,,,,,,,,,,,,,,,,,
1781545,プリメーラB・ナシオナル,92072,15310,False,1,,,,,,,,,,,,,,,,,,,,,,,,,
1794852,ウズベク・リーグ,118122,18407,False,1,,,,,,,,,,,,,,,,,,,,,,,,,
1804217,関東ユース (U-15)サッカーリーグ,70995,17480,False,1,,,,,,,,,,,,,,,,,,,,,,,,,
1806645,ディヴィジア・ナツィオナラ,100931,15932,False,1,69,0,2,0,0,0,2,2,0,0,4,1,0,0,1,1,1,0,53,1,0,0,1,0,0
1812897,関西サッカーリーグ (U-15)サンライズリーグ,36642,8521,False,1,,,,,,,,,,,,,,,,,,,,,,,,,
1822239,アリゾナリーグ,69815,13348,False,1,,,,,,,,,,,,,,,,,,,,,,,,,
1822314,ガルフ・コーストリーグ,76511,14531,False,1,45,1,0,0,0,0,1,1,0,0,1,0,0,0,1,2,0,4,32,1,0,0,0,0,1
1823404,ドミニカン・サマーリーグ,90819,17365,False,1,,,,,,,,,,,,,,,,,,,,,,,,,
1823499,ベネズエラン・サマーリーグ,58334,11806,False,1,,,,,,,,,,,,,,,,,,,,,,,,,
1823763,アパラチアンリーグ,64309,12415,False,1,,,,,,,,,,,,,,,,,,,,,,,,,
1823866,パイオニアリーグ,60587,11865,False,1,,,,,,,,,,,,,,,,,,,,,,,,,
1824060,ニューヨーク・ペンリーグ,70517,13496,False,1,,,,,,,,,,,,,,,,,,,,,,,,,
1824099,ノースウェストリーグ,62332,12134,False,1,,,,,,,,,,,,,,,,,,,,,,,,,
1824415,ミッドウェストリーグ,73022,13792,False,1,,,,,,,,,,,,,,,,,,,,,,,,,
1824854,サウス・アトランティックリーグ,71938,13653,False,1,,,,,,,,,,,,,,,,,,,,,,,,,
1825300,サザンリーグ,62506,12159,False,1,,,,,,,,,,,,,,,,,,,,,,,,,
1825766,テキサスリーグ,61138,12259,False,1,,,,,,,,,,,,,,,,,,,,,,,,,
1826511,カロライナリーグ,64462,12570,False,1,,,,,,,,,,,,,,,,,,,,,,,,,
1828033,フロリダ・ステートリーグ,70439,14957,False,1,37,1,1,0,0,0,1,1,0,0,1,0,0,0,1,1,0,4,24,1,0,0,0,0,1
1862971,日本女子プロ野球機構,186396,71024,False,2,,,,,,,,,,,,,,,,,,,,,,,,,
1871709,スペイン女子バレーボールリーグ,78704,12834,False,1,,,,,,,,,,,,,,,,,,,,,,,,,
1872743,ポーランド男子バレーボールリーグ,47912,8892,False,1,,,,,,,,,,,,,,,,,,,,,,,,,
1872969,サッカー・ヘッセンリーガ,30151,8993,False,0,,,,,,,,,,,,,,,,,,,,,,,,,
1875366,バーレーン・プレミアリーグ,77495,12896,False,1,54,0,0,0,0,0,4,2,0,0,2,3,0,0,2,2,2,0,34,1,0,0,2,0,0
1876866,カンピオナート・サンマリネーゼ,82333,14178,False,1,,,,,,,,,,,,,,,,,,,,,,,,,
1885677,タジク・リーグ,76626,14623,False,1,,,,,,,,,,,,,,,,,,,,,,,,,
1897472,IAAFダイヤモンドリーグ,87667,17919,False,1,,,,,,,,,,,,,,,,,,,,,,,,,
1904356,ジャパン・フューチャーベースボールリーグ,65131,23125,False,2,,,,,,,,,,,,,,,,,,,,,,,,,
1907282,ジンバブエ・プレミアサッカーリーグ,64018,12170,False,1,,,,,,,,,,,,,,,,,,,,,,,,,
1908359,チャレンジ・ディビジョン,50777,13524,False,1,82,5,0,4,0,0,1,2,0,0,2,0,0,0,1,0,3,0,63,1,0,0,0,0,0
1912399,関西社会人リーグ,20968,5962,True,0,,,,,,,,,,,,,,,,,,,,,,,,,
1912412,関東社会人リーグ,20837,5848,True,0,,,,,,,,,,,,,,,,,,,,,,,,,
1914013,リーガ・インドネシア,79966,19607,False,1,,,,,,,,,,,,,,,,,,,,,,,,,
1916729,中国女子サッカーリーグ,67542,14825,False,2,,,,,,,,,,,,,,,,,,,,,,,,,
1928240,ベースボール北海道,33531,10415,False,0,,,,,,,,,,,,,,,,,,,,,,,,,
1932481,プルヴァ・マケドンスカ・フドバルスカ・リーガ,117045,17515,False,1,,,,,,,,,,,,,,,,,,,,,,,,,
1939677,イタリアンベースボールリーグ,110646,24054,False,1,71,0,10,0,0,0,3,0,0,0,6,0,0,0,1,0,1,0,44,3,0,0,0,1,2
1943731,スーペルエッタン,92572,16346,False,1,99,5,3,0,0,0,2,2,0,0,2,1,0,0,2,1,2,0,72,1,0,0,4,2,0
1944584,リーガ・メヒカーナ・デル・パシフィコ,86968,16591,False,1,,,,,,,,,,,,,,,,,,,,,,,,,
1952312,2. ブンデスリーガ (ドイツサッカー),105739,16676,False,1,120,5,5,0,0,0,3,0,0,0,2,5,0,0,2,1,1,2,92,1,0,0,0,0,1
1952313,3. リーガ (ドイツサッカー),72317,12795,False,1,,,,,,,,,,,,,,,,,,,,,,,,,
1954730,2. ブンデスリーガ,24712,6575,True,0,,,,,,,,,,,,,,,,,,,,,,,,,
1954732,3. リーガ,20843,5854,True,0,,,,,,,,,,,,,,,,,,,,,,,,,
1956849,九州チャレンジャーズリーグ,32713,9738,False,0,,,,,,,,,,,,,,,,,,,,,,,,,
1966738,スコティッシュ・フットボールリーグ,103787,26745,False,1,128,9,0,0,0,0,1,2,0,0,4,3,0,1,2,1,1,7,94,1,2,0,0,0,0
1970148,全日本学生合気道連盟,23633,6757,False,0,,,,,,,,,,,,,,,,,,,,,,,,,
1978732,長崎県サッカーリーグ,43309,10030,False,0,,,,,,,,,,,,,,,,,,,,,,,,,
1979718,宮崎県サッカーリーグ,46785,9897,False,1,,,,,,,,,,,,,,,,,,,,,,,,,
1995801,KHL,138139,37072,False,1,210,0,0,0,2,6,5,3,4,0,33,2,0,0,1,0,4,13,118,4,0,0,1,13,1
2000056,レジェンズ・フットボール・リーグ,74400,18176,False,1,,,,,,,,,,,,,,,,,,,,,,,,,
2002206,岐阜県社会人サッカーリーグ,57150,14597,False,1,95,6,2,0,0,0,1,0,0,0,1,0,0,0,4,2,0,14,63,1,0,1,0,0,0
2019525,カンピオナート・ブラジレイロ・セリエB,152195,20770,False,1,130,6,2,0,0,0,6,2,0,0,1,6,0,0,2,6,5,0,90,0,0,0,0,2,2
2021116,高円宮杯U-18サッカーリーグ プリンスリーグ関東,117703,22811,False,1,,,,,,,,,,,,,,,,,,,,,,,,,
2024499,カンピオナート・ブラジレイロ・セリエA,230293,31325,False,1,,,,,,,,,,,,,,,,,,,,,,,,,
2047235,バドミントン日本リーグ,44562,11007,False,0,,,,,,,,,,,,,,,,,,,,,,,,,
2058743,東海地域リーグ (U-15),34111,8020,False,0,,,,,,,,,,,,,,,,,,,,,,,,,
2067153,茨城県社会人サッカーリーグ,45278,10451,False,0,,,,,,,,,,,,,,,,,,,,,,,,,
2068510,日本アイスホッケーリーグ,53506,13398,False,1,,,,,,,,,,,,,,,,,,,,,,,,,
2079196,オープンクラス・チャレンジリーグ戦,35052,8881,False,0,,,,,,,,,,,,,,,,,,,,,,,,,
2080130,パキスタン・プレミアリーグ,66211,11987,False,1,,,,,,,,,,,,,,,,,,,,,,,,,
2100177,プルヴァ・ツルノゴルスカ・フドバルスカ・リーガ,113555,17614,False,1,,,,,,,,,,,,,,,,,,,,,,,,,
2104902,プレミイェル・リーガ,142187,21836,False,1,123,3,19,2,0,0,3,2,0,0,6,5,0,0,3,2,1,0,72,1,0,0,2,1,1
2105095,関西ステップアップリーグ,42038,10633,False,1,,,,,,,,,,,,,,,,,,,,,,,,,
2128833,ヴィーナスリーグ,50311,11390,False,1,,,,,,,,,,,,,,,,,,,,,,,,,
2130771,イスラエル・プレミアリーグ,196847,33080,False,1,,,,,,,,,,,,,,,,,,,,,,,,,
2133996,中四国サテライトリーグ,45128,12935,False,1,40,0,0,3,0,0,0,0,0,0,1,0,0,0,1,0,1,0,13,2,3,1,7,5,3
2162899,アルメニア・プレミアリーグ,94499,15286,False,1,,,,,,,,,,,,,,,,,,,,,,,,,
2172307,セグンダ・ディビシオン・プロフェシオナル,64795,11909,False,1,85,1,1,0,0,0,1,1,0,0,2,0,0,0,1,1,4,0,72,1,0,0,0,0,0
2179303,カテゴリア・スペリオレ,175210,27039,False,1,,,,,,,,,,,,,,,,,,,,,,,,,
2186745,ブリティッシュコロンビア・プレミア・ベースボール・リーグ,45796,11975,False,1,,,,,,,,,,,,,,,,,,,,,,,,,
2203839,カンピオナート・トカンチネンセ,74599,12010,False,1,,,,,,,,,,,,,,,,,,,,,,,,,
2203978,青森県社会人サッカーリーグ,34624,8094,False,0,,,,,,,,,,,,,,,,,,,,,,,,,
2204024,宮城県社会人サッカーリーグ,38498,9346,False,0,44,1,0,0,0,0,0,0,0,0,0,4,0,0,0,0,0,6,30,2,0,1,0,0,0
2204088,静岡県社会人サッカーリーグ,59204,22239,False,0,,,,,,,,,,,,,,,,,,,,,,,,,
2208316,アメリカ合衆国チェスリーグ,25974,7262,False,0,,,,,,,,,,,,,,,,,,,,,,,,,
2210529,カザフスタン・プレミアリーグ,117423,18005,False,1,108,4,1,4,0,0,1,2,0,0,2,2,0,0,1,6,4,0,75,1,0,0,3,2,0
2210980,ネムゼティ・バイノクシャーグI,140670,29261,False,1,196,0,5,1,0,0,4,2,0,1,4,2,0,0,3,2,2,0,163,1,0,0,0,6,0
2213438,アメリカン・アソシエーション (独立リーグ),69732,14530,False,1,,,,,,,,,,,,,,,,,,,,,,,,,
2213716,ユナイテッドリーグ・ベースボール,32363,8104,False,1,,,,,,,,,,,,,,,,,,,,,,,,,
2213718,ユナイテッド・リーグ,63367,10050,False,0,,,,,,,,,,,,,,,,,,,,,,,,,
2219898,秋田県社会人サッカーリーグ,36543,10461,False,0,,,,,,,,,,,,,,,,,,,,,,,,,
2220494,長野県フットボールリーグ,46923,11049,False,1,76,4,7,0,0,0,0,0,0,0,1,2,0,0,3,0,0,16,39,2,0,1,0,0,1
2221797,山形県社会人サッカーリーグ,37526,9140,False,0,,,,,,,,,,,,,,,,,,,,,,,,,
2221801,福島県社会人サッカーリーグ,37016,8669,False,0,,,,,,,,,,,,,,,,,,,,,,,,,
2222038,富山県フットボールリーグ,44846,10780,False,0,,,,,,,,,,,,,,,,,,,,,,,,,
2222342,福井県サッカーリーグ,37290,10931,False,0,,,,,,,,,,,,,,,,,,,,,,,,,
2222343,トップクラッセ,66393,14653,False,1,,,,,,,,,,,,,,,,,,,,,,,,,
2224606,三重県サッカーリーグ,34902,8861,False,0,,,,,,,,,,,,,,,,,,,,,,,,,
2225266,愛知県社会人サッカーリーグ,32985,7982,False,0,,,,,,,,,,,,,,,,,,,,,,,,,
2231415,J1リーグ,222914,38985,False,1,132,1,5,0,0,3,2,0,0,0,1,18,0,0,2,6,1,0,68,0,0,0,21,3,1
2231416,J2リーグ,208694,33702,False,1,183,20,22,14,0,0,26,2,0,0,1,13,0,0,5,17,1,0,48,0,0,0,12,2,0
2255280,リナフット,67859,13179,False,1,,,,,,,,,,,,,,,,,,,,,,,,,
2258854,イースタン・カンファレンス (NBA),106208,21059,False,1,,,,,,,,,,,,,,,,,,,,,,,,,
2259933,ウェスタン・カンファレンス (NBA),108428,21702,False,1,,,,,,,,,,,,,,,,,,,,,,,,,
2270548,ウェスタン・カンファレンス (NHL),73466,15314,False,1,,,,,,,,,,,,,,,,,,,,,,,,,
2270944,イースタン・カンファレンス (NHL),76842,15985,False,1,74,0,0,0,0,0,0,2,0,1,0,7,0,0,2,7,1,9,32,1,0,0,3,7,2
2275749,WKリーグ,60761,10659,False,2,,,,,,,,,,,,,,,,,,,,,,,,,
2298761,ナショナル・ラクロス・リーグ,57888,11880,False,1,,,,,,,,,,,,,,,,,,,,,,,,,
2300594,ノース・アメリカン・リーグ,68780,13939,False,1,56,0,0,1,0,0,1,1,0,0,4,0,0,1,1,0,0,2,37,2,2,0,0,3,1
2302524,ウエスタン・ベースボール・リーグ,45731,11196,False,1,,,,,,,,,,,,,,,,,,,,,,,,,
2308078,プレーリー・リーグ,39819,9399,False,1,,,,,,,,,,,,,,,,,,,,,,,,,
2309848,ロシア・ナショナル・フットボールリーグ,110770,15899,False,1,,,,,,,,,,,,,,,,,,,,,,,,,
2309931,ペコス・リーグ,67684,13641,False,1,,,,,,,,,,,,,,,,,,,,,,,,,
2315549,ソマリアリーグ,72619,12479,False,1,,,,,,,,,,,,,,,,,,,,,,,,,
2326058,高円宮杯U-18サッカーリーグ,136532,24510,False,1,,,,,,,,,,,,,,,,,,,,,,,,,
2327350,モルディブサッカー協会,46044,7989,False,1,,,,,,,,,,,,,,,,,,,,,,,,,
2329709,コンチネンタル・ベースボール・リーグ,39715,9932,False,1,,,,,,,,,,,,,,,,,,,,,,,,,
2335134,SMリーガ,70906,13930,False,0,,,,,,,,,,,,,,,,,,,,,,,,,
2346382,ECHL,65839,12239,False,1,,,,,,,,,,,,,,,,,,,,,,,,,
2351686,ノース・アトランティック・リーグ,35965,8673,False,1,32,0,0,0,0,0,1,1,0,0,4,0,0,0,1,0,0,0,17,2,4,0,0,0,2
2353006,セントラル・ホッケー・リーグ,46702,10406,False,1,,,,,,,,,,,,,,,,,,,,,,,,,
2365586,奈良県社会人サッカーリーグ,47139,12303,False,1,,,,,,,,,,,,,,,,,,,,,,,,,
2368043,サウス・コースト・リーグ,31811,7843,False,1,,,,,,,,,,,,,,,,,,,,,,,,,
2368669,オールアメリカン・アソシエーション,31649,8090,False,1,,,,,,,,,,,,,,,,,,,,,,,,,
2371411,ハートランド・リーグ,41080,9820,False,1,,,,,,,,,,,,,,,,,,,,,,,,,
2377184,ミッドウェスト・ディビジョン (NBA),128442,26853,False,0,94,0,0,0,0,5,1,1,0,0,0,0,0,4,3,6,2,0,70,0,2,0,0,0,0
2378036,AFC南地区,86136,14736,False,0,,,,,,,,,,,,,,,,,,,,,,,,,
2386346,ロシア・セカンドディビジョン,70082,12727,False,1,,,,,,,,,,,,,,,,,,,,,,,,,
2405643,リーグ・オブ・アイルランド,188516,31854,False,1,,,,,,,,,,,,,,,,,,,,,,,,,
2424834,キプロス・ファーストディビジョン,172022,28863,False,1,,,,,,,,,,,,,,,,,,,,,,,,,
2436249,大阪府社会人サッカーリーグ,48512,11640,False,0,,,,,,,,,,,,,,,,,,,,,,,,,
2440833,みやぎチャレンジリーグ,29495,8237,False,0,,,,,,,,,,,,,,,,,,,,,,,,,
2442308,デンマーク・ファーストディビジョン,61051,10925,False,1,,,,,,,,,,,,,,,,,,,,,,,,,
2442969,フォルトゥナ・リーガ,129736,20689,False,1,,,,,,,,,,,,,,,,,,,,,,,,,
2456381,フューチャーズリーグ,66422,15270,False,1,,,,,,,,,,,,,,,,,,,,,,,,,
2459892,世界プロサーフィン連盟,24918,6852,False,0,,,,,,,,,,,,,,,,,,,,,,,,,
2459958,ユナイテッド・フットボールリーグ (フィリピン),47526,10304,False,1,,,,,,,,,,,,,,,,,,,,,,,,,
2470283,アメリカ合衆国サッカー連盟2部プロフェッショナルリーグ,84377,15192,False,1,,,,,,,,,,,,,,,,,,,,,,,,,
2477487,高円宮杯U-18サッカーリーグ プレミアリーグ,141611,23031,False,1,,,,,,,,,,,,,,,,,,,,,,,,,
2490008,ミャンマーサッカーリーグ,58486,10960,False,1,47,5,1,0,0,0,3,3,0,0,2,2,0,0,1,1,2,0,22,1,0,0,1,1,2
2490252,ヨルダンリーグ,69265,14292,False,1,61,2,1,0,0,0,5,2,0,0,2,4,0,0,2,1,2,0,37,1,0,0,2,0,0
2490314,レバノン・プレミアリーグ,66897,12694,False,1,,,,,,,,,,,,,,,,,,,,,,,,,
2490378,最上級蹴球連盟戦,47456,8971,False,0,30,0,0,0,0,0,1,1,0,0,2,0,0,0,1,0,0,0,23,1,0,0,0,0,1
2490401,イラク・プレミアリーグ,79005,14821,False,1,68,2,1,0,0,2,2,2,0,0,3,2,0,0,3,1,1,2,43,1,0,0,2,1,0
2492114,アデコリーガエン,75932,13372,False,1,,,,,,,,,,,,,,,,,,,,,,,,,
2495468,キルギス・リーグ,72881,14336,False,1,,,,,,,,,,,,,,,,,,,,,,,,,
2495584,トルクメニスタン・リーグ,73030,13821,False,1,,,,,,,,,,,,,,,,,,,,,,,,,
2496833,カンボジア・リーグ,61752,11315,False,1,,,,,,,,,,,,,,,,,,,,,,,,,
2496863,スリランカ・チャンピオンズリーグ,58949,10844,False,1,,,,,,,,,,,,,,,,,,,,,,,,,
2496917,モンゴル・リーグ,55338,10986,False,1,61,0,0,0,0,0,3,2,0,0,2,0,0,0,1,1,2,0,47,1,0,0,2,0,0
2497613,モルディブ・リーグ,54132,10458,False,1,,,,,,,,,,,,,,,,,,,,,,,,,
2497618,北米サッカーリーグ (2011-),98551,18182,False,1,,,,,,,,,,,,,,,,,,,,,,,,,
2497734,ラオス・リーグ,53082,10271,False,1,54,0,1,0,0,0,5,3,0,0,3,3,0,0,1,1,1,0,33,1,0,0,2,0,0
2497747,A-ディヴィジョン,48910,8975,False,1,28,0,0,0,0,0,2,2,0,0,2,0,0,0,1,1,1,0,16,1,0,0,2,0,0
2497941,ブルネイ・プレミアリーグ,46211,10042,False,1,46,2,0,1,0,0,1,2,0,0,2,2,0,0,2,2,2,0,28,1,0,0,1,0,0
2498022,マカオサッカーリーグファーストディビジョン,56841,9392,False,1,,,,,,,,,,,,,,,,,,,,,,,,,
2498114,マーティアズメモリアルAディヴィジョンリーグ,63190,13419,False,1,,,,,,,,,,,,,,,,,,,,,,,,,
2498237,アフガン・プレミアリーグ,49932,10218,False,1,,,,,,,,,,,,,,,,,,,,,,,,,
2498967,イエメンリーグ,65353,11887,False,1,45,0,0,0,0,0,1,2,0,0,1,1,0,0,1,1,2,0,35,1,0,0,0,0,0
2499047,オマーンリーグ,58149,11601,False,1,,,,,,,,,,,,,,,,,,,,,,,,,
2499284,USLプロフェッショナルリーグ,93654,15398,False,1,75,4,0,0,0,0,12,1,0,0,5,0,0,0,4,4,1,6,27,2,0,0,0,9,0
2499285,USLプレミアデベロップメントリーグ,62219,11035,False,1,,,,,,,,,,,,,,,,,,,,,,,,,
2499288,ナショナルプレミアサッカーリーグ,47597,8797,False,1,,,,,,,,,,,,,,,,,,,,,,,,,
2499301,グアムサッカーリーグ,59220,11406,False,1,,,,,,,,,,,,,,,,,,,,,,,,,
2499949,チュニジア・リーグ,119086,19032,False,1,,,,,,,,,,,,,,,,,,,,,,,,,
2499991,プリメーラ・ディビシオン (コスタリカ),69852,15531,False,1,,,,,,,,,,,,,,,,,,,,,,,,,
2500269,ホンジュラス・プロサッカー・ナショナルリーグ,146899,24707,False,1,,,,,,,,,,,,,,,,,,,,,,,,,
2500628,ボトラ,96416,15289,False,1,,,,,,,,,,,,,,,,,,,,,,,,,
2500651,コートジボワール・プレミア・ディビジョン,77093,14223,False,1,,,,,,,,,,,,,,,,,,,,,,,,,
2500688,ナイジェリア・プレミアリーグ,83436,13626,False,1,,,,,,,,,,,,,,,,,,,,,,,,,
2500800,アルジェリア・シャンピオナ・ナシオナル,94803,16405,False,1,,,,,,,,,,,,,,,,,,,,,,,,,
2501312,リーガASOBAL,74822,13251,False,1,,,,,,,,,,,,,,,,,,,,,,,,,
2501890,NFC西地区,111377,19118,False,0,,,,,,,,,,,,,,,,,,,,,,,,,
2501916,NFC東地区,115870,19781,False,0,,,,,,,,,,,,,,,,,,,,,,,,,
2501928,NFC南地区,81101,12998,False,0,,,,,,,,,,,,,,,,,,,,,,,,,
2501932,NFC北地区,109555,18625,False,0,48,2,0,0,0,0,0,1,0,0,1,5,0,0,0,0,0,0,29,0,0,1,0,7,2
2501950,AFC西地区,116929,20087,False,0,,,,,,,,,,,,,,,,,,,,,,,,,
2501997,AFC東地区,122721,21839,False,0,103,0,0,0,0,20,0,1,0,0,1,0,2,0,0,9,0,0,63,0,0,1,0,5,1
2502002,AFC北地区,111660,19803,False,0,,,,,,,,,,,,,,,,,,,,,,,,,
2507843,中国サッカー・甲級リーグ,62386,11046,False,2,70,4,2,0,0,0,7,0,0,0,2,1,0,0,2,1,2,0,43,1,0,2,0,0,3
2508273,中国女子サッカー・全国リーグ,77998,12722,False,2,82,0,0,2,0,0,15,2,0,0,3,1,0,0,5,1,1,11,28,3,0,2,0,7,1
2508477,Wリーグ (オーストラリア),94748,19081,False,1,,,,,,,,,,,,,,,,,,,,,,,,,
2508607,九州女子サッカーリーグ,62848,14263,False,1,,,,,,,,,,,,,,,,,,,,,,,,,
2508892,女子サッカー・ブンデスリーガ (ドイツ),68630,13060,False,1,51,1,2,1,0,0,2,1,0,0,3,2,0,0,3,3,1,0,29,2,0,0,0,0,1
2513354,ウマグレシ・リーガ,123862,19805,False,1,,,,,,,,,,,,,,,,,,,,,,,,,
2517719,中国サッカー・乙級リーグ,62477,12084,False,2,,,,,,,,,,,,,,,,,,,,,,,,,
2520436,メスタリリーガ,110444,14670,False,1,,,,,,,,,,,,,,,,,,,,,,,,,
2520445,Aリーガ,110062,17305,False,1,,,,,,,,,,,,,,,,,,,,,,,,,
2520451,ベラルーシ・プレミアリーグ,107255,16136,False,1,80,2,1,0,0,0,1,1,0,0,2,1,0,0,1,1,2,0,65,1,0,0,2,0,0
2520573,台湾女子サッカー・甲級リーグ,66882,10843,False,2,,,,,,,,,,,,,,,,,,,,,,,,,
2524564,Fリーグ準会員リーグ,102959,18828,False,1,,,,,,,,,,,,,,,,,,,,,,,,,
2524880,エリテセリエン (アイスホッケー),108691,16365,False,1,62,0,2,1,0,0,5,2,0,0,2,0,0,0,2,0,0,0,40,2,0,0,3,1,2
2526119,グレナダ・リーグ,63824,10339,False,1,40,3,4,0,0,0,1,3,0,0,3,2,0,0,1,1,0,0,19,1,0,0,0,0,2
2526153,ナショナル・フットボールリーグ (フィジー),41993,8747,False,1,,,,,,,,,,,,,,,,,,,,,,,,,
2526166,タヒチ・ディビジョン・フェデレール,47216,10624,False,1,,,,,,,,,,,,,,,,,,,,,,,,,
2526483,ポートビラ・フットボールリーグ,55878,12076,False,1,,,,,,,,,,,,,,,,,,,,,,,,,
2526661,ウェストバンク・プレミアリーグ,59893,11209,False,1,45,2,1,0,0,0,1,3,0,0,4,2,0,0,2,1,4,0,22,2,0,0,0,1,0
2526678,東ティモール・サッカーリーグ,53923,8973,False,1,,,,,,,,,,,,,,,,,,,,,,,,,
2527099,アゼルバイジャン・プレミアリーグ,112262,19833,False,1,,,,,,,,,,,,,,,,,,,,,,,,,
2528628,ザンビアン・プレミアリーグ,94247,14946,False,1,,,,,,,,,,,,,,,,,,,,,,,,,
2528630,シエラレオネ・ナショナルプレミアリーグ,82379,14603,False,1,,,,,,,,,,,,,,,,,,,,,,,,,
2528631,ルワンダン・プレミアリーグ,66313,10246,False,1,,,,,,,,,,,,,,,,,,,,,,,,,
2528632,ウガンダン・スーパーリーグ,73766,13386,False,1,,,,,,,,,,,,,,,,,,,,,,,,,
2528635,マラウイ・プレミアディビジョン,84635,14771,False,1,,,,,,,,,,,,,,,,,,,,,,,,,
2528997,ウルヴァルステイルト,227599,39955,False,1,,,,,,,,,,,,,,,,,,,,,,,,,
2529330,ジャマイカン・ナショナルプレミアリーグ,76210,14006,False,1,,,,,,,,,,,,,,,,,,,,,,,,,
2529335,プリメーラ・ディビジョン・デ・ニカラグア,89738,14745,False,1,,,,,,,,,,,,,,,,,,,,,,,,,
2529348,リーガ・ナシオナル・グアテマラ,150370,24116,False,1,82,0,1,1,0,0,3,3,0,0,3,9,0,0,1,1,2,0,55,1,0,0,2,0,0
2529359,プリメーラ・ディビシオン (エルサルバドル),126289,19750,False,1,,,,,,,,,,,,,,,,,,,,,,,,,
2530052,TTプロリーグ,122029,18630,False,1,96,0,1,0,0,0,5,5,0,0,3,5,0,0,2,1,2,1,63,2,0,0,2,3,1
2531895,タンザニアン・プレミアリーグ,73725,12421,False,1,,,,,,,,,,,,,,,,,,,,,,,,,
2531900,エチオピアン・プレミアリーグ,64089,11777,False,1,,,,,,,,,,,,,,,,,,,,,,,,,
2531913,ブルンジ・プレミアリーグ,68104,11053,False,1,,,,,,,,,,,,,,,,,,,,,,,,,
2532134,サモア・ナショナルリーグ,40711,7837,False,1,,,,,,,,,,,,,,,,,,,,,,,,,
2532212,パプアニューギニア・ナショナル・サッカーリーグ,49598,10576,False,1,,,,,,,,,,,,,,,,,,,,,,,,,
2532215,トンガ・メジャーリーグ,40940,7815,False,1,32,0,0,0,0,0,0,2,0,0,2,1,0,0,1,1,1,0,23,1,0,0,0,0,0
2532244,ニューカレドニア・ディビジョンヌール,45543,9093,False,1,,,,,,,,,,,,,,,,,,,,,,,,,
2532351,ジラボーラ,93785,14237,False,1,74,0,1,1,0,0,1,3,0,0,2,2,0,0,2,1,2,0,56,1,0,0,2,0,0
2532802,スーダン・プレミアリーグ,87107,13156,False,1,53,2,0,2,0,0,2,2,0,0,2,1,0,0,1,1,1,0,34,1,0,0,2,0,2
2533910,ボツワナ・プレミアリーグ,86144,13185,False,1,,,,,,,,,,,,,,,,,,,,,,,,,
2538992,シンガポール女子サッカー・プレミアリーグ,63974,10467,False,1,,,,,,,,,,,,,,,,,,,,,,,,,
2539529,ベトナム女子サッカー選手権,53874,10447,False,1,,,,,,,,,,,,,,,,,,,,,,,,,
2540709,ダームアルスヴェンスカン,85588,16828,False,1,,,,,,,,,,,,,,,,,,,,,,,,,
2556701,香港セカンドディビジョンリーグ,44349,9508,False,1,92,6,4,0,0,0,7,1,0,0,2,2,0,0,1,1,1,0,64,1,0,0,0,0,2
2558055,関西女子サッカーリーグ,58453,11684,False,1,,,,,,,,,,,,,,,,,,,,,,,,,
2558202,北海道女子サッカーリーグ,65721,14929,False,1,,,,,,,,,,,,,,,,,,,,,,,,,
2558322,東海女子サッカーリーグ,54494,12351,False,1,36,1,4,0,0,0,0,2,0,0,2,0,0,0,2,0,0,4,19,1,0,1,0,0,0
2558340,四国女子サッカーリーグ,47176,10335,False,1,,,,,,,,,,,,,,,,,,,,,,,,,
2558804,関東女子サッカーリーグ,60992,13183,False,1,,,,,,,,,,,,,,,,,,,,,,,,,
2558893,地域リーグ (女子サッカー),95199,15696,False,1,84,12,49,0,0,0,0,2,0,0,2,3,0,0,0,1,0,12,0,1,0,1,0,0,1
2559550,香港サードディビジョンリーグ,39397,8499,False,1,104,2,0,0,0,0,6,1,0,0,2,1,0,0,1,1,2,0,87,1,0,0,0,0,0
2560797,バルティック・バスケットボール・リーグ,55938,9972,False,1,,,,,,,,,,,,,,,,,,,,,,,,,
2563535,札幌ブロックリーグ,50728,13332,False,1,,,,,,,,,,,,,,,,,,,,,,,,,
2567626,Rリーグ,36561,8922,False,0,,,,,,,,,,,,,,,,,,,,,,,,,
2569467,フランス女子サッカーリーグ,187011,24857,False,1,125,1,1,3,0,3,1,3,0,0,3,1,0,0,5,1,1,17,72,5,0,1,4,2,1
2569823,セリエA (女子サッカー),77907,13640,False,1,74,0,2,0,0,0,1,1,0,0,3,2,0,0,1,4,0,0,42,2,0,0,0,15,1
2569884,ロシア女子サッカーリーグ・プレミアディヴィジョン,72283,12228,False,1,49,3,2,1,0,0,2,2,0,0,4,0,0,0,2,2,3,0,24,4,0,0,0,0,0
2571152,ルクセンブルク・ナショナルディビジョン,127742,20323,False,1,,,,,,,,,,,,,,,,,,,,,,,,,
2571156,ウェルシュ・プレミアリーグ,98272,16239,False,1,77,4,2,0,0,0,2,2,0,0,4,5,0,0,2,1,2,0,49,2,0,0,2,0,0
2572194,神奈川県女子サッカーリーグ,78305,14962,False,1,,,,,,,,,,,,,,,,,,,,,,,,,
2574013,FA WSL,83455,14173,False,1,,,,,,,,,,,,,,,,,,,,,,,,,
2574946,茨城県女子サッカーリーグ,58827,11326,False,1,,,,,,,,,,,,,,,,,,,,,,,,,
2575011,群馬県女子サッカーリーグ,65032,12932,False,1,,,,,,,,,,,,,,,,,,,,,,,,,
2575150,千葉県女子サッカーリーグ,66481,12809,False,1,,,,,,,,,,,,,,,,,,,,,,,,,
2575247,埼玉県女子サッカーリーグ,66995,12646,False,1,,,,,,,,,,,,,,,,,,,,,,,,,
2575297,東京都女子サッカーリーグ,76237,13748,False,1,,,,,,,,,,,,,,,,,,,,,,,,,
2575356,静岡県女子サッカーリーグ,67664,13220,False,1,,,,,,,,,,,,,,,,,,,,,,,,,
2575718,愛知県女子サッカーリーグ,59734,10660,False,1,,,,,,,,,,,,,,,,,,,,,,,,,
2579903,広島県女子サッカーリーグ,62674,13323,False,1,,,,,,,,,,,,,,,,,,,,,,,,,
2582929,プリメーラ・ディビシオン・フェメニーナ,115541,18559,False,1,90,3,2,2,0,0,3,2,0,0,2,1,0,0,2,2,1,0,64,1,0,0,0,5,0
2584335,カナダサッカーリーグ,89008,17349,False,1,,,,,,,,,,,,,,,,,,,,,,,,,
2588846,高円宮杯U-18サッカーリーグ プリンスリーグ北海道,127315,27263,False,1,101,16,20,0,0,0,14,0,0,0,1,4,0,0,1,1,1,0,40,0,0,1,0,1,1
2601996,リーガ・パナメーニャ,88563,14667,False,1,,,,,,,,,,,,,,,,,,,,,,,,,
2604582,ドイツ・アイスホッケーリーガ,63045,11603,False,0,,,,,,,,,,,,,,,,,,,,,,,,,
2604999,トルコ女子バレーボールリーグ,61321,10866,False,1,36,0,0,1,0,0,3,1,0,0,2,0,0,0,1,0,1,0,24,3,0,0,0,0,0
2623930,高円宮杯U-18サッカーリーグ プリンスリーグ東北,80193,14310,False,1,,,,,,,,,,,,,,,,,,,,,,,,,
2623944,高円宮杯U-18サッカーリーグ プリンスリーグ九州,79189,12646,False,1,40,2,1,0,0,0,0,0,0,0,0,0,0,0,1,1,0,12,20,1,0,1,0,0,1
2625829,インドネシア・スーパーリーグ,96675,14429,False,1,,,,,,,,,,,,,,,,,,,,,,,,,
2644191,ナショナル・バスケットボール・リーグ (日本),166137,35059,False,1,152,0,5,12,1,2,14,0,0,1,3,8,2,7,4,7,1,2,45,4,2,0,0,29,3
2646752,ハンドボール韓国リーグ,36227,8569,False,1,,,,,,,,,,,,,,,,,,,,,,,,,
2670318,北信越フットサルリーグ,55993,10806,False,1,,,,,,,,,,,,,,,,,,,,,,,,,
2677337,ナショナル・バスケットボール・デベロップメント・リーグ,72958,13658,False,1,,,,,,,,,,,,,,,,,,,,,,,,,
2679431,アゼルバイジャン女子バレーボール・スーパーリーグ,55698,11423,False,1,,,,,,,,,,,,,,,,,,,,,,,,,
2683023,高円宮杯U-18サッカーリーグ プリンスリーグ東海,75429,12104,False,1,33,2,4,0,0,0,3,0,0,0,1,0,0,0,3,0,1,0,16,1,0,1,0,0,1
2684660,Bリーグ,23795,6732,True,0,,,,,,,,,,,,,,,,,,,,,,,,,
2685737,インドネシア・プレミアリーグ,47155,10000,False,1,,,,,,,,,,,,,,,,,,,,,,,,,
2686950,ウズベキスタン女子サッカー選手権,68219,11730,False,1,,,,,,,,,,,,,,,,,,,,,,,,,
2707735,アーザーデガーン・リーグ,76649,15330,False,1,90,4,3,0,0,0,2,3,0,1,4,4,0,0,1,2,0,2,60,3,0,0,0,1,0
2708155,京都フットボールリーグ,43832,11116,False,0,,,,,,,,,,,,,,,,,,,,,,,,,
2721838,FFASサッカーリーグ,43305,8270,False,1,,,,,,,,,,,,,,,,,,,,,,,,,
2727788,リーガ・クバーナ・デ・ベイスボル,46684,13479,False,1,,,,,,,,,,,,,,,,,,,,,,,,,
2729989,Kリーグチャレンジ,69222,17139,False,1,,,,,,,,,,,,,,,,,,,,,,,,,
2732557,高円宮杯U-18サッカーリーグ プリンスリーグ関西,77970,13178,False,1,,,,,,,,,,,,,,,,,,,,,,,,,
2733879,J3リーグ,386301,83012,False,1,355,101,13,0,0,0,82,2,3,0,2,5,0,0,1,79,5,0,44,3,0,0,2,0,13
2754958,AFCチャンピオンズリーグ2014,904925,111958,False,1,359,0,0,3,0,1,1,0,0,0,1,7,0,0,1,5,0,0,336,0,0,0,3,0,1
2755910,パシフィック・アソシエーション,72941,16512,False,1,,,,,,,,,,,,,,,,,,,,,,,,,
2755937,アメリカン・ウェスト・ベースボールリーグ,53023,10779,False,1,,,,,,,,,,,,,,,,,,,,,,,,,
2772418,北海道カブスリーグU-15,82876,20567,False,1,115,0,6,2,0,0,0,2,1,0,0,0,0,0,4,0,1,45,51,1,0,1,0,0,1
2777966,リーガ・デ・アセンソ,97811,20486,False,1,,,,,,,,,,,,,,,,,,,,,,,,,
2779782,ナショナル・ウーマンズ・サッカーリーグ,79633,18995,False,1,,,,,,,,,,,,,,,,,,,,,,,,,
2788965,プリメーラ・ディビシオンA,48367,10154,False,1,,,,,,,,,,,,,,,,,,,,,,,,,
2788977,ナショナルリーグ (イギリス),65115,14986,False,1,,,,,,,,,,,,,,,,,,,,,,,,,
2789894,ナツィォナール・リーガ,54627,12271,False,1,,,,,,,,,,,,,,,,,,,,,,,,,
2789965,チェコ・エクストラリーガ (野球),59041,12386,False,1,34,0,1,0,0,1,2,0,0,0,2,2,0,0,1,0,0,0,21,3,0,0,0,0,1
2789970,フラームス・ベースボール・リーガ,53695,11048,False,1,,,,,,,,,,,,,,,,,,,,,,,,,
2818203,ポーランド・エクストラリーガ,69557,15337,False,1,,,,,,,,,,,,,,,,,,,,,,,,,
2850286,滋賀県社会人サッカーリーグ,49437,11715,False,0,122,2,0,0,0,0,0,0,0,0,0,0,0,0,3,0,0,11,104,1,0,1,0,0,0
2850503,和歌山県社会人サッカーリーグ,35428,8144,False,0,,,,,,,,,,,,,,,,,,,,,,,,,
2855210,アリゾナ・フォールリーグ,106955,18886,False,1,,,,,,,,,,,,,,,,,,,,,,,,,
2857701,都道府県リーグ (女子サッカー),76883,11651,False,1,,,,,,,,,,,,,,,,,,,,,,,,,
2874631,タイ・リーグ2,83731,16954,False,1,,,,,,,,,,,,,,,,,,,,,,,,,
2874855,タイ・リーグ4,106720,15418,False,1,,,,,,,,,,,,,,,,,,,,,,,,,
2881118,北海道チャンピオンズスーパーリーグ,36246,9825,False,0,,,,,,,,,,,,,,,,,,,,,,,,,
2887246,プリメーラ・フエルサ,78602,17056,False,1,,,,,,,,,,,,,,,,,,,,,,,,,
2897398,オーバーリーガ,83646,22960,False,1,,,,,,,,,,,,,,,,,,,,,,,,,
2899145,BASEBALL FIRST LEAGUE,121648,36245,False,1,,,,,,,,,,,,,,,,,,,,,,,,,
2905555,北米4大プロスポーツリーグ,346048,64409,False,0,,,,,,,,,,,,,,,,,,,,,,,,,
2910055,ドイツ・バレーボール・ブンデスリーガ (女子),65380,13019,False,1,,,,,,,,,,,,,,,,,,,,,,,,,
2916583,ソビエト・チャンピオンシップリーグ,31851,9007,False,1,22,0,2,0,0,0,3,2,0,0,1,0,0,1,0,0,2,0,8,1,2,0,0,0,0
2936964,関東大学女子サッカーリーグ,68942,14887,False,1,,,,,,,,,,,,,,,,,,,,,,,,,
2946363,ヨーロピアンシニアツアー,55150,11217,False,0,,,,,,,,,,,,,,,,,,,,,,,,,
2952645,ドイツ・バレーボール・ブンデスリーガ (男子),64752,12688,False,1,,,,,,,,,,,,,,,,,,,,,,,,,
2972489,ジブラルタル・プレミアディヴィジョン,79039,13418,False,1,,,,,,,,,,,,,,,,,,,,,,,,,
2977727,エシリーガ,45157,9243,False,1,,,,,,,,,,,,,,,,,,,,,,,,,
2977800,エシリーガB,41034,8817,False,1,,,,,,,,,,,,,,,,,,,,,,,,,
2982952,リーガ・デ・ベイスボル・プロフェシオナル・デ・ラ・レプブリカ・ドミニカーナ,99126,19092,False,1,28,2,0,0,0,1,3,0,0,0,4,2,0,0,1,0,1,2,7,3,0,0,0,0,2
2983044,リーガ・ベネソラーナ・デ・ベイスボル・プロフェシオナル,62263,12373,False,1,,,,,,,,,,,,,,,,,,,,,,,,,
2983770,リーガ・コロンビアーナ・デ・ベイスボル・プロフェシオナル,66026,13309,False,1,,,,,,,,,,,,,,,,,,,,,,,,,
2984574,ドイツ・ブンデスリーガ2013-2014,158422,22208,False,1,81,0,2,0,0,0,1,0,0,0,0,0,0,0,1,0,0,0,74,0,0,0,1,0,2
2991982,ノースウェスト・ディビジョン (NBA),58102,10433,False,0,6,0,0,2,0,0,0,0,0,0,0,0,0,0,1,2,0,0,0,1,0,0,0,0,0
2991984,パシフィック・ディビジョン (NBA),57926,10440,False,0,6,0,0,0,0,0,1,0,0,0,1,0,0,0,1,2,0,0,0,1,0,0,0,0,0
2991991,サウスイースト・ディビジョン (NBA),58397,10421,False,0,3,0,0,1,0,0,0,0,0,0,0,0,0,0,1,0,0,0,0,1,0,0,0,0,0
2992069,アトランティック・ディビジョン (NBA),69946,14756,False,0,,,,,,,,,,,,,,,,,,,,,,,,,
2992072,セントラル・ディビジョン (NBA),58164,10597,False,0,,,,,,,,,,,,,,,,,,,,,,,,,
3053526,インディアン・スーパーリーグ,65685,15471,False,1,52,5,0,7,0,1,5,2,0,0,6,1,0,0,3,2,1,0,12,1,0,0,4,0,2
3075345,リーガ・ニカラグエンセ・デ・ベイスボル・プロフェシオナル,64364,12853,False,1,,,,,,,,,,,,,,,,,,,,,,,,,
3088000,高円宮杯U-18サッカーリーグ プリンスリーグ北信越,88999,17229,False,1,,,,,,,,,,,,,,,,,,,,,,,,,
3092389,高円宮杯U-18サッカーリーグ プリンスリーグ四国,72072,10902,False,1,,,,,,,,,,,,,,,,,,,,,,,,,
3097083,エアステリーガ,50911,10351,False,1,,,,,,,,,,,,,,,,,,,,,,,,,
3102117,みやざきフェニックス・リーグ,58974,18061,False,1,,,,,,,,,,,,,,,,,,,,,,,,,
3103558,スコティッシュ・プレミアリーグ,51982,12079,False,1,,,,,,,,,,,,,,,,,,,,,,,,,
3104263,プレミアリーグ2,76178,12120,False,0,43,1,0,0,0,0,0,0,0,0,0,0,0,0,0,0,0,2,30,0,0,1,0,7,2
3113324,レガ・プロ,114388,18158,False,1,,,,,,,,,,,,,,,,,,,,,,,,,
3114983,リーガ・デ・ベイスボル・プロフェシオナル・ロベルト・クレメンテ,93353,20510,False,1,51,6,0,0,1,0,4,1,4,0,7,0,0,0,2,0,1,0,22,2,0,0,0,0,1
3116064,アイリッシュ・ベースボール・リーグ,33028,9478,False,1,26,0,0,0,0,0,1,1,0,0,2,0,0,0,0,0,1,0,18,2,0,0,0,0,1
3123551,2.SNL,74961,13105,False,1,,,,,,,,,,,,,,,,,,,,,,,,,
3126643,3.SNL,84718,15157,False,1,,,,,,,,,,,,,,,,,,,,,,,,,
3127647,セルビア・プルヴァ・リーガ,111550,16021,False,1,120,4,3,0,0,0,3,1,0,0,4,1,0,0,2,1,1,0,95,1,0,0,2,1,1
3130168,ドルガHNL,69876,12177,False,1,82,5,2,0,0,0,4,2,0,0,4,1,0,0,2,1,0,0,58,1,0,0,0,0,2
3131331,NBAサマーリーグ,65536,12578,False,0,,,,,,,,,,,,,,,,,,,,,,,,,
3134292,ディヴィジオン・アン (野球),79338,19437,False,1,,,,,,,,,,,,,,,,,,,,,,,,,
3140088,オール・アメリカ・フットボール・カンファレンス,74610,13533,False,1,,,,,,,,,,,,,,,,,,,,,,,,,
3149074,アメリカン・フットボール・リーグ (1926年),35964,10097,False,1,,,,,,,,,,,,,,,,,,,,,,,,,
3149343,アメリカン・フットボール・リーグ (1936年),34667,8741,False,1,,,,,,,,,,,,,,,,,,,,,,,,,
3152602,東京六大学準硬式野球連盟,54575,16566,False,0,,,,,,,,,,,,,,,,,,,,,,,,,
3152942,Jアイス・セントラル・ディビジョン,52694,12262,False,1,49,1,0,4,0,2,5,1,0,0,1,0,6,0,2,3,1,0,16,1,0,0,0,1,5
3213739,Jリーグ U-16チャレンジリーグ,73299,13817,False,0,,,,,,,,,,,,,,,,,,,,,,,,,
3215281,インターナショナル・プレミア・テニス・リーグ,30679,8731,False,0,,,,,,,,,,,,,,,,,,,,,,,,,
3217816,カンファレンスゲーム,33059,9318,False,1,,,,,,,,,,,,,,,,,,,,,,,,,
3220988,全日本9人制バレーボールトップリーグ,52916,11356,False,1,,,,,,,,,,,,,,,,,,,,,,,,,
3227565,リーガ2,42995,8881,False,1,,,,,,,,,,,,,,,,,,,,,,,,,
3227569,リーガ3,53308,10381,False,1,,,,,,,,,,,,,,,,,,,,,,,,,
3234258,カンピオナート・カリオカ,81802,16132,False,1,,,,,,,,,,,,,,,,,,,,,,,,,
3236815,カンピオナート・ペルナンブカーノ,90906,14227,False,1,,,,,,,,,,,,,,,,,,,,,,,,,
3236916,カンピオナート・アラゴアーノ,90509,12756,False,1,56,0,1,4,0,0,2,1,0,0,3,2,0,0,1,5,2,0,34,1,0,0,0,0,0
3237402,カンピオナート・カピシャーバ,114975,17461,False,1,,,,,,,,,,,,,,,,,,,,,,,,,
3237777,カンピオナート・カタリネンセ,89589,14829,False,1,102,0,1,4,0,1,13,2,0,0,3,1,0,0,1,2,2,13,58,1,0,0,0,0,0
3238171,カンピオナート・ガウショ,83302,14951,False,1,65,0,2,4,0,0,4,1,0,0,1,1,0,0,1,1,1,0,47,1,0,0,0,0,1
3238235,カンピオナート・ロライメンセ,78488,12678,False,1,,,,,,,,,,,,,,,,,,,,,,,,,
3238249,カンピオナート・ロンドニエンセ,90349,13784,False,1,,,,,,,,,,,,,,,,,,,,,,,,,
3240406,カンピオナート・ブラジリエンセ,84575,13292,False,1,,,,,,,,,,,,,,,,,,,,,,,,,
3240440,カンピオナート・セアレンセ,85395,15219,False,1,,,,,,,,,,,,,,,,,,,,,,,,,
3240924,カンピオナート・マラニェンセ,88717,14740,False,1,,,,,,,,,,,,,,,,,,,,,,,,,
3240935,カンピオナート・セルジパーノ,86747,14198,False,1,,,,,,,,,,,,,,,,,,,,,,,,,
3241610,カンピオナート・マトグロッセンセ,91982,14988,False,1,,,,,,,,,,,,,,,,,,,,,,,,,
3241615,カンピオナート・パラエンセ,80693,13826,False,1,,,,,,,,,,,,,,,,,,,,,,,,,
3241943,カンピオナート・パライバーノ,92423,14832,False,1,,,,,,,,,,,,,,,,,,,,,,,,,
3241951,カンピオナート・ピアウイエンセ,76749,13361,False,1,67,0,2,4,0,0,3,2,0,0,4,7,0,0,2,2,2,4,33,2,0,0,0,0,0
3242099,カンピオナート・スル＝マトグロッセンセ,81191,12586,False,1,,,,,,,,,,,,,,,,,,,,,,,,,
3242110,カンピオナート・ポティグァル,78796,12624,False,1,55,0,2,4,0,2,2,1,0,0,3,1,0,0,2,2,2,2,31,1,0,0,0,0,0
3243820,カンピオナート・アマパエンセ,83123,13021,False,1,,,,,,,,,,,,,,,,,,,,,,,,,
3244171,カンピオナート・アマゾネンセ,98686,14216,False,1,,,,,,,,,,,,,,,,,,,,,,,,,
3255780,ディビシオン・デ・オノール・デ・ラグビー,88246,16202,False,1,94,2,3,2,0,0,3,1,0,0,2,0,0,0,3,0,2,0,74,2,0,0,0,0,0
3255810,関東フットサルリーグ,45747,11471,False,1,,,,,,,,,,,,,,,,,,,,,,,,,
3259284,プリメーラ・ディビシオン (フットサル),71806,17554,False,1,,,,,,,,,,,,,,,,,,,,,,,,,
3261521,ノーザンプレミアリーグ・ディヴィジョン1・ノース,53932,9756,False,1,,,,,,,,,,,,,,,,,,,,,,,,,
3262001,ノーザンプレミアリーグ・ディヴィジョン1・サウス,52396,9478,False,1,17,3,3,0,0,0,1,1,0,0,2,4,0,0,1,0,0,0,1,1,0,0,0,0,0
3268726,韓国女子囲碁リーグ,37914,11907,False,0,,,,,,,,,,,,,,,,,,,,,,,,,
3279880,ラグビー・フットボール・リーグ,30459,8029,False,1,,,,,,,,,,,,,,,,,,,,,,,,,
3295595,ブルネイ・スーパーリーグ,66268,10918,False,1,41,0,2,1,0,0,4,3,0,0,3,2,0,0,2,1,1,0,17,2,0,0,2,1,0
3301686,マレーシア・プレミアリーグ,97615,18598,False,1,,,,,,,,,,,,,,,,,,,,,,,,,
3302217,プライムリーグ,45912,10107,False,1,,,,,,,,,,,,,,,,,,,,,,,,,
3312157,セルビア・モンテネグロ・プルヴァ・リーガ,81169,12934,False,1,,,,,,,,,,,,,,,,,,,,,,,,,
3335812,ユーロリーグベースボール,66270,13352,False,1,,,,,,,,,,,,,,,,,,,,,,,,,
3350418,東海フットサルリーグ,37435,9403,False,0,,,,,,,,,,,,,,,,,,,,,,,,,
3355467,NIFLチャンピオンシップ1,57826,14588,False,1,,,,,,,,,,,,,,,,,,,,,,,,,
3355469,プロキシマス・リーグ,51446,11885,False,1,,,,,,,,,,,,,,,,,,,,,,,,,
3355610,NIFLチャンピオンシップ2,53044,11689,False,1,,,,,,,,,,,,,,,,,,,,,,,,,
3362986,東日本社会人リーグ (ラグビー),65096,14877,False,0,,,,,,,,,,,,,,,,,,,,,,,,,
3363039,関西社会人リーグ (ラグビー),77355,20635,False,0,105,0,0,2,0,0,0,0,1,0,1,0,0,3,0,0,1,0,92,2,1,0,0,1,1
3363063,西日本社会人リーグ (ラグビー),70513,18089,False,0,,,,,,,,,,,,,,,,,,,,,,,,,
3373609,リーグ・オブ・アイルランド・ファーストディビジョン,77703,13888,False,1,,,,,,,,,,,,,,,,,,,,,,,,,
3378927,鳥取県女子サッカーリーグ,67789,14208,False,1,,,,,,,,,,,,,,,,,,,,,,,,,
3378942,ライファイゼン・スーペルリーガ,88915,15169,False,1,91,3,1,2,0,0,2,2,0,1,3,1,0,0,1,5,2,3,63,1,0,0,0,1,0
3379927,日本海バレーボールリーグ,49795,15199,False,1,,,,,,,,,,,,,,,,,,,,,,,,,
3383007,鳥取県フットサルリーグ,36560,11434,False,1,,,,,,,,,,,,,,,,,,,,,,,,,
3383393,リーガ・エ・パラ,42369,9064,False,1,,,,,,,,,,,,,,,,,,,,,,,,,
3386462,JHL (ロシア),81457,22086,False,1,,,,,,,,,,,,,,,,,,,,,,,,,
3397503,ナショナルリーグA,81454,12366,False,0,37,0,0,0,0,0,2,1,0,0,3,0,0,0,0,0,0,0,26,2,0,0,0,2,1
3408557,2. ブンデスリーガ (ドイツサッカー)2016-2017,223819,32354,False,1,95,6,11,0,0,0,14,0,0,0,0,0,0,0,1,0,0,0,60,0,0,0,1,0,2
3414258,香港プレミアリーグ,75378,17307,False,1,,,,,,,,,,,,,,,,,,,,,,,,,
3414911,バスケットボール・チャンピオンズリーグ,65895,10440,False,1,,,,,,,,,,,,,,,,,,,,,,,,,
3426996,3. リーガ (ドイツサッカー)2016-2017,226281,32051,False,1,,,,,,,,,,,,,,,,,,,,,,,,,
3439740,ウェスタンリーグ (オリジナル),71738,18324,False,0,,,,,,,,,,,,,,,,,,,,,,,,,
3447492,島根県女子サッカーリーグ,50702,9161,False,1,21,4,0,0,0,0,0,0,0,0,2,0,0,0,1,0,0,0,11,2,0,1,0,0,0
3451639,関東スーパーリーグ,80978,13611,False,0,70,0,0,1,0,0,0,1,4,0,0,0,0,2,2,0,0,0,54,1,0,1,3,0,1
3452590,フォトバロヴァー・ナーロドニー・リガ,46832,9176,False,1,37,2,2,0,0,0,2,2,0,0,3,1,0,0,0,0,0,0,21,2,0,0,0,0,2
3453228,スコティッシュ・プロフェッショナル・フットボールリーグ,94635,22275,False,1,,,,,,,,,,,,,,,,,,,,,,,,,
3453537,女子サッカー・ブンデスリーガ (オーストリア),98754,19738,False,1,101,2,7,7,0,0,6,0,0,0,5,2,0,0,2,5,2,1,42,15,0,0,0,0,5
3454819,ジャパン・バスケットボールリーグ,112519,25265,False,2,,,,,,,,,,,,,,,,,,,,,,,,,
3456973,チェスコスロヴェンスカー・フォトバロヴァー・リガ,75957,12847,False,1,28,0,2,0,0,0,2,1,0,0,3,1,0,2,0,0,0,0,14,1,1,0,0,1,0
3489534,日本女子フットサルリーグ,74181,12827,False,1,,,,,,,,,,,,,,,,,,,,,,,,,
3509614,東都大学準硬式野球連盟,86085,29504,False,1,,,,,,,,,,,,,,,,,,,,,,,,,
3533489,愛媛県サッカーリーグ,32211,8035,False,0,,,,,,,,,,,,,,,,,,,,,,,,,
3533492,徳島県サッカーリーグ,31441,7362,False,0,,,,,,,,,,,,,,,,,,,,,,,,,
3533500,香川県サッカーリーグ,31631,7502,False,0,,,,,,,,,,,,,,,,,,,,,,,,,
3533503,高知県社会人サッカーリーグ,31611,7220,False,0,,,,,,,,,,,,,,,,,,,,,,,,,
3535281,ジャパンラグビートップチャレンジリーグ,105906,19476,False,1,56,11,14,4,0,0,5,0,0,0,2,0,0,0,1,0,0,0,16,2,0,0,0,0,1
3543620,USFL,34348,11907,False,1,,,,,,,,,,,,,,,,,,,,,,,,,
3559637,バドミントンS/Jリーグ,35155,8608,False,1,38,0,1,0,0,0,1,1,0,1,2,2,0,0,3,0,0,0,20,3,0,0,0,2,2
3560472,Jアイス・リーグ,47464,10704,False,0,,,,,,,,,,,,,,,,,,,,,,,,,
3589572,ロシア・フットサルスーパーリーグ,46246,10065,False,1,,,,,,,,,,,,,,,,,,,,,,,,,
3612964,ウェルシュ・リーグカップ,67252,12477,False,1,,,,,,,,,,,,,,,,,,,,,,,,,
3613828,2. ブンデスリーガ (ドイツサッカー)2017-2018,170597,25865,False,1,,,,,,,,,,,,,,,,,,,,,,,,,
3614324,3. リーガ (ドイツサッカー)2017-2018,165242,25570,False,1,,,,,,,,,,,,,,,,,,,,,,,,,
3616920,台湾社会人甲級サッカーリーグ,63887,10945,False,1,,,,,,,,,,,,,,,,,,,,,,,,,
3646159,ウクライナ・ファーストリーグ,75341,13001,False,1,60,2,2,0,0,0,1,1,0,0,2,1,0,0,1,1,6,0,42,1,0,0,0,0,0
3678306,LEBオロ,48665,10461,False,1,,,,,,,,,,,,,,,,,,,,,,,,,
3683681,中国スーパーリーグ (卓球),28686,7717,False,0,25,0,6,0,0,0,6,1,0,0,1,0,0,0,1,0,0,6,0,2,0,0,0,2,0
3687306,フィリピン・フットボールリーグ,78087,12101,False,1,,,,,,,,,,,,,,,,,,,,,,,,,
3687849,プレミア・バレーボール・リーグ (アメリカ合衆国),93344,12473,False,1,,,,,,,,,,,,,,,,,,,,,,,,,
3692207,LNHディヴィジオン・アン,46651,12332,False,1,66,0,2,4,0,0,10,4,0,0,3,1,0,0,1,1,1,0,38,1,0,0,0,0,0
