page_id,title,html_file_size,text_file_size,is_disambiguation_page,infobox_count,num_annotations,クラブカラー,スローガン,マスコット,上位組織,下位組織,代表,別名,創立年,創設地,創設関係者,加盟国・地域,加盟組織,国,大会,後継組織,所在地,活動内容,競技,統括地域,解散年,設立目的,読み,過去の組織名
1064,日本プロ野球,281811,65969,False,2,,,,,,,,,,,,,,,,,,,,,,,,
2121,NASCAR,210967,50241,False,1,,,,,,,,,,,,,,,,,,,,,,,,
2580,日本中央競馬会,181610,47972,False,1,114,0,0,7,3,13,2,14,4,0,10,0,0,3,14,0,2,22,11,1,0,1,1,6
2724,欧州サッカー連盟,402148,48193,False,1,,,,,,,,,,,,,,,,,,,,,,,,
8798,日本サッカー協会,319731,86447,False,1,360,6,0,2,82,52,2,65,3,1,9,0,0,14,31,0,4,21,32,19,0,3,1,13
11718,日本将棋連盟,126712,26883,False,1,,,,,,,,,,,,,,,,,,,,,,,,
12306,国際サッカー連盟,235001,38963,False,1,,,,,,,,,,,,,,,,,,,,,,,,
12677,日本陸上競技連盟,65224,18845,False,1,173,0,0,2,9,15,5,7,6,3,9,0,50,2,32,0,1,11,8,5,0,3,1,4
16343,東京六大学野球連盟,178951,60543,False,1,,,,,,,,,,,,,,,,,,,,,,,,
18204,アジアサッカー連盟,517712,68092,False,1,,,,,,,,,,,,,,,,,,,,,,,,
28676,世界ボクシング協会,82975,22441,False,1,,,,,,,,,,,,,,,,,,,,,,,,
28678,世界ボクシング評議会,104002,31639,False,1,,,,,,,,,,,,,,,,,,,,,,,,
30764,南米サッカー連盟,198823,21689,False,1,,,,,,,,,,,,,,,,,,,,,,,,
33244,関西棋院,86124,20599,False,1,,,,,,,,,,,,,,,,,,,,,,,,
35609,日本棋院,104452,22026,False,1,,,,,,,,,,,,,,,,,,,,,,,,
39806,東都大学野球連盟,192656,68224,False,1,,,,,,,,,,,,,,,,,,,,,,,,
41557,国民野球連盟,72292,19671,False,1,,,,,,,,,,,,,,,,,,,,,,,,
41908,日本野球連盟 (プロ野球),96105,20696,False,1,,,,,,,,,,,,,,,,,,,,,,,,
42508,兵庫県競馬組合,92380,35744,False,0,,,,,,,,,,,,,,,,,,,,,,,,
45045,日本麻雀連盟,21513,6118,False,0,,,,,,,,,,,,,,,,,,,,,,,,
47351,全日本大学野球連盟,69591,22994,False,1,,,,,,,,,,,,,,,,,,,,,,,,
48632,地方競馬全国協会,37381,9624,False,1,,,,,,,,,,,,,,,,,,,,,,,,
56935,国際陸上競技連盟,150647,28036,False,1,,,,,,,,,,,,,,,,,,,,,,,,
58224,日本野球連盟,49310,16871,False,1,,,,,,,,,,,,,,,,,,,,,,,,
62388,アフリカサッカー連盟,267315,25270,False,1,,,,,,,,,,,,,,,,,,,,,,,,
69900,日本高等学校野球連盟,107466,26745,False,1,,,,,,,,,,,,,,,,,,,,,,,,
72427,特別区競馬組合,23776,7475,False,0,,,,,,,,,,,,,,,,,,,,,,,,
73985,日本オリンピック委員会,84445,21970,False,1,,,,,,,,,,,,,,,,,,,,,,,,
82257,北中米カリブ海サッカー連盟,250747,26975,False,1,,,,,,,,,,,,,,,,,,,,,,,,
82258,オセアニアサッカー連盟,209119,26024,False,1,,,,,,,,,,,,,,,,,,,,,,,,
86248,世界ボクシング基金,51255,12021,False,0,,,,,,,,,,,,,,,,,,,,,,,,
88089,スペシャルオリンピックス,88083,25604,False,0,,,,,,,,,,,,,,,,,,,,,,,,
89557,東アジアサッカー連盟,287037,28291,False,1,,,,,,,,,,,,,,,,,,,,,,,,
96631,国際ボクシング連盟,124616,33595,False,1,,,,,,,,,,,,,,,,,,,,,,,,
96632,世界ボクシング機構,116945,32083,False,1,75,0,0,0,0,18,1,21,3,0,2,0,11,2,4,0,2,4,2,0,0,0,1,4
104225,神奈川大学野球連盟,71414,22066,False,1,,,,,,,,,,,,,,,,,,,,,,,,
109558,全米ライフル協会,53778,17378,False,1,,,,,,,,,,,,,,,,,,,,,,,,
114990,日本ゴルフツアー機構,86191,24474,False,1,,,,,,,,,,,,,,,,,,,,,,,,
119751,岩手県競馬組合,70016,27884,False,0,74,0,1,1,0,0,0,0,1,0,0,0,8,0,49,0,0,1,9,3,0,0,1,0
123027,バスケットボール日本リーグ機構,30631,9659,False,0,,,,,,,,,,,,,,,,,,,,,,,,
125804,国際オリンピック委員会,158733,33033,False,1,,,,,,,,,,,,,,,,,,,,,,,,
136267,国際野球連盟,145822,27975,False,1,,,,,,,,,,,,,,,,,,,,,,,,
143155,世界キックボクシング協会 (WKA),75946,18944,False,1,,,,,,,,,,,,,,,,,,,,,,,,
143503,国際キックボクシング連盟,45519,11138,False,0,,,,,,,,,,,,,,,,,,,,,,,,
144035,阪神大学野球連盟,84741,29296,False,1,,,,,,,,,,,,,,,,,,,,,,,,
144907,国際競技空手協会,57392,15338,False,1,40,0,0,0,0,4,1,8,2,0,0,0,0,2,1,0,2,3,12,1,0,0,0,4
151257,世界キックボクシング連盟,36623,7325,False,0,,,,,,,,,,,,,,,,,,,,,,,,
155641,スポーツアコード (スポーツ組織),100402,20052,False,0,,,,,,,,,,,,,,,,,,,,,,,,
174553,関西学生野球連盟,80386,27203,False,1,,,,,,,,,,,,,,,,,,,,,,,,
178726,仙台六大学野球連盟,51654,15014,False,1,23,0,0,0,3,0,0,1,2,0,0,0,9,1,2,0,0,0,1,1,0,0,1,2
185319,東洋太平洋ボクシング連盟,63687,13079,False,1,,,,,,,,,,,,,,,,,,,,,,,,
190717,日本ラグビーフットボール協会,98751,19226,False,1,,,,,,,,,,,,,,,,,,,,,,,,
190952,世界プロムエタイ連盟,47915,10706,False,0,28,0,0,0,8,2,2,3,1,0,0,0,0,6,0,0,0,2,4,0,0,0,0,0
203113,日本プロ麻雀連盟,79669,18087,False,0,,,,,,,,,,,,,,,,,,,,,,,,
207204,日本体育協会,92572,21996,False,1,,,,,,,,,,,,,,,,,,,,,,,,
210690,首都大学野球連盟,101392,35531,False,1,157,0,0,0,3,0,0,1,4,0,0,0,111,1,25,0,0,0,2,1,0,0,1,8
211576,日本IBF,54571,13533,False,0,,,,,,,,,,,,,,,,,,,,,,,,
214670,関西六大学野球連盟,64219,19955,False,1,72,0,0,0,1,0,0,2,3,0,0,0,38,1,11,0,0,0,2,1,0,1,1,11
216468,関東学生陸上競技連盟,26505,7518,False,0,24,0,0,0,0,0,0,0,0,0,0,0,0,0,13,0,0,5,4,1,0,0,1,0
216965,東京新大学野球連盟,105697,37156,False,1,,,,,,,,,,,,,,,,,,,,,,,,
217099,関西大学野球連合,28502,10226,False,0,,,,,,,,,,,,,,,,,,,,,,,,
217500,近畿学生野球連盟,113805,44572,False,1,,,,,,,,,,,,,,,,,,,,,,,,
217504,京滋大学野球連盟,80215,26942,False,1,,,,,,,,,,,,,,,,,,,,,,,,
217561,愛知大学野球連盟,123358,48900,False,1,,,,,,,,,,,,,,,,,,,,,,,,
219548,全日本野球協会,42846,14102,False,1,,,,,,,,,,,,,,,,,,,,,,,,
220979,日本学生野球協会,56293,21596,False,1,,,,,,,,,,,,,,,,,,,,,,,,
224508,フットボール・アソシエーション,99263,24026,False,1,,,,,,,,,,,,,,,,,,,,,,,,
224976,中国棒球協会,28813,7011,False,0,,,,,,,,,,,,,,,,,,,,,,,,
226793,北海道学生野球連盟,78174,26304,False,1,,,,,,,,,,,,,,,,,,,,,,,,
226794,札幌学生野球連盟,80108,27511,False,1,130,0,0,0,1,0,0,2,4,0,0,0,96,1,19,0,0,0,2,2,0,2,1,0
226811,南東北大学野球連盟,70975,24365,False,1,,,,,,,,,,,,,,,,,,,,,,,,
226821,北東北大学野球連盟,78214,24350,False,1,,,,,,,,,,,,,,,,,,,,,,,,
226831,関甲新学生野球連盟,98494,32289,False,1,129,0,0,0,3,0,0,2,3,0,0,0,91,1,20,0,0,3,1,1,0,0,1,3
226838,千葉県大学野球連盟,84169,28156,False,1,147,0,0,0,15,0,0,1,3,0,0,0,107,1,17,0,0,0,1,1,0,0,1,0
226851,東海地区大学野球連盟,69634,21796,False,1,130,0,0,0,3,13,0,0,3,0,0,0,63,1,26,0,0,2,2,10,0,0,1,6
226869,北陸大学野球連盟,75610,24691,False,1,,,,,,,,,,,,,,,,,,,,,,,,
227333,中国地区大学野球連盟,85120,29145,False,1,,,,,,,,,,,,,,,,,,,,,,,,
227341,四国地区大学野球連盟,71035,20578,False,1,,,,,,,,,,,,,,,,,,,,,,,,
227345,広島六大学野球連盟,46642,12229,False,1,,,,,,,,,,,,,,,,,,,,,,,,
227350,九州六大学野球連盟,49789,13001,False,1,25,0,0,0,1,0,0,0,2,0,0,0,11,1,4,0,0,1,1,1,0,0,1,2
227356,福岡六大学野球連盟,52118,13694,False,1,,,,,,,,,,,,,,,,,,,,,,,,
227364,九州地区大学野球連盟,109549,33702,False,3,187,0,0,0,4,7,0,0,2,0,0,0,126,1,38,0,1,1,1,4,0,1,1,0
229370,全国学生合気道連盟,26021,7420,False,0,,,,,,,,,,,,,,,,,,,,,,,,
270618,国際女性少女愛協会,46806,10228,False,0,,,,,,,,,,,,,,,,,,,,,,,,
271184,日本合気道協会,26329,9812,False,0,26,0,0,0,0,0,1,4,1,0,2,0,0,0,8,0,0,4,4,0,0,1,1,0
272971,国際自動車連盟,56630,20877,False,1,,,,,,,,,,,,,,,,,,,,,,,,
277772,国際空手連盟,23092,6988,False,0,10,0,0,0,0,0,0,2,0,0,1,0,0,2,0,0,1,0,3,0,0,0,1,0
289770,世界空手連盟,38800,11143,False,1,,,,,,,,,,,,,,,,,,,,,,,,
301994,日本クラブユースサッカー連盟,76335,13759,False,1,26,0,0,0,0,1,1,4,2,0,0,0,0,1,8,0,1,0,1,2,0,2,1,2
306842,パシフィック12カンファレンス,50589,12595,False,0,91,0,0,0,2,0,0,2,1,1,0,0,66,1,0,0,0,0,5,1,0,0,0,12
312474,全国新制大学野球連盟,28733,10253,False,0,,,,,,,,,,,,,,,,,,,,,,,,
312475,全国大学野球連盟,33171,13899,False,0,48,0,0,0,0,0,0,1,1,0,0,0,23,2,10,4,0,0,4,2,0,0,1,0
313759,北部地区大学野球連盟,31634,11350,False,0,54,0,0,0,5,31,0,7,1,0,0,0,0,0,1,3,0,0,1,1,2,1,1,0
317723,日本学生陸上競技連合,24165,6566,False,0,,,,,,,,,,,,,,,,,,,,,,,,
318215,全日本大学準硬式野球連盟,49424,23168,False,0,82,0,0,0,4,26,0,3,2,0,0,0,9,1,17,0,0,1,8,1,0,1,1,8
318218,全日本大学軟式野球連盟,77839,29719,False,0,,,,,,,,,,,,,,,,,,,,,,,,
318220,全日本学生軟式野球連盟,39846,12064,False,0,,,,,,,,,,,,,,,,,,,,,,,,
319447,全日本大学女子野球連盟,28968,8590,False,0,,,,,,,,,,,,,,,,,,,,,,,,
329527,全国教室ディベート連盟,26840,7973,False,0,,,,,,,,,,,,,,,,,,,,,,,,
330419,国際モーターサイクリズム連盟,44229,12191,False,0,,,,,,,,,,,,,,,,,,,,,,,,
331105,全日本モーターサイクルクラブ連盟,30997,8602,False,0,,,,,,,,,,,,,,,,,,,,,,,,
347832,日本空手協会,40324,12455,False,0,35,0,0,0,1,0,1,3,2,0,3,0,0,2,2,0,0,5,11,2,0,2,1,0
350232,全日本軟式野球連盟,50365,15189,False,1,,,,,,,,,,,,,,,,,,,,,,,,
354024,和歌山県軟式野球連盟,29343,7987,False,0,16,0,0,0,1,9,0,1,0,0,0,0,0,0,0,0,1,1,1,1,0,0,1,0
363762,国際アイスホッケー連盟,91038,14797,False,1,,,,,,,,,,,,,,,,,,,,,,,,
367043,最高位戦日本プロ麻雀協会,40360,10401,False,0,,,,,,,,,,,,,,,,,,,,,,,,
368666,世界キックボクシング協会,21564,5975,True,0,,,,,,,,,,,,,,,,,,,,,,,,
369996,101競技連盟,43663,14989,False,0,,,,,,,,,,,,,,,,,,,,,,,,
372198,関西学生野球連盟 (旧制専門学校),25820,7066,False,0,,,,,,,,,,,,,,,,,,,,,,,,
372199,関西学生野球連盟 (終戦前),37926,11412,False,0,,,,,,,,,,,,,,,,,,,,,,,,
372213,南東北大学野球連盟 (地区統括連盟),29536,9246,False,0,,,,,,,,,,,,,,,,,,,,,,,,
372885,関西六大学野球連盟 (旧連盟),104023,53686,False,0,,,,,,,,,,,,,,,,,,,,,,,,
376517,国際スキー連盟,59885,12221,False,1,,,,,,,,,,,,,,,,,,,,,,,,
377303,東京新大学野球連盟 (旧連盟),28154,8159,False,0,,,,,,,,,,,,,,,,,,,,,,,,
378979,関東六大学女子軟式野球連盟,29025,8269,False,0,,,,,,,,,,,,,,,,,,,,,,,,
384509,関東学生アメリカンフットボール連盟,80440,27512,False,0,393,0,0,0,8,0,0,1,1,0,0,0,249,3,117,0,0,0,3,1,0,0,1,9
384513,関西学生アメリカンフットボール連盟,141500,64679,False,0,510,0,0,0,1,0,2,2,6,0,4,0,253,1,226,0,0,0,2,1,0,0,1,11
386662,日本プロボクシング協会,74709,20295,False,1,,,,,,,,,,,,,,,,,,,,,,,,
390156,全国社会人サッカー連盟,61534,10185,False,1,,,,,,,,,,,,,,,,,,,,,,,,
391453,全米大学体育協会,75703,15839,False,1,,,,,,,,,,,,,,,,,,,,,,,,
393369,南アジアサッカー連盟,259857,19866,False,1,,,,,,,,,,,,,,,,,,,,,,,,
393893,日本モーターボート競走会,36219,9040,False,1,,,,,,,,,,,,,,,,,,,,,,,,
394579,全国専門学校野球連盟,26800,6887,False,0,,,,,,,,,,,,,,,,,,,,,,,,
395451,G-14,47466,13399,False,0,,,,,,,,,,,,,,,,,,,,,,,,
401202,大韓サッカー協会,97432,20807,False,2,,,,,,,,,,,,,,,,,,,,,,,,
403009,日本バレーボール協会,67483,15177,False,1,58,0,0,0,2,14,2,5,4,1,4,0,0,2,11,0,1,3,3,1,0,0,0,5
403076,国際バレーボール連盟,308182,32497,False,1,,,,,,,,,,,,,,,,,,,,,,,,
407121,アメリカオリンピック委員会,35219,8614,False,2,,,,,,,,,,,,,,,,,,,,,,,,
407681,国際スケート連盟,56723,11685,False,1,,,,,,,,,,,,,,,,,,,,,,,,
408855,日本スケート連盟,65663,22334,False,1,,,,,,,,,,,,,,,,,,,,,,,,
416998,日本バスケットボール協会,129306,37329,False,1,,,,,,,,,,,,,,,,,,,,,,,,
418587,パンアジアボクシング協会,87592,18586,False,1,78,0,0,0,15,0,4,9,2,0,2,31,0,2,5,0,2,0,3,3,0,0,0,0
419174,国際パラリンピック委員会,49277,10174,False,1,,,,,,,,,,,,,,,,,,,,,,,,
419777,日本競馬会,38248,11624,False,0,,,,,,,,,,,,,,,,,,,,,,,,
421390,日本プロ麻雀協会,58390,13109,False,0,18,0,0,0,0,0,3,1,1,0,0,0,0,0,9,0,0,1,2,0,0,0,1,0
421671,日本ボクシングコミッション,204211,76469,False,1,,,,,,,,,,,,,,,,,,,,,,,,
453510,日本高等学校アメリカンフットボール連盟,27897,8060,False,1,,,,,,,,,,,,,,,,,,,,,,,,
457062,世界キックボクシング団体協会,108912,25279,False,1,195,0,0,0,7,4,2,9,2,0,2,102,1,3,5,0,2,4,47,0,0,0,0,5
458326,世界カーリング連盟,52916,11196,False,1,,,,,,,,,,,,,,,,,,,,,,,,
463693,全日本女子軟式野球連盟,28433,8412,False,0,,,,,,,,,,,,,,,,,,,,,,,,
463721,全日本女子野球連盟,35563,10116,False,1,,,,,,,,,,,,,,,,,,,,,,,,
463729,全国高等学校女子硬式野球連盟,41701,12289,False,1,,,,,,,,,,,,,,,,,,,,,,,,
474136,国際バスケットボール連盟,92861,14276,False,1,,,,,,,,,,,,,,,,,,,,,,,,
479090,日本カーリング協会,54470,15949,False,1,,,,,,,,,,,,,,,,,,,,,,,,
479724,国際テニス連盟,69998,14440,False,1,,,,,,,,,,,,,,,,,,,,,,,,
482277,ビッグ・イースト・カンファレンス,57547,13207,False,0,,,,,,,,,,,,,,,,,,,,,,,,
484922,日本ソフトボール協会,39828,11964,False,1,43,0,0,0,2,6,4,5,2,0,0,0,1,2,5,0,1,4,5,2,0,0,1,3
488975,韓国棋院,44451,11188,False,1,,,,,,,,,,,,,,,,,,,,,,,,
491436,国際卓球連盟,76681,15110,False,1,,,,,,,,,,,,,,,,,,,,,,,,
493576,国際水泳連盟,59827,13018,False,1,,,,,,,,,,,,,,,,,,,,,,,,
494234,ドイツサッカー連盟,106694,21618,False,1,,,,,,,,,,,,,,,,,,,,,,,,
494720,中国囲棋協会,33082,10891,False,0,,,,,,,,,,,,,,,,,,,,,,,,
497558,日本バレーボールリーグ機構,106096,29602,False,1,,,,,,,,,,,,,,,,,,,,,,,,
500258,日本ボブスレー・リュージュ・スケルトン連盟,39051,10009,False,0,,,,,,,,,,,,,,,,,,,,,,,,
523442,日本女子プロゴルフ協会,174990,35486,False,1,90,0,0,0,0,0,2,6,2,0,3,0,0,2,64,0,1,2,2,2,0,0,1,3
523609,女子テニス協会,161223,27377,False,0,,,,,,,,,,,,,,,,,,,,,,,,
523800,イギリスオリンピック委員会,27222,7076,False,0,,,,,,,,,,,,,,,,,,,,,,,,
527438,国際航空連盟,24229,7432,False,0,,,,,,,,,,,,,,,,,,,,,,,,
532409,日本ダーツ協会,39382,8780,False,1,,,,,,,,,,,,,,,,,,,,,,,,
535304,全日本居合道連盟,34677,9425,False,1,28,0,0,0,0,1,1,2,5,0,1,0,0,2,5,0,0,7,2,1,0,0,1,0
538552,全日本学生キックボクシング連盟,56269,11838,False,1,,,,,,,,,,,,,,,,,,,,,,,,
540740,日本空手道連合会,38176,8625,False,0,95,0,0,0,0,0,1,0,0,0,1,0,90,0,0,0,0,1,1,0,0,0,1,0
541863,日本山岳協会,32073,10406,False,0,,,,,,,,,,,,,,,,,,,,,,,,
547359,マーシャルアーツ日本キックボクシング連盟,84323,21008,False,1,80,0,0,0,11,1,1,22,3,0,6,0,25,1,2,0,1,0,4,1,0,1,1,0
547601,東京六大学理工系野球連盟,52997,10704,False,0,17,0,0,0,0,0,0,0,1,0,0,0,6,0,5,0,1,0,2,1,0,0,1,0
547710,日本キックボクシング連盟,51007,14109,False,0,,,,,,,,,,,,,,,,,,,,,,,,
548091,GUAM,72795,18802,False,0,,,,,,,,,,,,,,,,,,,,,,,,
549726,国際チェス連盟,46186,12254,False,0,,,,,,,,,,,,,,,,,,,,,,,,
554590,国際自転車競技連合,53478,15402,False,1,,,,,,,,,,,,,,,,,,,,,,,,
554762,西アジアサッカー連盟,266228,21014,False,1,31,0,0,0,0,0,1,3,2,0,0,13,0,0,7,0,0,1,2,2,0,0,0,0
554918,ソマリアサッカー連盟,54413,10884,False,1,46,0,0,0,7,2,1,7,2,0,0,0,0,6,5,0,1,6,3,5,0,0,1,0
555440,男子プロテニス協会,195387,34118,False,0,,,,,,,,,,,,,,,,,,,,,,,,
569306,日本ダンス議会,33828,8514,False,1,,,,,,,,,,,,,,,,,,,,,,,,
571257,日本チェス協会,69684,25547,False,0,,,,,,,,,,,,,,,,,,,,,,,,
576995,日本ゴルフ協会,29598,7665,False,1,,,,,,,,,,,,,,,,,,,,,,,,
580974,ASEANサッカー連盟,259259,19854,False,1,35,0,0,0,0,0,1,4,1,0,0,12,0,1,11,0,1,1,2,1,0,0,0,0
584429,全米ゴルフ協会,28974,8038,False,1,,,,,,,,,,,,,,,,,,,,,,,,
597231,国際相撲連盟,72181,13315,False,0,,,,,,,,,,,,,,,,,,,,,,,,
606880,プロチェス協会,38912,9655,False,0,,,,,,,,,,,,,,,,,,,,,,,,
606938,日本相撲連盟,73027,12197,False,1,35,0,0,0,6,0,1,2,0,0,0,0,0,2,10,0,1,7,2,2,0,1,1,0
612100,全日本空手道連盟,73469,21194,False,1,,,,,,,,,,,,,,,,,,,,,,,,
616350,日本ボディビル・フィットネス連盟,40219,11973,False,1,,,,,,,,,,,,,,,,,,,,,,,,
617729,ヨーロッパボクシング連合,44865,8767,False,0,,,,,,,,,,,,,,,,,,,,,,,,
622991,フランスサッカー連盟,63329,12107,False,1,56,0,0,0,6,3,1,6,3,0,0,0,0,5,7,0,2,2,2,3,0,0,0,16
623006,イタリアサッカー連盟,69678,11959,False,1,,,,,,,,,,,,,,,,,,,,,,,,
624612,台湾棋院,35604,9012,False,1,,,,,,,,,,,,,,,,,,,,,,,,
625093,日本水泳連盟,50194,13447,False,1,86,0,0,2,5,3,3,6,4,0,0,0,0,2,40,0,2,3,8,2,0,0,1,5
629520,国際モータースポーツ協会,51316,22350,False,0,,,,,,,,,,,,,,,,,,,,,,,,
634995,長崎游泳協会,22425,6937,False,0,23,0,0,0,1,0,0,0,1,0,2,0,0,0,0,0,2,7,5,1,0,2,1,1
636404,アジアオリンピック評議会,57399,11545,False,1,,,,,,,,,,,,,,,,,,,,,,,,
636407,パンアメリカンスポーツ機構,56401,11581,False,0,,,,,,,,,,,,,,,,,,,,,,,,
636410,アフリカ国内オリンピック委員会連合,64387,13216,False,0,,,,,,,,,,,,,,,,,,,,,,,,
639263,国際ワールドゲームズ協会,57537,10454,False,1,87,0,0,0,0,0,0,4,2,1,0,0,37,1,1,0,1,1,38,0,0,0,1,0
639405,東京都学生弓道連盟,31784,8783,False,0,,,,,,,,,,,,,,,,,,,,,,,,
641834,日本障がい者スポーツ協会,80790,18155,False,1,124,0,0,0,3,14,1,8,3,0,0,0,58,1,13,0,1,8,4,2,0,3,1,4
648597,グローバル・レスリング連盟,67287,16504,False,0,64,0,0,0,0,0,1,9,1,0,7,0,23,3,1,0,0,7,8,1,0,2,1,0
652810,全日本スキー連盟,39586,9545,False,1,,,,,,,,,,,,,,,,,,,,,,,,
655919,国際ソフトボール連盟,75266,13668,False,0,,,,,,,,,,,,,,,,,,,,,,,,
666544,ヨーロッパオリンピック委員会,73125,15080,False,1,,,,,,,,,,,,,,,,,,,,,,,,
667931,アラブサッカー連盟,46915,9010,False,1,,,,,,,,,,,,,,,,,,,,,,,,
677190,日本クリケット協会,31620,8612,False,0,36,0,0,0,1,10,1,3,1,0,0,0,2,1,7,0,3,4,1,1,0,0,1,0
695774,ワールドラグビー,56222,11367,False,1,,,,,,,,,,,,,,,,,,,,,,,,
711606,全日本剣道連盟,44485,11308,False,1,65,0,0,0,4,16,2,3,2,0,0,0,1,1,10,0,1,6,11,2,0,0,1,5
713659,日本女子ボクシング協会,63102,16742,False,0,,,,,,,,,,,,,,,,,,,,,,,,
716917,国際女子スポーツ連盟,76884,30323,False,0,,,,,,,,,,,,,,,,,,,,,,,,
721852,中国棋院,35971,9285,False,1,,,,,,,,,,,,,,,,,,,,,,,,
723615,アジアバレーボール連盟,135879,16860,False,1,,,,,,,,,,,,,,,,,,,,,,,,
723710,欧州バレーボール連盟,127854,16322,False,1,166,0,0,0,4,13,0,5,2,0,0,119,1,1,15,0,2,1,2,1,0,0,0,0
724247,日本フットサル連盟,74841,13845,False,1,,,,,,,,,,,,,,,,,,,,,,,,
727410,日本トランポリン協会,32437,9087,False,1,,,,,,,,,,,,,,,,,,,,,,,,
731103,世界バドミントン連盟,58441,11336,False,1,,,,,,,,,,,,,,,,,,,,,,,,
732645,NF-Board,91348,18364,False,0,,,,,,,,,,,,,,,,,,,,,,,,
736399,日本バドミントン協会,30768,8297,False,1,,,,,,,,,,,,,,,,,,,,,,,,
739409,日本テニス協会,52912,9889,False,1,,,,,,,,,,,,,,,,,,,,,,,,
741044,女子国際ボクシング協会,53151,11530,False,0,,,,,,,,,,,,,,,,,,,,,,,,
743079,日本サイクルレーシングクラブ協会,22670,6317,False,0,,,,,,,,,,,,,,,,,,,,,,,,
745587,全米プロボウラーズ協会,78004,27337,False,1,183,0,0,0,3,0,1,21,2,1,0,0,0,1,140,0,3,1,6,2,0,2,0,0
746630,世界ダンス議会,24044,6563,False,0,,,,,,,,,,,,,,,,,,,,,,,,
747519,シュヴァルフランセ,23234,6536,False,0,22,0,0,0,0,0,0,4,1,0,0,0,0,1,0,0,0,5,8,3,0,0,0,0
752447,国際女子ボクサー協会,48563,9767,False,0,,,,,,,,,,,,,,,,,,,,,,,,
752786,国際女子ボクシング連盟,43814,8178,False,0,,,,,,,,,,,,,,,,,,,,,,,,
753943,日本プロスポーツ協会,40510,10674,False,1,,,,,,,,,,,,,,,,,,,,,,,,
755542,新日本キックボクシング協会,53576,10890,False,1,,,,,,,,,,,,,,,,,,,,,,,,
756909,全日本キックボクシング連盟,89920,29269,False,0,,,,,,,,,,,,,,,,,,,,,,,,
759086,世界ボクシング連合,47102,9374,False,0,19,0,0,0,0,0,0,7,1,0,5,0,0,1,0,0,0,1,2,0,1,0,1,0
759159,国際ボクシング機構,69093,14064,False,0,16,0,0,0,0,0,2,3,1,1,2,0,0,2,0,0,0,2,2,0,0,0,1,0
759507,日本ボクシング連盟,127033,32002,False,1,,,,,,,,,,,,,,,,,,,,,,,,
760554,全米ボクシング協会,21140,6129,True,0,,,,,,,,,,,,,,,,,,,,,,,,
763380,女子国際ボクシング連盟,46731,9021,False,0,,,,,,,,,,,,,,,,,,,,,,,,
764141,国際ボクシング協会 (AIBA),101385,24926,False,1,,,,,,,,,,,,,,,,,,,,,,,,
765099,ワールドワイド・ケージネットワーク,23119,6407,False,0,,,,,,,,,,,,,,,,,,,,,,,,
765666,アジアラグビー,59032,11016,False,1,,,,,,,,,,,,,,,,,,,,,,,,
771231,全日本新空手道連盟,52464,14575,False,0,45,0,3,0,0,0,0,8,0,0,0,0,0,0,12,0,0,2,19,0,0,0,1,0
779016,アジアボクシング評議会,70086,17179,False,1,,,,,,,,,,,,,,,,,,,,,,,,
782238,日本アマチュアキックボクシング連盟,37180,7181,False,0,13,0,0,0,2,0,0,1,1,0,2,0,0,0,1,0,1,1,2,0,0,1,1,0
786220,FIBAアジア,97140,12496,False,1,,,,,,,,,,,,,,,,,,,,,,,,
791249,スペインサッカー連盟,68172,11020,False,1,,,,,,,,,,,,,,,,,,,,,,,,
791260,ブラジルサッカー連盟,60284,9675,False,1,24,0,0,0,2,1,1,5,1,0,0,0,0,2,3,0,1,2,3,3,0,0,0,0
791618,エジプトサッカー協会,51521,8480,False,1,20,0,0,0,0,1,1,7,1,0,0,0,0,2,2,0,1,2,1,2,0,0,0,0
791629,メキシコサッカー連盟,46550,8141,False,1,,,,,,,,,,,,,,,,,,,,,,,,
795041,日本トライアスロン連合,43455,12885,False,1,,,,,,,,,,,,,,,,,,,,,,,,
798648,日本プロゴルフ協会,67654,15661,False,1,,,,,,,,,,,,,,,,,,,,,,,,
802214,ヨーロッパ陸上競技連盟,68513,12041,False,1,,,,,,,,,,,,,,,,,,,,,,,,
805052,日本ボールルームダンス連盟,32507,9653,False,1,47,0,0,0,3,0,1,6,3,0,0,0,0,2,10,0,2,9,4,2,0,3,1,1
815031,全日本ボウリング協会,32157,8324,False,1,38,0,0,0,5,1,1,4,3,0,0,0,0,2,9,0,2,3,2,2,0,1,1,2
827408,日本ソフトテニス連盟,29695,7973,False,1,,,,,,,,,,,,,,,,,,,,,,,,
829777,世界ダンススポーツ連盟,24721,6929,False,0,17,0,0,0,3,1,0,1,1,0,0,0,0,0,6,0,0,1,1,0,0,0,0,3
833324,ラグビー・フットボール・ユニオン,31871,8063,False,1,,,,,,,,,,,,,,,,,,,,,,,,
835494,日本女子野球連盟,92969,38601,False,0,233,0,0,0,0,0,0,0,4,0,1,0,162,2,20,5,0,1,34,0,3,0,1,0
838503,ニュージャパンキックボクシング連盟,68692,18533,False,1,58,0,0,0,6,0,1,21,3,0,7,0,0,2,8,0,1,0,1,2,0,1,1,4
839618,国際ボクシング協会 (IBA),43747,8254,False,0,10,0,0,0,0,0,0,3,1,1,1,0,0,1,0,0,0,1,1,0,0,0,1,0
839646,欧州ハンドボール連盟,48657,8309,False,0,,,,,,,,,,,,,,,,,,,,,,,,
839677,国際ハンドボール連盟,59475,9377,False,1,,,,,,,,,,,,,,,,,,,,,,,,
839787,国際ラクロス連盟,49168,10638,False,0,,,,,,,,,,,,,,,,,,,,,,,,
841336,ジョッキークラブ,33898,10464,False,0,34,0,0,0,0,3,0,3,1,1,0,0,0,1,0,9,1,8,6,1,0,0,0,0
841794,FIBAヨーロッパ,66917,10084,False,0,,,,,,,,,,,,,,,,,,,,,,,,
845479,全日本学生競技ダンス連盟,36558,8978,False,0,110,0,0,0,0,0,0,2,1,0,0,0,91,1,6,0,0,0,5,1,0,0,1,2
847361,全日本大学サッカー連盟,81193,17575,False,1,52,0,0,0,3,22,1,9,0,0,0,0,0,2,6,0,2,0,2,3,0,1,1,0
848142,全日本大学バレーボール連盟,39229,12484,False,0,,,,,,,,,,,,,,,,,,,,,,,,
848222,全日本大学バスケットボール連盟,36420,8991,False,0,30,0,0,0,1,11,1,0,1,0,0,0,0,3,5,0,0,1,2,3,0,0,1,1
851863,関東大学サッカー連盟,30769,10378,False,0,31,0,0,0,1,5,0,0,0,0,0,0,0,0,18,0,0,2,2,2,0,0,1,0
852051,近畿地区大学野球連盟,22772,6807,False,0,,,,,,,,,,,,,,,,,,,,,,,,
852074,中部地区大学野球連盟,21418,6277,False,0,,,,,,,,,,,,,,,,,,,,,,,,
852077,西部地区大学野球連盟,22078,6504,False,0,20,0,0,0,6,0,0,0,2,0,0,0,0,0,2,0,0,1,2,4,1,1,1,0
854745,FIBAアメリカ,77894,10865,False,0,,,,,,,,,,,,,,,,,,,,,,,,
858149,中国バレーボール協会,31909,7483,False,1,21,0,0,0,3,2,1,4,2,0,0,0,0,2,2,0,1,1,1,2,0,0,0,0
859912,東北大学野球連盟,31510,10490,False,0,,,,,,,,,,,,,,,,,,,,,,,,
862344,日本プロボウリング協会,47430,10946,False,1,50,0,0,0,0,0,2,8,2,0,21,0,0,2,8,0,1,2,1,2,0,0,1,0
866669,北中米バレーボール連盟,105061,14777,False,1,,,,,,,,,,,,,,,,,,,,,,,,
874515,FIBAオセアニア,57833,8968,False,0,,,,,,,,,,,,,,,,,,,,,,,,
874576,関東学生卓球連盟,58873,19434,False,0,,,,,,,,,,,,,,,,,,,,,,,,
876654,新日本スポーツ連盟,39787,13163,False,1,,,,,,,,,,,,,,,,,,,,,,,,
879598,イタリアバレーボール連盟,33796,7917,False,0,,,,,,,,,,,,,,,,,,,,,,,,
879779,USAバスケットボール,57284,10796,False,0,,,,,,,,,,,,,,,,,,,,,,,,
879924,FIBAアフリカ,72261,10469,False,0,,,,,,,,,,,,,,,,,,,,,,,,
884082,ブラジルバレーボール連盟,29938,7220,False,0,,,,,,,,,,,,,,,,,,,,,,,,
884183,南米バレーボール連盟,71014,10708,False,1,60,0,0,0,4,0,0,7,2,0,0,25,13,2,1,0,2,1,2,1,0,0,0,0
885164,アフリカバレーボール連盟,119314,16155,False,1,,,,,,,,,,,,,,,,,,,,,,,,
889759,全日本大学軟式野球協会,32567,11274,False,0,42,0,0,0,2,10,0,0,1,0,0,0,0,2,5,0,0,1,9,2,0,0,1,9
891429,世界空手道連盟 (フルコンタクト空手),28986,7848,False,0,,,,,,,,,,,,,,,,,,,,,,,,
897157,日本実業団バスケットボール連盟,47431,9609,False,0,,,,,,,,,,,,,,,,,,,,,,,,
897179,日本クラブバスケットボール連盟,45453,9046,False,0,,,,,,,,,,,,,,,,,,,,,,,,
897196,日本家庭婦人バスケットボール連盟,49370,15048,False,0,,,,,,,,,,,,,,,,,,,,,,,,
897199,全日本教員バスケットボール連盟,41405,8304,False,0,7,0,0,0,1,0,0,0,1,0,0,0,0,1,1,0,0,0,1,1,0,0,1,0
901893,日本バスケットボール振興会,32507,8155,False,1,,,,,,,,,,,,,,,,,,,,,,,,
902617,トルコバレーボール連盟,27093,7295,False,0,,,,,,,,,,,,,,,,,,,,,,,,
902679,欧州バスケットボールリーグ連合,73107,11570,False,0,,,,,,,,,,,,,,,,,,,,,,,,
904498,日本アマチュア将棋連盟,58129,24494,False,0,,,,,,,,,,,,,,,,,,,,,,,,
908237,日本ミニバスケットボール連盟,34632,8545,False,0,,,,,,,,,,,,,,,,,,,,,,,,
915326,クロアチアバレーボール連盟,24514,6429,False,0,,,,,,,,,,,,,,,,,,,,,,,,
925320,北関東大学サッカー連盟,33467,9374,False,0,,,,,,,,,,,,,,,,,,,,,,,,
925334,関西学生サッカー連盟,39016,15674,False,0,,,,,,,,,,,,,,,,,,,,,,,,
925905,フランスバレーボール連盟,33876,8152,False,0,,,,,,,,,,,,,,,,,,,,,,,,
927438,イタリアバスケットボール連盟,39726,7782,False,0,,,,,,,,,,,,,,,,,,,,,,,,
933215,スペインバスケットボール連盟,27557,6872,False,0,14,0,0,0,2,2,0,3,0,0,0,0,0,1,3,0,0,1,1,1,0,0,0,0
933862,北海道地区大学野球連盟,55405,18959,False,0,,,,,,,,,,,,,,,,,,,,,,,,
937266,日本アイスホッケー連盟,59170,14314,False,1,,,,,,,,,,,,,,,,,,,,,,,,
942808,日本スポーツチャンバラ協会,31025,8358,False,1,,,,,,,,,,,,,,,,,,,,,,,,
943320,モンテネグロサッカー協会,57711,10423,False,1,43,0,0,0,8,1,2,10,4,0,0,0,0,3,1,0,2,3,2,3,0,0,0,4
946648,日本アメリカンフットボール協会,41931,11554,False,1,,,,,,,,,,,,,,,,,,,,,,,,
947879,日本バスプロ協会,22472,6017,False,0,8,0,0,0,0,0,0,0,0,0,0,0,0,1,0,0,1,1,1,1,0,0,1,2
956906,ゲーリック体育協会,47361,9886,False,0,26,0,0,0,0,0,0,6,1,0,1,0,0,2,0,0,1,2,7,4,0,1,1,0
957243,リトアニア・ブシドー協会,47647,10340,False,1,27,0,0,0,5,1,1,8,2,0,1,0,0,3,0,0,1,0,2,3,0,0,0,0
992852,日本ハング・パラグライディング連盟,30226,8128,False,1,,,,,,,,,,,,,,,,,,,,,,,,
995895,日本ハンドボール協会,32847,8297,False,1,35,0,0,0,2,6,1,3,2,0,0,0,0,2,9,0,1,2,2,2,0,0,1,2
998157,国際囲碁連盟,35533,9284,False,0,,,,,,,,,,,,,,,,,,,,,,,,
998630,岐阜県地方競馬組合,34589,9510,False,0,,,,,,,,,,,,,,,,,,,,,,,,
1002312,ヨーロッパボクシング協会,50234,11316,False,0,22,0,0,0,5,0,0,8,2,0,0,0,0,1,0,0,0,1,2,3,0,0,0,0
1005753,日本ラクロス協会,26443,7401,False,0,,,,,,,,,,,,,,,,,,,,,,,,
1007593,オランダ王立野球・ソフトボール協会,23728,6529,False,0,,,,,,,,,,,,,,,,,,,,,,,,
1011484,関東学生剣道連盟,28254,8793,False,0,,,,,,,,,,,,,,,,,,,,,,,,
1014195,北米ボクシング協会,45234,8822,False,0,16,0,0,0,5,0,0,5,0,0,0,0,0,1,0,0,1,2,1,1,0,0,0,0
1018782,北米ボクシング連盟,44880,8461,False,0,20,0,0,0,3,0,0,3,0,0,0,0,0,3,0,0,1,1,1,8,0,0,0,0
1019721,北米ボクシング機構,43773,8221,False,0,,,,,,,,,,,,,,,,,,,,,,,,
1019791,北米ボクシング評議会,43974,8555,False,0,16,0,0,0,0,0,0,4,1,0,0,0,0,1,3,0,1,3,3,0,0,0,0,0
1021101,中央アメリカボクシング連盟,44771,8128,False,0,,,,,,,,,,,,,,,,,,,,,,,,
1021146,カリブボクシング連盟,49345,9310,False,0,,,,,,,,,,,,,,,,,,,,,,,,
1021149,南米ボクシング連盟,43302,7723,False,0,,,,,,,,,,,,,,,,,,,,,,,,
1027997,日本女子プロ将棋協会,107915,30380,False,0,,,,,,,,,,,,,,,,,,,,,,,,
1042138,全米テニス協会,27806,7862,False,1,,,,,,,,,,,,,,,,,,,,,,,,
1050830,日本水中スポーツ連盟,37030,8687,False,1,,,,,,,,,,,,,,,,,,,,,,,,
1051926,プロ空手協会,39384,13250,False,0,45,0,0,0,0,0,0,6,1,0,7,0,0,3,2,0,0,0,21,4,0,0,1,0
1058314,愛知県競馬組合,53442,15095,False,0,,,,,,,,,,,,,,,,,,,,,,,,
1064258,国際ボクシング評議会,43724,8575,False,0,,,,,,,,,,,,,,,,,,,,,,,,
1064293,国際ボクシング連合 (アメリカ),42253,8105,False,0,,,,,,,,,,,,,,,,,,,,,,,,
1064843,世界ボクシング委員会,41686,7639,False,0,,,,,,,,,,,,,,,,,,,,,,,,
1065134,世界ボクシングエンパイア,40962,7461,False,0,,,,,,,,,,,,,,,,,,,,,,,,
1066066,国際体操連盟,65094,9807,False,1,,,,,,,,,,,,,,,,,,,,,,,,
1066196,日本ホッケー協会,34504,10026,False,1,,,,,,,,,,,,,,,,,,,,,,,,
1066354,全米プロゴルフ協会,34185,8773,False,1,34,0,1,0,0,1,1,3,4,0,2,0,0,2,13,0,1,2,1,2,0,0,1,0
1067503,国際ホッケー連盟,48648,8934,False,1,,,,,,,,,,,,,,,,,,,,,,,,
1069118,日本ボート協会,29098,7774,False,1,33,0,0,0,1,0,1,3,2,0,1,0,0,2,11,0,1,2,3,2,0,1,1,2
1070119,国際馬術連盟,41402,9271,False,1,,,,,,,,,,,,,,,,,,,,,,,,
1070418,国際柔道連盟,174190,21351,False,2,,,,,,,,,,,,,,,,,,,,,,,,
1070875,アフリカンボクシング連合,43187,7786,False,0,9,0,0,0,2,0,0,2,0,0,0,1,0,0,1,0,0,1,0,1,0,0,1,0
1072906,日本自転車競技連盟,46606,13481,False,1,,,,,,,,,,,,,,,,,,,,,,,,
1074812,コモンウェルスゲームズ連盟,37098,8263,False,0,,,,,,,,,,,,,,,,,,,,,,,,
1095945,全日本柔道連盟,154187,24903,False,1,72,0,0,0,10,6,2,19,2,0,2,0,0,2,19,0,2,2,3,2,0,0,1,0
1101542,全日本学生弓道連盟,59326,22533,False,1,,,,,,,,,,,,,,,,,,,,,,,,
1104141,日本ビーチバレーボール連盟,33854,9414,False,1,48,0,0,0,6,0,1,7,2,0,0,0,0,3,15,0,1,3,3,3,0,1,1,2
1111809,日本エアースポーツガン協会,22525,5817,False,0,,,,,,,,,,,,,,,,,,,,,,,,
1126157,日本ジェットスキー協会,27958,7395,False,1,,,,,,,,,,,,,,,,,,,,,,,,
1126429,日本ジェットスポーツ連盟,27200,6932,False,0,,,,,,,,,,,,,,,,,,,,,,,,
1126972,国際ジェットスポーツ協会,23417,6266,False,0,,,,,,,,,,,,,,,,,,,,,,,,
1126993,国際モーターボート連盟,23734,6350,False,0,,,,,,,,,,,,,,,,,,,,,,,,
1127063,フランスラグビー連盟,25218,6542,False,1,,,,,,,,,,,,,,,,,,,,,,,,
1127225,ラグビーヨーロッパ,59352,11132,False,0,,,,,,,,,,,,,,,,,,,,,,,,
1127261,アジア野球連盟,65971,11602,False,1,,,,,,,,,,,,,,,,,,,,,,,,
1132386,アジア陸上競技連盟,65467,12441,False,0,,,,,,,,,,,,,,,,,,,,,,,,
1133979,佐賀県競馬組合,25871,6531,False,0,,,,,,,,,,,,,,,,,,,,,,,,
1134131,欧州野球連盟,97084,16841,False,1,,,,,,,,,,,,,,,,,,,,,,,,
1152221,埼玉県浦和競馬組合,30778,8135,False,0,6,0,0,0,0,0,0,0,0,0,0,0,0,0,0,0,1,1,1,2,0,0,1,0
1158385,国際畜犬連盟,25524,7533,False,0,,,,,,,,,,,,,,,,,,,,,,,,
1172595,日本フェンシング協会,33765,8703,False,1,41,0,0,0,3,4,1,4,3,0,0,0,0,3,5,0,1,2,4,3,1,4,1,2
1172646,国際競技連盟,22753,6316,False,0,,,,,,,,,,,,,,,,,,,,,,,,
1176047,国際弓道連盟,29777,7913,False,0,,,,,,,,,,,,,,,,,,,,,,,,
1181456,アルゼンチンサッカー協会,48132,8814,False,1,21,0,0,0,1,3,1,5,2,0,0,0,0,2,0,0,1,1,3,2,0,0,0,0
1195299,日本総合格闘技協会,28546,7561,False,0,,,,,,,,,,,,,,,,,,,,,,,,
1196919,ロイヤル・アンド・エンシェント・ゴルフ・クラブ・オブ・セント・アンドリュース,33189,9654,False,0,35,0,0,0,1,0,0,4,1,1,0,0,0,2,18,0,2,2,4,0,0,0,0,0
1198387,日本卓球協会,81578,15325,False,1,,,,,,,,,,,,,,,,,,,,,,,,
1198413,国際ウエイトリフティング連盟,35291,7909,False,1,,,,,,,,,,,,,,,,,,,,,,,,
1200501,新潟県競馬組合,33724,9956,False,0,,,,,,,,,,,,,,,,,,,,,,,,
1205623,日本馬術連盟,44209,10815,False,0,,,,,,,,,,,,,,,,,,,,,,,,
1216069,英国競馬公社,31961,8804,False,0,,,,,,,,,,,,,,,,,,,,,,,,
1216383,日本自転車競技会,28173,8016,False,0,,,,,,,,,,,,,,,,,,,,,,,,
1216695,フランスギャロ,40475,11655,False,0,24,0,0,0,2,0,2,1,2,0,0,0,0,2,0,0,0,5,6,3,0,1,0,0
1227761,日本実業団陸上競技連合,30757,7924,False,1,,,,,,,,,,,,,,,,,,,,,,,,
1233656,日本警察消防スポーツ連盟,29908,10048,False,0,,,,,,,,,,,,,,,,,,,,,,,,
1233851,全米プロ野球選手協会,123966,22511,False,0,,,,,,,,,,,,,,,,,,,,,,,,
1240485,高知県競馬組合,32977,10716,False,0,18,0,0,0,0,1,0,0,1,1,0,0,0,0,3,0,0,3,1,7,0,0,1,0
1243000,全日本弓道連盟,51871,15726,False,1,,,,,,,,,,,,,,,,,,,,,,,,
1243088,関東大学バスケットボール連盟,54752,11900,False,1,,,,,,,,,,,,,,,,,,,,,,,,
1244160,関西学生バスケットボール連盟,104101,42005,False,0,217,0,0,0,3,0,0,6,3,0,0,0,173,0,23,0,1,2,1,1,0,2,1,1
1245717,東海学生バスケットボール連盟,32689,8837,False,0,,,,,,,,,,,,,,,,,,,,,,,,
1248872,国際バイアスロン連合,34292,7803,False,0,,,,,,,,,,,,,,,,,,,,,,,,
1250274,世界スカッシュ連盟,20408,5542,False,0,,,,,,,,,,,,,,,,,,,,,,,,
1250277,国際剣道連盟,22624,6057,False,0,,,,,,,,,,,,,,,,,,,,,,,,
1250288,国際アメリカンフットボール連盟,30172,8139,False,0,,,,,,,,,,,,,,,,,,,,,,,,
1252159,日本麻将体育協会,32308,10997,False,0,,,,,,,,,,,,,,,,,,,,,,,,
1252607,国際クリケット評議会,31014,8085,False,1,,,,,,,,,,,,,,,,,,,,,,,,
1258381,関東ラグビーフットボール協会,69615,12180,False,0,,,,,,,,,,,,,,,,,,,,,,,,
1265079,国際リュージュ連盟,34107,7622,False,0,,,,,,,,,,,,,,,,,,,,,,,,
1274509,国際射撃連盟,30753,7101,False,0,,,,,,,,,,,,,,,,,,,,,,,,
1274520,世界アーチェリー連盟,39102,8222,False,0,,,,,,,,,,,,,,,,,,,,,,,,
1279317,日本クレー射撃協会,37757,9901,False,1,44,0,0,0,10,5,4,7,2,0,1,0,0,1,2,0,3,4,2,1,0,0,1,1
1280788,イタリア野球・ソフトボール連盟,27577,7452,False,0,,,,,,,,,,,,,,,,,,,,,,,,
1300766,アジアハンドボール連盟,85012,11459,False,0,,,,,,,,,,,,,,,,,,,,,,,,
1315539,日本けん玉協会,29095,10064,False,0,41,0,0,0,0,0,0,5,1,0,2,0,0,0,10,0,0,10,11,0,0,2,0,0
1333185,関西ラグビーフットボール協会,72021,13456,False,0,29,0,0,0,4,0,0,1,1,0,0,0,0,1,12,0,0,0,1,6,0,0,0,3
1340755,東北大学バスケットボール連盟,33213,9941,False,0,20,0,0,0,0,0,0,0,2,0,0,0,10,0,3,0,0,1,1,1,0,0,1,1
1341042,全日本実業団野球連盟,35580,10878,False,0,,,,,,,,,,,,,,,,,,,,,,,,
1346806,世界フルコンタクト協会,45145,9618,False,0,,,,,,,,,,,,,,,,,,,,,,,,
1350850,全日本極真連合会,60898,20082,False,2,53,0,0,0,0,0,3,14,2,0,16,0,0,2,4,0,0,1,3,1,0,0,2,5
1351101,少林寺拳法連盟,34137,10728,False,1,,,,,,,,,,,,,,,,,,,,,,,,
1356978,国際ボート連盟,48398,10240,False,0,,,,,,,,,,,,,,,,,,,,,,,,
1359094,全日本銃剣道連盟,33239,8377,False,1,,,,,,,,,,,,,,,,,,,,,,,,
1359312,全日本なぎなた連盟,33546,8353,False,1,,,,,,,,,,,,,,,,,,,,,,,,
1359423,全日本アーチェリー連盟,35367,8892,False,1,36,0,0,0,7,2,2,3,2,0,0,0,0,2,5,0,3,2,1,2,0,1,1,3
1359470,日本カヌー連盟,33215,8333,False,1,,,,,,,,,,,,,,,,,,,,,,,,
1359619,日本ウエイトリフティング協会,39602,9115,False,1,33,0,0,0,4,2,2,3,2,0,0,0,0,2,9,0,1,2,2,2,0,0,1,1
1360419,全日本テコンドー協会,38115,10889,False,1,39,0,0,0,9,0,0,7,3,0,0,0,0,3,0,0,1,1,3,3,0,0,1,8
1360447,日本レスリング協会,34244,8311,False,1,,,,,,,,,,,,,,,,,,,,,,,,
1360562,日本体操協会,37720,9153,False,1,,,,,,,,,,,,,,,,,,,,,,,,
1360567,日本新体操連盟,27485,7102,False,1,,,,,,,,,,,,,,,,,,,,,,,,
1360573,日本エアロビック連盟,24009,6504,False,0,18,0,0,0,3,0,0,2,2,0,0,0,0,1,2,0,0,1,1,1,0,0,1,4
1360598,日本パワーリフティング協会,28231,6865,False,0,,,,,,,,,,,,,,,,,,,,,,,,
1360616,日本ライフル射撃協会,32239,8381,False,1,31,0,0,0,0,4,3,3,2,0,0,0,0,2,0,0,3,4,6,2,0,1,1,0
1360648,日本ダンススポーツ連盟,32619,10504,False,0,,,,,,,,,,,,,,,,,,,,,,,,
1361382,日本チアリーディング協会,34018,8936,False,1,,,,,,,,,,,,,,,,,,,,,,,,
1361396,日本一輪車協会,26122,6890,False,0,31,0,0,0,2,0,0,3,2,0,0,0,0,1,10,0,0,9,1,1,0,0,1,1
1361410,日本ビリヤード協会,31427,9184,False,0,,,,,,,,,,,,,,,,,,,,,,,,
1361779,日本ゲートボール連合,27531,7184,False,1,,,,,,,,,,,,,,,,,,,,,,,,
1361878,日本セーリング連盟,43729,10020,False,1,,,,,,,,,,,,,,,,,,,,,,,,
1361951,日本ワールドゲームズ協会,39825,9118,False,1,,,,,,,,,,,,,,,,,,,,,,,,
1361996,全日本舞踊連合,27815,7445,False,0,,,,,,,,,,,,,,,,,,,,,,,,
1362371,日本近代五種・バイアスロン連合,32856,8636,False,1,,,,,,,,,,,,,,,,,,,,,,,,
1362392,日本武術太極拳連盟,29421,8688,False,0,,,,,,,,,,,,,,,,,,,,,,,,
1362411,日本ローラースポーツ連盟,38676,9920,False,1,,,,,,,,,,,,,,,,,,,,,,,,
1362443,日本スカッシュ協会,31381,8120,False,1,32,0,0,0,5,1,1,2,2,0,0,0,0,4,3,0,1,2,3,4,0,1,1,2
1367895,日本武道協議会,35596,8964,False,1,,,,,,,,,,,,,,,,,,,,,,,,
1374791,日本テコンドー協会,33148,11000,False,1,,,,,,,,,,,,,,,,,,,,,,,,
1377336,日本セパタクロー協会,25244,6686,False,0,18,0,0,0,6,0,0,2,1,0,0,0,0,1,4,0,0,1,1,1,0,0,1,0
1377340,日本カバディ協会,25154,6438,False,0,,,,,,,,,,,,,,,,,,,,,,,,
1377392,日本ドッジボール協会,28715,7344,False,1,23,0,0,0,4,1,1,2,2,0,0,0,0,2,3,0,1,2,2,2,0,1,0,0
1377703,日本スケートボード協会,24346,6699,False,0,,,,,,,,,,,,,,,,,,,,,,,,
1377747,日本スノーボード協会,45664,13330,False,1,71,0,0,0,6,24,0,5,2,0,0,0,0,2,8,0,2,10,6,2,0,4,0,0
1379916,日本プロフェッショナルダンス競技連盟,24237,6297,False,0,17,0,0,0,0,0,2,5,1,0,0,0,0,1,4,0,0,1,1,1,0,0,1,0
1380150,日本スポーツクラブ協会,23719,6825,False,0,,,,,,,,,,,,,,,,,,,,,,,,
1380744,日本綱引連盟,30236,9353,False,1,,,,,,,,,,,,,,,,,,,,,,,,
1380765,日本オリエンテーリング協会,39026,11572,False,1,,,,,,,,,,,,,,,,,,,,,,,,
1382373,日本グラウンド・ゴルフ協会,24298,6522,False,0,,,,,,,,,,,,,,,,,,,,,,,,
1382380,日本バウンドテニス協会,23667,6136,False,0,,,,,,,,,,,,,,,,,,,,,,,,
1382628,日本サンボ連盟,36969,14306,False,0,67,0,0,0,6,0,1,4,1,0,8,0,0,6,17,0,0,4,12,6,0,2,0,0
1382839,日本アームレスリング連盟,25962,6315,False,0,,,,,,,,,,,,,,,,,,,,,,,,
1383127,日本知的障害者スポーツ連盟,39877,10984,False,0,,,,,,,,,,,,,,,,,,,,,,,,
1383498,日本ウェイクボード協会,24898,6699,False,0,,,,,,,,,,,,,,,,,,,,,,,,
1383510,日本マウンテンバイク協会,24708,6320,False,0,,,,,,,,,,,,,,,,,,,,,,,,
1383517,日本サーフィン連盟,26713,6826,False,0,,,,,,,,,,,,,,,,,,,,,,,,
1383553,日本水上スキー連盟,24243,6292,False,0,14,0,0,0,4,0,0,1,1,0,0,0,2,1,1,0,0,1,1,1,0,0,1,0
1385939,日本グラススキー協会,29011,7428,False,0,18,0,0,0,2,0,0,4,1,0,0,0,0,1,7,0,0,0,1,1,0,1,0,0
1387821,全国専門学校体育連盟,24485,6231,False,0,17,0,0,0,0,6,1,0,1,0,0,0,6,0,1,0,1,0,0,1,0,0,0,0
1387851,全日本BMX連盟,29161,8313,False,1,,,,,,,,,,,,,,,,,,,,,,,,
1388120,日本室内自転車競技連盟,23909,6174,False,0,13,0,0,0,2,3,0,1,0,0,0,0,0,1,2,0,0,1,1,1,0,0,0,1
1388902,日本サイクリング協会,34634,9386,False,1,,,,,,,,,,,,,,,,,,,,,,,,
1389293,日本チアダンス協会,29952,7510,False,1,27,0,0,0,0,0,1,3,2,0,0,0,1,2,4,0,1,7,2,2,0,2,0,0
1389347,全日本潜水連盟,24413,6412,False,0,,,,,,,,,,,,,,,,,,,,,,,,
1389633,日本ロープスキッピング連盟,23225,5868,False,0,,,,,,,,,,,,,,,,,,,,,,,,
1390947,日本ティーボール協会,29061,7459,False,1,,,,,,,,,,,,,,,,,,,,,,,,
1392321,日本フライングディスク協会,31860,7736,False,1,,,,,,,,,,,,,,,,,,,,,,,,
1398223,日本自動車レース工業会,31701,10546,False,0,,,,,,,,,,,,,,,,,,,,,,,,
1399795,日本プロポケットビリヤード連盟,27513,8127,False,0,36,0,0,0,7,0,1,5,1,0,0,0,0,0,4,0,0,4,4,1,0,0,1,8
1409296,世界ムエタイ評議会,42028,8495,False,0,,,,,,,,,,,,,,,,,,,,,,,,
1412351,国際アマチュアムエタイ連盟,41791,8667,False,0,,,,,,,,,,,,,,,,,,,,,,,,
1435180,中国バスケットボール協会,63351,9637,False,0,,,,,,,,,,,,,,,,,,,,,,,,
1435430,ジャパン・プロフェッショナル・ムエタイ・コミッティ,56111,16792,False,0,,,,,,,,,,,,,,,,,,,,,,,,
1437239,日本キックボクシング,45635,11973,False,0,,,,,,,,,,,,,,,,,,,,,,,,
1445592,ニュージャージー州アスレチック・コントロール・ボード,30134,8179,False,0,,,,,,,,,,,,,,,,,,,,,,,,
1455276,全国麻雀段位審査会,21414,5962,False,0,,,,,,,,,,,,,,,,,,,,,,,,
1458498,アマチュア運動連合,22291,6557,False,0,,,,,,,,,,,,,,,,,,,,,,,,
1468878,日本フラメンコ協会,29266,8274,False,0,,,,,,,,,,,,,,,,,,,,,,,,
1474265,国際プロサッカー選手会,120185,22800,False,1,,,,,,,,,,,,,,,,,,,,,,,,
1483224,中米サッカー連合,119839,13842,False,0,,,,,,,,,,,,,,,,,,,,,,,,
1483479,全米サラブレッド競馬協会,27067,9155,False,0,14,0,0,0,0,0,0,2,1,0,0,0,0,1,0,0,0,2,5,1,0,1,1,0
1501107,全日本硬式空手道連盟,40443,16077,False,0,,,,,,,,,,,,,,,,,,,,,,,,
1506013,ポルトガルサッカー連盟,56690,9045,False,1,,,,,,,,,,,,,,,,,,,,,,,,
1509774,国際競技格闘連盟,44480,9618,False,1,20,0,0,0,0,0,2,5,2,0,2,0,0,2,1,0,1,0,2,2,0,0,1,0
1526848,全国専門学校卓球連盟,24716,6305,False,0,,,,,,,,,,,,,,,,,,,,,,,,
1527114,全国専門学校サッカー連盟,63194,11381,False,0,22,0,0,0,0,0,0,0,0,0,0,0,10,1,6,0,0,2,1,1,0,0,1,0
1527544,国際ボクシング協会,21270,6005,True,0,,,,,,,,,,,,,,,,,,,,,,,,
1528021,国際フェンシング連盟,76880,13596,False,1,,,,,,,,,,,,,,,,,,,,,,,,
1529543,全日本大学女子サッカー連盟,69933,13083,False,1,,,,,,,,,,,,,,,,,,,,,,,,
1529931,世界レスリング連合,49179,11471,False,1,,,,,,,,,,,,,,,,,,,,,,,,
1532203,日本車いすテニス協会,28962,7960,False,1,28,0,0,0,2,0,1,4,3,0,0,0,0,1,1,0,2,1,3,4,0,1,1,4
1540111,プロスノーボーダーズ アソシエイション アジア,42082,14218,False,1,,,,,,,,,,,,,,,,,,,,,,,,
1542617,国際スノーボード連盟,49256,19779,False,0,,,,,,,,,,,,,,,,,,,,,,,,
1543542,国際ブラジリアン柔術連盟,29484,7808,False,0,39,0,0,0,0,8,0,8,0,0,0,0,0,0,12,0,0,1,9,0,0,0,1,0
1543755,日本車椅子バスケットボール連盟,30957,8092,False,0,,,,,,,,,,,,,,,,,,,,,,,,
1544021,国際グレイシー柔術連盟,22909,6718,False,0,15,0,0,0,0,0,0,2,2,0,1,0,0,0,4,0,0,0,4,0,0,1,1,0
1544713,ブラジル柔術オリンピック連盟,24272,6560,False,0,,,,,,,,,,,,,,,,,,,,,,,,
1544914,日本ブラジリアン柔術連盟,26587,7686,False,0,31,0,0,0,7,0,0,5,1,0,2,0,0,2,1,0,0,5,2,2,0,0,1,3
1548577,プロスノーボーダーズアソシエイション,30687,9349,False,0,,,,,,,,,,,,,,,,,,,,,,,,
1549117,世界スノーボード連盟,33944,9914,False,0,,,,,,,,,,,,,,,,,,,,,,,,
1556858,国際ライフセービング連盟,24795,6416,False,0,,,,,,,,,,,,,,,,,,,,,,,,
1558583,国際スポーツクライミング連盟,35214,10578,False,0,,,,,,,,,,,,,,,,,,,,,,,,
1560798,全日本柔術連盟,32029,9973,False,0,,,,,,,,,,,,,,,,,,,,,,,,
1577108,国際マインドスポーツ協会,32189,8400,False,0,,,,,,,,,,,,,,,,,,,,,,,,
1602806,フィリピンサッカー連盟,55891,9544,False,1,,,,,,,,,,,,,,,,,,,,,,,,
1607107,北海道地区学生ラグビーフットボール連盟,64039,12499,False,0,46,0,0,0,1,9,0,0,0,0,0,0,23,0,7,0,1,1,2,1,0,0,1,0
1610533,日本剣道協会,26624,7574,False,0,,,,,,,,,,,,,,,,,,,,,,,,
1615848,大韓体育会,25625,6755,False,1,,,,,,,,,,,,,,,,,,,,,,,,
1625816,アジア競馬連盟,25326,6894,False,0,,,,,,,,,,,,,,,,,,,,,,,,
1627345,スコットランドサッカー協会,69909,12030,False,1,,,,,,,,,,,,,,,,,,,,,,,,
1628272,スイスサッカー協会,54711,8794,False,1,29,0,0,0,6,2,1,12,2,0,0,0,0,1,0,0,2,0,1,2,0,0,0,0
1628286,オーストリアサッカー協会,58402,11084,False,1,,,,,,,,,,,,,,,,,,,,,,,,
1628358,アメリカ合衆国サッカー連盟,65344,9707,False,1,,,,,,,,,,,,,,,,,,,,,,,,
1636296,アメリカ合衆国自動車クラブ,121872,27889,False,1,,,,,,,,,,,,,,,,,,,,,,,,
1636982,エクアドルサッカー連盟,32709,6837,False,1,,,,,,,,,,,,,,,,,,,,,,,,
1636985,南アフリカ共和国サッカー協会,49092,7924,False,1,,,,,,,,,,,,,,,,,,,,,,,,
1638061,オーストラリアサッカー連盟,88670,22588,False,1,,,,,,,,,,,,,,,,,,,,,,,,
1643272,国際セーリング連盟,36176,8102,False,1,,,,,,,,,,,,,,,,,,,,,,,,
1643276,国際トライアスロン連合,34094,7750,False,0,,,,,,,,,,,,,,,,,,,,,,,,
1649629,国際大学スポーツ連盟,24185,6745,False,0,,,,,,,,,,,,,,,,,,,,,,,,
1654778,ナイジェリアサッカー協会,47349,7725,False,1,,,,,,,,,,,,,,,,,,,,,,,,
1664315,国際カヌー連盟,32068,7190,False,0,,,,,,,,,,,,,,,,,,,,,,,,
1674469,国際ろう者スポーツ委員会,26215,7953,False,0,,,,,,,,,,,,,,,,,,,,,,,,
1680658,JKA,45539,11930,False,1,,,,,,,,,,,,,,,,,,,,,,,,
1695393,日本キックボクシング協会,27531,7529,False,0,,,,,,,,,,,,,,,,,,,,,,,,
1696381,日本フリークライミング協会,29698,8004,False,0,,,,,,,,,,,,,,,,,,,,,,,,
1697879,オランダサッカー協会,64357,10077,False,1,,,,,,,,,,,,,,,,,,,,,,,,
1703477,バングラデシュサッカー連盟,47029,8279,False,1,,,,,,,,,,,,,,,,,,,,,,,,
1704296,国際オリンピック・アカデミー,29981,7840,False,0,,,,,,,,,,,,,,,,,,,,,,,,
1709627,中華職業籃球聯盟,24011,6655,False,0,20,0,0,0,0,0,0,2,1,0,0,0,8,3,0,0,0,0,1,3,1,0,1,0
1719711,国際視覚障害者スポーツ連盟,28104,7532,False,0,,,,,,,,,,,,,,,,,,,,,,,,
1734394,国際競馬統括機関連盟,23109,6296,False,0,,,,,,,,,,,,,,,,,,,,,,,,
1735484,オセアニア野球連盟,59413,10846,False,1,,,,,,,,,,,,,,,,,,,,,,,,
1772085,九州ラグビーフットボール協会,68893,11843,False,0,10,0,0,0,1,0,0,1,0,0,0,0,0,0,5,0,1,0,0,2,0,0,0,0
1778238,日本プロサーフィン連盟,24347,6627,False,0,14,0,0,0,0,0,0,3,1,0,0,0,0,1,2,0,0,3,2,1,0,0,1,0
1797465,東京都サッカー協会,49232,9002,False,1,,,,,,,,,,,,,,,,,,,,,,,,
1798028,千葉県競馬組合,26110,7502,False,0,,,,,,,,,,,,,,,,,,,,,,,,
1799597,英国ボクシング管理委員会,47124,9900,False,1,,,,,,,,,,,,,,,,,,,,,,,,
1807536,フォーミュラ・ワン・チームズ・アソシエーション,84876,25824,False,1,,,,,,,,,,,,,,,,,,,,,,,,
1813663,サウジアラビアサッカー連盟,49310,8865,False,1,26,0,0,0,2,0,1,6,2,0,1,0,0,2,7,0,1,1,1,2,0,0,0,0
1822603,東京六大学ソフトテニス連盟,46779,9985,False,0,44,0,0,0,0,0,0,0,3,0,0,0,13,0,19,0,1,0,3,1,0,0,1,3
1861936,アフリカ野球・ソフトボール協会,64631,11494,False,1,,,,,,,,,,,,,,,,,,,,,,,,
1861942,アメリカ大陸野球連盟,66774,11480,False,1,39,0,0,0,1,0,0,3,1,0,0,29,0,1,0,0,1,0,1,1,0,0,1,0
1862971,日本女子プロ野球機構,186396,71024,False,2,312,0,0,0,1,0,1,20,2,0,8,0,142,3,95,0,2,4,24,3,0,2,1,4
1863669,日本プロフェッショナルボディボーディング連盟,29985,8940,False,0,,,,,,,,,,,,,,,,,,,,,,,,
1871752,UKFジャパン,36030,7409,False,0,,,,,,,,,,,,,,,,,,,,,,,,
1886900,ヨーロッパ剣道連盟,26794,7640,False,0,,,,,,,,,,,,,,,,,,,,,,,,
1892014,日本女子ラグビーフットボール連盟,28170,7605,False,0,19,0,0,0,2,1,0,1,1,0,0,0,0,2,3,1,0,2,2,2,1,0,1,0
1902248,世界プロボクシング連盟,41104,7585,False,0,16,0,0,0,0,4,0,4,1,0,0,0,0,0,0,0,1,1,1,0,0,0,1,3
1903249,大韓バスケットボール協会,27112,7043,False,1,30,0,0,0,5,1,0,5,3,0,0,0,0,1,6,0,0,4,1,1,0,0,1,2
1908351,北マリアナ諸島サッカー協会,62630,10444,False,1,,,,,,,,,,,,,,,,,,,,,,,,
1910872,日本格闘競技連盟,75597,28511,False,1,113,0,0,0,18,0,4,4,2,1,4,0,36,2,1,0,1,1,33,2,0,3,1,0
1925470,ウズベキスタンサッカー連盟,62326,10523,False,1,,,,,,,,,,,,,,,,,,,,,,,,
1932702,マケドニアサッカー連盟,55691,9193,False,1,,,,,,,,,,,,,,,,,,,,,,,,
1932730,ロシアサッカー連合,59048,11220,False,1,,,,,,,,,,,,,,,,,,,,,,,,
1934345,バーレーンサッカー協会,46855,8208,False,1,25,0,0,0,4,0,1,7,2,0,0,0,0,4,0,0,1,1,1,4,0,0,0,0
1934832,オーストラリアオリンピック委員会,24643,6425,False,0,,,,,,,,,,,,,,,,,,,,,,,,
1936615,イスラエルサッカー協会,63127,12845,False,1,,,,,,,,,,,,,,,,,,,,,,,,
1936912,フィンランドサッカー協会,56771,9148,False,1,,,,,,,,,,,,,,,,,,,,,,,,
1943719,ラトビアサッカー連盟,52937,8790,False,1,,,,,,,,,,,,,,,,,,,,,,,,
1946893,スウェーデンサッカー協会,69441,12873,False,1,79,0,0,0,10,4,4,6,4,0,0,0,0,5,27,0,2,3,3,6,0,1,0,4
1948267,国際サッカー評議会,66699,19266,False,0,,,,,,,,,,,,,,,,,,,,,,,,
1958093,アメリカ領ヴァージン諸島サッカー連盟,49272,8839,False,1,,,,,,,,,,,,,,,,,,,,,,,,
1958095,ウェールズサッカー協会,53923,9254,False,1,,,,,,,,,,,,,,,,,,,,,,,,
1959263,ウクライナサッカー連盟,59320,9439,False,1,,,,,,,,,,,,,,,,,,,,,,,,
1959268,アラブ首長国連邦サッカー協会,48213,8489,False,1,24,0,0,0,4,2,1,6,1,0,0,0,0,2,2,0,1,1,1,2,0,1,0,0
1960422,カタールサッカー協会,52142,9923,False,1,,,,,,,,,,,,,,,,,,,,,,,,
1963438,国際ボブスレー・トボガニング連盟,38374,8875,False,0,,,,,,,,,,,,,,,,,,,,,,,,
1970148,全日本学生合気道連盟,23633,6757,False,0,,,,,,,,,,,,,,,,,,,,,,,,
1978388,世界ブールスポーツ連合,24744,7050,False,1,,,,,,,,,,,,,,,,,,,,,,,,
1985214,国際テコンドー連盟,44626,16405,False,1,,,,,,,,,,,,,,,,,,,,,,,,
1987530,デンマークサッカー協会,54906,9901,False,1,,,,,,,,,,,,,,,,,,,,,,,,
1991961,国技院,24873,7030,False,1,,,,,,,,,,,,,,,,,,,,,,,,
2001875,ウルグアイサッカー協会,35642,7585,False,1,,,,,,,,,,,,,,,,,,,,,,,,
2001987,コロンビアサッカー連盟,34998,7413,False,1,,,,,,,,,,,,,,,,,,,,,,,,
2002019,ペルーサッカー連盟,34636,7415,False,1,,,,,,,,,,,,,,,,,,,,,,,,
2002158,パラグアイサッカー協会,36322,7666,False,1,,,,,,,,,,,,,,,,,,,,,,,,
2003106,ベネズエラサッカー連盟,36142,7827,False,1,,,,,,,,,,,,,,,,,,,,,,,,
2003109,チリサッカー連盟,34681,7301,False,1,,,,,,,,,,,,,,,,,,,,,,,,
2005805,ボリビアサッカー連盟,34920,7367,False,1,26,0,0,0,6,2,1,6,1,0,0,0,0,2,1,0,1,3,1,2,0,0,0,0
2027239,中国囲棋会,26794,8127,False,1,,,,,,,,,,,,,,,,,,,,,,,,
2055552,オリンピック冬季大会競技団体連合,38732,8546,False,0,,,,,,,,,,,,,,,,,,,,,,,,
2056665,独立リーグ連絡協議会,38263,12267,False,0,,,,,,,,,,,,,,,,,,,,,,,,
2067128,国際総合武道教育連盟,25127,7221,False,0,,,,,,,,,,,,,,,,,,,,,,,,
2079266,オリンピック夏季大会競技団体連合,46983,9838,False,0,,,,,,,,,,,,,,,,,,,,,,,,
2097719,キプロスサッカー協会,55617,9305,False,1,27,0,0,0,7,1,1,6,1,0,0,0,0,2,1,0,2,3,1,2,0,0,0,0
2100753,日本モーターサイクルスポーツ協会,42649,12793,False,1,75,0,0,0,9,0,1,11,5,0,0,0,0,5,17,0,1,15,5,3,0,1,1,1
2101240,世界麻雀組織,32006,8735,False,1,,,,,,,,,,,,,,,,,,,,,,,,
2103750,日本アマチュアKYOTEI連盟,26193,7811,False,0,,,,,,,,,,,,,,,,,,,,,,,,
2104003,日本ダブルダッチ協会,24974,7244,False,0,,,,,,,,,,,,,,,,,,,,,,,,
2125913,セーシェルサッカー連盟,51099,8399,False,1,24,0,0,0,6,1,1,5,1,0,0,0,0,2,2,0,1,2,1,2,0,0,0,0
2127457,マリサッカー連盟,50115,8156,False,1,26,0,0,0,4,4,1,6,1,0,0,0,0,2,3,0,1,1,1,2,0,0,0,0
2130815,カメルーンサッカー連盟,50387,8283,False,1,,,,,,,,,,,,,,,,,,,,,,,,
2131081,パンアメリカン柔道連盟,127351,15805,False,0,,,,,,,,,,,,,,,,,,,,,,,,
2131083,アフリカ柔道連盟,123459,14012,False,0,,,,,,,,,,,,,,,,,,,,,,,,
2131087,オセアニア柔道連盟,116571,13047,False,0,,,,,,,,,,,,,,,,,,,,,,,,
2131103,ヨーロッパ柔道連盟,128325,15032,False,0,,,,,,,,,,,,,,,,,,,,,,,,
2131105,アジア柔道連盟,122160,14586,False,0,,,,,,,,,,,,,,,,,,,,,,,,
2131468,ホンジュラスサッカー連盟,46184,8169,False,1,21,0,0,0,4,1,1,5,1,0,0,0,0,3,0,0,0,2,1,3,0,0,0,0
2142926,アゼルバイジャンサッカー連盟協会,56989,9302,False,1,24,0,0,0,4,2,1,6,1,0,0,0,0,2,1,0,2,2,1,2,0,0,0,0
2156133,日本女子ボウリング機構,34922,10674,False,1,,,,,,,,,,,,,,,,,,,,,,,,
2168995,関東大学女子バスケットボール連盟,56282,12472,False,0,119,0,0,0,0,0,0,0,0,0,0,0,107,0,8,0,0,1,1,1,0,0,1,0
2199000,アメリカ合衆国チェス連盟,44902,11368,False,0,,,,,,,,,,,,,,,,,,,,,,,,
2220064,国際ゴルフ連盟,24357,6783,False,0,,,,,,,,,,,,,,,,,,,,,,,,
2222145,北海道サッカー協会,45406,8381,False,0,26,0,0,0,0,1,1,1,0,0,0,0,0,0,15,0,0,2,2,3,0,0,1,0
2223288,ワールド・ダーツ・フェデレイション,91586,20088,False,0,,,,,,,,,,,,,,,,,,,,,,,,
2233630,熊本県サッカー協会,41277,7371,False,0,,,,,,,,,,,,,,,,,,,,,,,,
2253200,ジャパンブリーダーズカップ協会,35604,8859,False,0,,,,,,,,,,,,,,,,,,,,,,,,
2269437,日本パラサイクリング連盟,26503,7080,False,0,,,,,,,,,,,,,,,,,,,,,,,,
2278849,中華民国サッカー協会,69826,13582,False,1,,,,,,,,,,,,,,,,,,,,,,,,
2279532,中国サッカー協会,63863,11467,False,1,,,,,,,,,,,,,,,,,,,,,,,,
2284629,IOC承認国際競技団体連合,48755,11199,False,0,,,,,,,,,,,,,,,,,,,,,,,,
2286092,朝鮮民主主義人民共和国サッカー協会,53178,10073,False,1,38,0,0,0,12,2,1,11,2,0,0,0,0,3,1,0,1,0,1,3,0,0,1,0
2286093,グアムサッカー協会,50212,8964,False,1,,,,,,,,,,,,,,,,,,,,,,,,
2286095,マカオサッカー協会,46567,8192,False,1,,,,,,,,,,,,,,,,,,,,,,,,
2286266,国際水上スキー&ウェイクボード連盟,22985,6678,False,0,,,,,,,,,,,,,,,,,,,,,,,,
2301293,国際柔道協会,32675,11092,False,0,,,,,,,,,,,,,,,,,,,,,,,,
2303278,国際オリエンテーリング連盟,30071,7777,False,1,,,,,,,,,,,,,,,,,,,,,,,,
2308322,NHRA,31406,10679,False,0,46,0,0,0,0,0,0,2,1,1,1,0,0,2,30,0,0,3,4,1,0,1,0,0
2308785,天空キックボクシング協会,49966,11091,False,1,,,,,,,,,,,,,,,,,,,,,,,,
2312794,オセアニア国内オリンピック委員会,46652,10146,False,0,,,,,,,,,,,,,,,,,,,,,,,,
2322638,国際アイランドゲームズ協会,52642,11363,False,0,,,,,,,,,,,,,,,,,,,,,,,,
2324823,カナダサッカー協会,62329,10192,False,1,,,,,,,,,,,,,,,,,,,,,,,,
2326566,グリーンランドサッカー協会,25802,7019,False,1,13,0,0,0,2,0,0,2,1,0,0,0,0,4,0,0,0,0,1,3,0,0,0,0
2327350,モルディブサッカー協会,46044,7989,False,1,,,,,,,,,,,,,,,,,,,,,,,,
2333503,ネパールサッカー協会,47559,8217,False,1,8,0,0,0,0,0,0,1,1,0,0,0,0,2,0,0,0,0,1,2,0,0,1,0
2338208,インドネシアサッカー協会,57154,10294,False,1,,,,,,,,,,,,,,,,,,,,,,,,
2339298,ベトナムサッカー連盟,51048,9027,False,1,,,,,,,,,,,,,,,,,,,,,,,,
2345566,全日本かるた協会,43126,10242,False,0,,,,,,,,,,,,,,,,,,,,,,,,
2362518,全日本学生囲碁連盟,31220,7893,False,0,,,,,,,,,,,,,,,,,,,,,,,,
2367238,韓国プロレスリング連盟,26152,6900,False,0,,,,,,,,,,,,,,,,,,,,,,,,
2378963,トルコサッカー連盟,56548,10187,False,1,,,,,,,,,,,,,,,,,,,,,,,,
2389828,国際近代五種連合,34602,7822,False,1,,,,,,,,,,,,,,,,,,,,,,,,
2394219,日本古武道協会,47503,11224,False,1,54,0,0,0,0,0,1,1,2,0,0,0,0,2,8,0,1,6,29,2,0,1,1,0
2411318,日本バックギャモン協会,26699,7825,False,0,,,,,,,,,,,,,,,,,,,,,,,,
2450016,国際バンディ連盟,43777,9415,False,0,,,,,,,,,,,,,,,,,,,,,,,,
2459385,タジキスタンサッカー連盟,46812,8299,False,1,,,,,,,,,,,,,,,,,,,,,,,,
2459892,世界プロサーフィン連盟,24918,6852,False,0,,,,,,,,,,,,,,,,,,,,,,,,
2460026,国際K-1連盟,28476,8814,False,0,,,,,,,,,,,,,,,,,,,,,,,,
2464284,香港サッカー協会,52652,9126,False,1,,,,,,,,,,,,,,,,,,,,,,,,
2468659,中華民国ラグビーフットボール協会,31868,8345,False,1,,,,,,,,,,,,,,,,,,,,,,,,
2469399,香港ラグビーフットボール協会,27587,7483,False,1,,,,,,,,,,,,,,,,,,,,,,,,
2482485,中華民国野球協会,34207,9146,False,1,29,0,0,0,4,0,2,7,2,0,0,0,0,2,0,0,1,2,2,1,0,1,1,4
2485983,日本学生オリエンテーリング連盟,28787,8327,False,1,,,,,,,,,,,,,,,,,,,,,,,,
2490504,大韓野球ソフトボール協会,30931,7855,False,2,,,,,,,,,,,,,,,,,,,,,,,,
2491484,フィジーサッカー協会,34732,7126,False,1,,,,,,,,,,,,,,,,,,,,,,,,
2493434,日本フリースタイルフットボール協会,30349,8821,False,0,,,,,,,,,,,,,,,,,,,,,,,,
2523931,タイサッカー協会,62761,9705,False,1,16,0,0,0,0,2,1,4,1,0,0,0,0,2,1,0,1,0,1,2,0,0,1,0
2525490,モンゴル国サッカー連盟,51791,9814,False,1,,,,,,,,,,,,,,,,,,,,,,,,
2525496,カンボジアサッカー連盟,48215,8539,False,1,,,,,,,,,,,,,,,,,,,,,,,,
2525527,アフガニスタンサッカー連盟,48962,8741,False,1,,,,,,,,,,,,,,,,,,,,,,,,
2525588,ブルネイ・ダルサラームサッカー協会,50458,9251,False,1,26,0,0,0,5,3,1,7,2,0,0,0,0,2,0,0,1,0,1,2,1,0,1,0
2525602,ブータンサッカー連盟,46866,8175,False,1,,,,,,,,,,,,,,,,,,,,,,,,
2525612,スリランカサッカー連盟,47421,8283,False,1,,,,,,,,,,,,,,,,,,,,,,,,
2525651,イエメンサッカー協会,48522,8496,False,1,,,,,,,,,,,,,,,,,,,,,,,,
2525658,シリアサッカー協会,48927,8560,False,1,,,,,,,,,,,,,,,,,,,,,,,,
2525662,イラクサッカー協会,72806,18983,False,1,77,0,0,0,27,6,1,11,2,0,0,0,0,20,1,0,1,0,1,6,0,0,1,0
2525774,クウェートサッカー協会,50356,9388,False,1,,,,,,,,,,,,,,,,,,,,,,,,
2525778,ヨルダンサッカー協会,48020,8505,False,1,,,,,,,,,,,,,,,,,,,,,,,,
2525780,レバノンサッカー連盟,48601,8541,False,1,22,0,0,0,3,4,1,5,2,0,0,0,0,2,0,0,1,0,1,2,0,0,1,0
2525785,シンガポールサッカー協会,59515,9736,False,1,,,,,,,,,,,,,,,,,,,,,,,,
2525989,東ティモールサッカー連盟,49311,8705,False,1,,,,,,,,,,,,,,,,,,,,,,,,
2526013,ミャンマーサッカー連盟,51073,9684,False,1,,,,,,,,,,,,,,,,,,,,,,,,
2526247,オマーンサッカー協会,48094,8521,False,1,,,,,,,,,,,,,,,,,,,,,,,,
2526249,パレスチナサッカー協会,50243,9386,False,1,,,,,,,,,,,,,,,,,,,,,,,,
2526360,パキスタンサッカー連盟,50402,8969,False,1,,,,,,,,,,,,,,,,,,,,,,,,
2526574,イラン・イスラム共和国サッカー連盟,65094,11902,False,1,38,0,0,0,8,2,2,7,2,0,0,0,0,5,2,0,1,0,1,5,0,0,1,2
2541675,スペシャルオリンピックス日本,33974,9447,False,1,,,,,,,,,,,,,,,,,,,,,,,,
2549169,日本近代五種協会,33619,9205,False,1,,,,,,,,,,,,,,,,,,,,,,,,
2549172,日本バイアスロン連盟,30523,7964,False,1,,,,,,,,,,,,,,,,,,,,,,,,
2552847,大日本居合道連盟,33202,10189,False,1,33,0,0,0,0,0,2,2,5,0,1,0,2,1,5,0,0,5,5,4,0,0,1,0
2553084,国際合気道連盟,23678,6366,False,0,,,,,,,,,,,,,,,,,,,,,,,,
2555013,ジャマイカサッカー連盟,47050,8305,False,1,18,0,0,0,4,2,1,1,2,0,0,0,0,2,0,0,1,0,2,2,0,0,1,0
2558567,北中米カリブ陸上競技連盟,57522,10523,False,0,,,,,,,,,,,,,,,,,,,,,,,,
2578809,中国オリンピック委員会,28200,8607,False,0,,,,,,,,,,,,,,,,,,,,,,,,
2579351,北アメリカサッカー連合,116198,13397,False,0,,,,,,,,,,,,,,,,,,,,,,,,
2579357,カリブ海サッカー連合,129505,15180,False,0,,,,,,,,,,,,,,,,,,,,,,,,
2583314,神奈川県川崎競馬組合,27867,8097,False,0,6,0,0,0,0,0,0,0,1,1,0,0,0,0,0,0,1,1,1,0,0,0,1,0
2595828,欧州水泳連盟,46179,11349,False,0,,,,,,,,,,,,,,,,,,,,,,,,
2600013,北アフリカサッカー連合,151260,15916,False,1,,,,,,,,,,,,,,,,,,,,,,,,
2600032,西アフリカサッカー連合,155836,16411,False,1,,,,,,,,,,,,,,,,,,,,,,,,
2600039,南部アフリカサッカー協会評議会,152393,16027,False,1,,,,,,,,,,,,,,,,,,,,,,,,
2600151,東部・中部アフリカサッカー協会評議会,147321,15045,False,1,,,,,,,,,,,,,,,,,,,,,,,,
2601373,ストリートダンス協会,31867,9097,False,1,31,0,0,0,0,0,2,3,2,0,0,0,0,2,5,0,1,9,3,2,0,2,0,0
2610541,国際コーフボール連盟,24829,6613,False,0,,,,,,,,,,,,,,,,,,,,,,,,
2610543,国際サーフィン連盟,22578,6110,False,0,,,,,,,,,,,,,,,,,,,,,,,,
2618241,ロンドンオリンピック・パラリンピック組織委員会,37441,10376,False,0,,,,,,,,,,,,,,,,,,,,,,,,
2633047,日本ペタンク・ブール連盟,34825,9811,False,1,58,0,0,0,5,2,1,2,2,0,0,0,2,2,12,0,1,8,7,2,0,2,1,9
2633091,日本スポーツ吹矢協会,31379,8665,False,0,,,,,,,,,,,,,,,,,,,,,,,,
2633111,日本キンボールスポーツ連盟,29556,8622,False,0,,,,,,,,,,,,,,,,,,,,,,,,
2634791,日本女子体育連盟,32270,8578,False,1,24,0,0,0,3,2,1,3,2,0,0,1,0,1,0,0,1,8,0,1,0,0,1,0
2634883,ツール・ド・北海道協会,28277,7883,False,1,21,0,0,0,0,0,0,3,1,0,0,0,0,0,3,0,1,7,3,1,0,1,1,0
2635824,全日本剣道道場連盟,34323,8923,False,2,,,,,,,,,,,,,,,,,,,,,,,,
2636386,日本躰道協会,29401,7509,False,1,,,,,,,,,,,,,,,,,,,,,,,,
2645436,プロスカッシュ協会,51097,9997,False,0,,,,,,,,,,,,,,,,,,,,,,,,
2647374,オセアニア大陸ハンドボール連盟,70899,10442,False,1,,,,,,,,,,,,,,,,,,,,,,,,
2647483,アフリカハンドボール連盟,158245,18170,False,1,,,,,,,,,,,,,,,,,,,,,,,,
2647522,パンアメリカンハンドボール連盟,92964,12000,False,1,,,,,,,,,,,,,,,,,,,,,,,,
2651697,国際フロアボール連盟,20807,5600,False,0,,,,,,,,,,,,,,,,,,,,,,,,
2652973,世界プロレス協会,41778,11138,False,0,33,0,0,0,10,0,0,0,1,0,13,0,0,1,2,0,0,0,3,2,0,0,1,0
2701975,米国バレーボール協会,29885,7718,False,0,28,0,0,0,4,4,0,8,1,0,0,0,0,1,2,0,0,2,4,1,0,0,0,1
2707334,イングランドアマチュアボクシング協会,47557,8506,False,1,,,,,,,,,,,,,,,,,,,,,,,,
2745097,メキシコ連邦区ボクシング・レスリング協会,42525,8047,False,0,,,,,,,,,,,,,,,,,,,,,,,,
2748872,日本列島プロレス連盟,37947,8523,False,0,,,,,,,,,,,,,,,,,,,,,,,,
2749860,日本武藝躰道本院,32903,8818,False,1,,,,,,,,,,,,,,,,,,,,,,,,
2764494,世界野球ソフトボール連盟,254923,44969,False,1,,,,,,,,,,,,,,,,,,,,,,,,
2766605,リーガ・デ・フトボル・プロフェシオナル,65364,16186,False,0,,,,,,,,,,,,,,,,,,,,,,,,
2771270,ジャパン・キックボクシング・イノベーション,46967,9026,False,0,,,,,,,,,,,,,,,,,,,,,,,,
2771284,アジア太平洋キックボクシング連盟,45231,8411,False,0,,,,,,,,,,,,,,,,,,,,,,,,
2771317,日本プロキックボクシング連盟,46383,8449,False,0,,,,,,,,,,,,,,,,,,,,,,,,
2772280,日本野球機構,124448,24481,False,1,88,0,13,0,2,13,1,14,1,0,0,0,0,2,15,0,1,8,8,5,0,0,1,4
2776544,世界雪豹キックボクシング連盟,45213,10089,False,1,29,0,0,0,0,1,0,10,2,0,0,0,0,2,4,0,1,1,1,6,0,1,0,0
2778219,マレーシアサッカー協会,80308,15972,False,1,65,0,0,0,7,3,3,16,2,0,2,0,0,4,12,0,2,3,3,3,0,0,1,4
2778237,キルギスサッカー連盟,53436,9596,False,1,34,0,0,0,4,3,2,8,2,0,0,0,0,2,7,0,1,2,1,2,0,0,0,0
2778281,トルクメニスタンサッカー連盟,61590,12789,False,1,,,,,,,,,,,,,,,,,,,,,,,,
2778852,ラオスサッカー連盟,56006,10126,False,1,,,,,,,,,,,,,,,,,,,,,,,,
2779249,全インドサッカー連盟,78397,20323,False,1,,,,,,,,,,,,,,,,,,,,,,,,
2792829,ブルネイオリンピック評議会,31994,8371,False,1,,,,,,,,,,,,,,,,,,,,,,,,
2792936,世界躰道連盟,22283,6277,False,0,,,,,,,,,,,,,,,,,,,,,,,,
2800803,日本知的障害者スキー協会,36993,11745,False,0,,,,,,,,,,,,,,,,,,,,,,,,
2808803,アジアバドミントン連盟,54759,10364,False,1,,,,,,,,,,,,,,,,,,,,,,,,
2817435,国際アラブ競馬連盟,36527,9017,False,0,,,,,,,,,,,,,,,,,,,,,,,,
2890771,日本バトン協会,27829,7552,False,0,,,,,,,,,,,,,,,,,,,,,,,,
2896175,南アメリカ陸上競技連盟,61536,10556,False,1,33,0,0,0,0,0,1,4,2,0,0,13,0,0,9,0,1,0,1,1,0,0,1,0
2897563,アルジェリアサッカー連盟,52849,8817,False,1,,,,,,,,,,,,,,,,,,,,,,,,
2897982,王立モロッコサッカー連盟,52781,8867,False,1,,,,,,,,,,,,,,,,,,,,,,,,
2898003,チュニジアサッカー連盟,55471,9252,False,1,27,0,0,0,0,1,0,10,1,0,0,0,0,5,1,0,1,2,1,5,0,0,0,0
2898054,リビアサッカー連盟,53381,9018,False,1,,,,,,,,,,,,,,,,,,,,,,,,
2898391,アフリカ陸上競技連盟,68500,11432,False,1,,,,,,,,,,,,,,,,,,,,,,,,
2918014,国際なぎなた連盟,34760,10711,False,1,,,,,,,,,,,,,,,,,,,,,,,,
2918322,東京オリンピック・パラリンピック競技大会組織委員会,151531,35105,False,1,,,,,,,,,,,,,,,,,,,,,,,,
2933727,全日本フルコンタクト空手道連盟,47385,14919,False,1,52,0,0,0,0,0,3,11,3,0,5,0,6,1,5,0,2,1,5,1,0,8,1,0
2938816,関東大学女子サッカー連盟,27775,7436,False,1,,,,,,,,,,,,,,,,,,,,,,,,
2945644,プロゴルフ協会,30056,9051,False,0,,,,,,,,,,,,,,,,,,,,,,,,
2958372,国際スポーツ振興協会,161863,38728,False,1,,,,,,,,,,,,,,,,,,,,,,,,
2968514,日本ブラインドゴルフ振興協会,90407,21783,False,1,,,,,,,,,,,,,,,,,,,,,,,,
2975534,世界ブラインドゴルフ協会,69956,16571,False,1,,,,,,,,,,,,,,,,,,,,,,,,
3020290,日本視覚障害ゴルファーズ協会,34740,10288,False,0,32,0,0,0,1,11,1,2,2,0,0,0,0,0,5,0,1,5,1,0,0,1,1,1
3029413,独立サッカー連盟,109807,16753,False,1,,,,,,,,,,,,,,,,,,,,,,,,
3033942,中央アメリカ・カリブ陸上競技連盟,69051,12187,False,1,,,,,,,,,,,,,,,,,,,,,,,,
3033943,中央アメリカ陸上競技連盟,54689,9566,False,1,,,,,,,,,,,,,,,,,,,,,,,,
3050164,日本独立リーグ野球機構,51918,12446,False,1,,,,,,,,,,,,,,,,,,,,,,,,
3062879,国際マラソン・ロードレース協会,34105,10510,False,1,,,,,,,,,,,,,,,,,,,,,,,,
3096573,ベルギーサッカー協会,73008,11311,False,0,,,,,,,,,,,,,,,,,,,,,,,,
3136626,中央アジアサッカー協会,281101,23996,False,1,,,,,,,,,,,,,,,,,,,,,,,,
3142950,リトアニア・バスケットボール連盟,31862,9137,False,0,,,,,,,,,,,,,,,,,,,,,,,,
3152602,東京六大学準硬式野球連盟,54575,16566,False,0,,,,,,,,,,,,,,,,,,,,,,,,
3204370,ルーマニアサッカー連盟,58462,9339,False,1,,,,,,,,,,,,,,,,,,,,,,,,
3204570,アイスランドサッカー協会,57109,9297,False,1,20,0,0,0,4,0,1,6,1,0,0,0,0,2,0,0,1,2,1,2,0,0,0,0
3204575,アルバニアサッカー連盟,58186,9210,False,1,22,0,0,0,6,0,1,5,1,0,0,0,0,3,0,0,1,1,1,3,0,0,0,0
3204579,アルメニアサッカー連盟,55954,9141,False,1,,,,,,,,,,,,,,,,,,,,,,,,
3204581,アンドラサッカー連盟,55118,9024,False,1,18,0,0,0,4,0,1,5,1,0,0,0,0,2,0,0,1,1,1,2,0,0,0,0
3205088,ジブラルタルサッカー協会,59340,10179,False,1,22,0,0,0,8,0,1,4,1,0,0,0,0,3,0,0,0,1,1,3,0,0,0,0
3205091,サンマリノサッカー連盟,56211,9139,False,1,,,,,,,,,,,,,,,,,,,,,,,,
3205096,エストニアサッカー協会,58992,9251,False,1,,,,,,,,,,,,,,,,,,,,,,,,
3205104,クロアチアサッカー連盟,57614,9229,False,1,,,,,,,,,,,,,,,,,,,,,,,,
3205108,カザフスタンサッカー連盟,55836,9202,False,1,,,,,,,,,,,,,,,,,,,,,,,,
3205120,ギリシャサッカー連盟,57491,9178,False,1,,,,,,,,,,,,,,,,,,,,,,,,
3205124,ジョージアサッカー連盟,57052,9707,False,1,28,0,0,0,7,0,1,5,1,0,0,0,0,5,0,0,1,2,1,5,0,0,0,0
3205334,マルタサッカー協会,57031,9200,False,1,,,,,,,,,,,,,,,,,,,,,,,,
3205338,モルドバサッカー連盟,56459,9122,False,1,,,,,,,,,,,,,,,,,,,,,,,,
3205343,リヒテンシュタインサッカー連盟,60092,9988,False,1,26,0,0,0,5,0,1,5,1,0,0,0,0,4,2,0,1,2,1,4,0,0,0,0
3205698,スロバキアサッカー協会,56929,9135,False,1,,,,,,,,,,,,,,,,,,,,,,,,
3205702,スロベニアサッカー協会,57511,9450,False,1,,,,,,,,,,,,,,,,,,,,,,,,
3205708,セルビアサッカー協会,58552,9331,False,1,,,,,,,,,,,,,,,,,,,,,,,,
3205711,チェコサッカー協会,57189,9093,False,1,,,,,,,,,,,,,,,,,,,,,,,,
3205713,ノルウェーサッカー協会,54866,8998,False,1,,,,,,,,,,,,,,,,,,,,,,,,
3205722,ポーランドサッカー協会,62302,9776,False,1,23,0,0,0,4,0,1,9,1,0,0,0,0,2,0,0,1,2,1,2,0,0,0,0
3205933,ベラルーシサッカー連盟,55790,9180,False,1,,,,,,,,,,,,,,,,,,,,,,,,
3205935,ブルガリアサッカー連合,56817,9058,False,1,16,0,0,0,4,0,1,3,1,0,0,0,0,2,0,0,1,1,1,2,0,0,0,0
3205937,ハンガリーサッカー連盟,56725,9333,False,1,,,,,,,,,,,,,,,,,,,,,,,,
3205941,フェロー諸島サッカー協会,58861,9315,False,1,18,0,0,0,4,0,1,5,1,0,0,0,0,2,0,0,1,1,1,2,0,0,0,0
3205942,ボスニア・ヘルツェゴビナサッカー連盟,62336,9805,False,1,19,0,0,0,6,0,1,3,1,0,0,0,0,2,0,0,1,1,1,3,0,0,0,0
3206118,リトアニアサッカー連盟,56542,9134,False,1,,,,,,,,,,,,,,,,,,,,,,,,
3206120,ルクセンブルクサッカー連盟,56646,9292,False,1,,,,,,,,,,,,,,,,,,,,,,,,
3206636,日本ビーチサッカー連盟,65680,11027,False,1,26,0,0,0,2,3,0,2,2,0,0,0,3,0,3,0,1,0,2,6,0,1,1,0
3216646,ジョージアラグビー協会,41409,8531,False,1,,,,,,,,,,,,,,,,,,,,,,,,
3224430,国際サッカー連盟総会,59363,12209,False,0,3,0,0,0,0,0,0,1,0,0,0,0,0,0,0,0,0,1,0,0,0,0,1,0
3232782,世界プロフェッショナルビリヤード・スヌーカー連盟,26635,6841,False,0,,,,,,,,,,,,,,,,,,,,,,,,
3249653,レディース・ゴルフ・ユニオン,28260,7610,False,0,,,,,,,,,,,,,,,,,,,,,,,,
3261105,群馬県サッカー協会,47708,8604,False,1,,,,,,,,,,,,,,,,,,,,,,,,
3262230,世界ボウリング連盟,24228,6906,False,0,,,,,,,,,,,,,,,,,,,,,,,,
3284318,埼玉県サッカー協会,47866,8608,False,1,,,,,,,,,,,,,,,,,,,,,,,,
3289775,韓国女子プロゴルフ協会,39292,9121,False,0,26,0,0,0,2,0,0,2,1,0,0,0,0,2,9,0,0,5,1,2,0,0,0,2
3291303,アイルランドラグビー協会,28808,7608,False,0,19,0,0,0,4,1,0,2,1,0,0,0,0,1,0,0,2,2,2,4,0,0,0,0
3300573,世界モータースポーツ評議会,24347,6769,False,0,,,,,,,,,,,,,,,,,,,,,,,,
3318153,ニュージーランドラグビー協会,38174,12144,False,1,,,,,,,,,,,,,,,,,,,,,,,,
3330803,ヨーロッパ自転車競技連合,26451,7165,False,1,,,,,,,,,,,,,,,,,,,,,,,,
3338180,国際ローラースポーツ連盟,27313,7411,False,0,,,,,,,,,,,,,,,,,,,,,,,,
3381040,コソボサッカー連盟,68464,13084,False,1,,,,,,,,,,,,,,,,,,,,,,,,
3397374,日本プロテニス協会,37133,8996,False,1,,,,,,,,,,,,,,,,,,,,,,,,
3400416,全日本大学ソフトボール連盟,27735,7135,False,0,11,0,0,0,1,0,0,0,0,0,0,0,0,1,3,0,0,1,2,1,0,1,1,0
3415424,国際総合格闘技連盟,46407,12755,False,1,,,,,,,,,,,,,,,,,,,,,,,,
3441329,世界組手連盟,26773,7804,False,0,,,,,,,,,,,,,,,,,,,,,,,,
3449400,全日本学生剣道連盟,30225,8408,False,1,,,,,,,,,,,,,,,,,,,,,,,,
3453291,朝鮮民主主義人民共和国オリンピック委員会,50118,11137,False,1,,,,,,,,,,,,,,,,,,,,,,,,
3495590,全日本実業団自転車競技連盟,28436,7593,False,1,17,0,0,0,1,0,1,3,2,0,0,0,0,1,5,0,1,1,1,1,0,0,0,0
3496094,日本居合道連盟,24686,6759,False,1,,,,,,,,,,,,,,,,,,,,,,,,
3509614,東都大学準硬式野球連盟,86085,29504,False,1,124,0,0,0,0,1,1,1,3,0,0,0,81,1,27,0,0,1,5,1,0,0,1,1
3531497,日本パワーボート協会,27625,7087,False,0,16,0,0,0,2,0,0,2,0,0,0,0,0,1,2,0,0,3,4,1,0,0,1,0
3534114,韓国野球委員会,28353,7247,False,1,,,,,,,,,,,,,,,,,,,,,,,,
3543709,国際ラグビーリーグ連盟,32598,8495,False,1,,,,,,,,,,,,,,,,,,,,,,,,
3551952,スポーツカークラブ・オブ・アメリカ,30661,7947,False,1,,,,,,,,,,,,,,,,,,,,,,,,
3557007,日本障がい者サッカー連盟,93476,18737,False,1,,,,,,,,,,,,,,,,,,,,,,,,
3565770,日本ブラインドサッカー協会,67509,20439,False,1,,,,,,,,,,,,,,,,,,,,,,,,
3578560,全日本学生柔道連盟,170736,22918,False,1,,,,,,,,,,,,,,,,,,,,,,,,
3586993,全日本槍道連盟,25364,6690,False,1,,,,,,,,,,,,,,,,,,,,,,,,
3592727,日本社会人バスケットボール連盟,71827,13487,False,1,,,,,,,,,,,,,,,,,,,,,,,,
